2026-08-21T04:23:07.778882Z  INFO herdr::platform::macos: raised server file descriptor soft limit previous=256 target=8192
2026-08-21T04:23:07.779464Z  INFO herdr::api::server: api server listening path=/Users/wqin/.config/herdr/herdr.sock
2026-08-21T04:23:07.780875Z  INFO herdr::app: using pane scrollback configuration pane_scrollback_limit_bytes=10000000
2026-08-21T04:23:07.808858Z  INFO herdr::logging: checking for updates event="update.check.start" subsystem="update" outcome="started"
2026-08-21T04:23:07.816349Z  INFO herdr::logging: spawning pane terminal event="pane.spawn.start" subsystem="pane" outcome="started" pane_id=1 rows=40 cols=120 scrollback_limit_bytes=10000000
2026-08-21T04:23:07.818619Z  INFO herdr::logging: pane child spawned event="pane.spawned" subsystem="pane" outcome="ok" pane_id=1 pid=29702
2026-08-21T04:23:07.818923Z  INFO herdr::logging: workspace created event="workspace.create" subsystem="workspace" outcome="ok" workspace_id="w1" pane_id=1
2026-08-21T04:23:07.818936Z  INFO herdr::logging: workspace focused event="workspace.focus" subsystem="workspace" outcome="ok" workspace_id="w1"
2026-08-21T04:23:07.818993Z  INFO herdr::logging: tab focused event="tab.focus" subsystem="tab" outcome="ok" workspace_id="w1" tab_id="w1:t1"
2026-08-21T04:23:07.819023Z  INFO herdr::server::headless: created startup workspace cwd=/Users/wqin
2026-08-21T04:23:07.819129Z  INFO herdr::server::headless: client protocol socket listening path=/Users/wqin/.config/herdr/herdr-client.sock
2026-08-21T04:23:07.819149Z  INFO herdr::server::headless: herdr server started api_socket=/Users/wqin/.config/herdr/herdr.sock client_socket=/Users/wqin/.config/herdr/herdr-client.sock
2026-08-21T04:23:07.819407Z  INFO herdr::logging: herdr starting event="app.startup" subsystem="server" outcome="started" pid=29697
2026-08-21T04:23:08.074053Z  INFO herdr::server::headless: client connected client_id=2 cols=224 rows=54 cell_width_px=0 cell_height_px=0 render_encoding=SemanticFrame
2026-08-21T04:23:12.822431Z  INFO herdr::logging: session saved event="persist.save" subsystem="persist" outcome="ok" path=/Users/wqin/.config/herdr/session.json workspaces=1
2026-08-21T04:23:23.258370Z  INFO herdr::logging: session saved event="persist.save" subsystem="persist" outcome="ok" path=/Users/wqin/.config/herdr/session.json workspaces=1
2026-08-21T04:25:12.674308Z  INFO herdr::logging: spawning pane terminal event="pane.spawn.start" subsystem="pane" outcome="started" pane_id=2 rows=53 cols=198 scrollback_limit_bytes=10000000
2026-08-21T04:25:12.681037Z  INFO herdr::logging: pane child spawned event="pane.spawned" subsystem="pane" outcome="ok" pane_id=2 pid=31534
2026-08-21T04:25:12.681378Z  INFO herdr::logging: tab focused event="tab.focus" subsystem="tab" outcome="ok" workspace_id="w1" tab_id="w1:t1"
2026-08-21T04:25:16.602417Z  INFO herdr::logging: tab focused event="tab.focus" subsystem="tab" outcome="ok" workspace_id="w1" tab_id="w1:t1"
2026-08-21T04:25:16.603101Z  INFO herdr::logging: spawning pane terminal event="pane.spawn.start" subsystem="pane" outcome="started" pane_id=3 rows=53 cols=99 scrollback_limit_bytes=10000000
2026-08-21T04:25:16.610725Z  INFO herdr::logging: pane child spawned event="pane.spawned" subsystem="pane" outcome="ok" pane_id=3 pid=31621
2026-08-21T04:25:16.611042Z  INFO herdr::logging: tab focused event="tab.focus" subsystem="tab" outcome="ok" workspace_id="w1" tab_id="w1:t1"
2026-08-21T04:25:24.729854Z  INFO herdr::logging: session saved event="persist.save" subsystem="persist" outcome="ok" path=/Users/wqin/.config/herdr/session.json workspaces=1
2026-08-21T04:25:25.910556Z  INFO herdr::logging: pane child exited event="pane.exit" subsystem="pane" outcome="completed" pane_id=3 status="ExitStatus { code: 1, signal: None }"
2026-08-21T04:25:25.934002Z  INFO herdr::pane: pane session terminated pane=3 pid=31621 signal=Hangup
2026-08-21T04:25:25.934649Z  WARN herdr::app::actions: PaneDied for unknown pane pane=3
2026-08-21T04:25:30.141457Z  INFO herdr::logging: tab focused event="tab.focus" subsystem="tab" outcome="ok" workspace_id="w1" tab_id="w1:t1"
2026-08-21T04:25:30.142292Z  INFO herdr::logging: spawning pane terminal event="pane.spawn.start" subsystem="pane" outcome="started" pane_id=4 rows=53 cols=99 scrollback_limit_bytes=10000000
2026-08-21T04:25:30.148838Z  INFO herdr::logging: pane child spawned event="pane.spawned" subsystem="pane" outcome="ok" pane_id=4 pid=31940
2026-08-21T04:25:30.149144Z  INFO herdr::logging: tab focused event="tab.focus" subsystem="tab" outcome="ok" workspace_id="w1" tab_id="w1:t1"
2026-08-21T04:25:40.847999Z  INFO herdr::logging: session saved event="persist.save" subsystem="persist" outcome="ok" path=/Users/wqin/.config/herdr/session.json workspaces=1
2026-08-21T04:25:55.731870Z  INFO herdr::logging: workspace focused event="workspace.focus" subsystem="workspace" outcome="ok" workspace_id="w1"
2026-08-21T04:25:55.732085Z  INFO herdr::logging: tab focused event="tab.focus" subsystem="tab" outcome="ok" workspace_id="w1" tab_id="w1:t1"
2026-08-21T04:25:55.732240Z  INFO herdr::logging: tab focused event="tab.focus" subsystem="tab" outcome="ok" workspace_id="w1" tab_id="w1:t1"
2026-08-21T04:26:00.736631Z  INFO herdr::logging: session saved event="persist.save" subsystem="persist" outcome="ok" path=/Users/wqin/.config/herdr/session.json workspaces=1
2026-08-21T04:26:04.463334Z  INFO herdr::logging: tab renamed event="tab.rename" subsystem="tab" outcome="ok" workspace_id="w1" tab_id="w1:t1"
2026-08-21T04:26:05.898352Z  INFO herdr::logging: tab focused event="tab.focus" subsystem="tab" outcome="ok" workspace_id="w1" tab_id="w1:t1"
2026-08-21T04:26:10.851631Z  INFO herdr::logging: tab focused event="tab.focus" subsystem="tab" outcome="ok" workspace_id="w1" tab_id="w1:t1"
2026-08-21T04:26:11.540419Z  INFO herdr::logging: tab focused event="tab.focus" subsystem="tab" outcome="ok" workspace_id="w1" tab_id="w1:t1"
2026-08-21T04:26:16.545077Z  INFO herdr::logging: session saved event="persist.save" subsystem="persist" outcome="ok" path=/Users/wqin/.config/herdr/session.json workspaces=1
2026-08-21T04:26:20.744321Z  INFO herdr::logging: workspace focused event="workspace.focus" subsystem="workspace" outcome="ok" workspace_id="w1"
2026-08-21T04:26:20.744410Z  INFO herdr::logging: tab focused event="tab.focus" subsystem="tab" outcome="ok" workspace_id="w1" tab_id="w1:t1"
2026-08-21T04:26:25.748729Z  INFO herdr::logging: session saved event="persist.save" subsystem="persist" outcome="ok" path=/Users/wqin/.config/herdr/session.json workspaces=1
2026-08-21T04:26:34.331827Z  INFO herdr::logging: workspace renamed event="workspace.rename" subsystem="workspace" outcome="ok" workspace_id="w1"
2026-08-21T04:26:46.631189Z  INFO herdr::logging: session saved event="persist.save" subsystem="persist" outcome="ok" path=/Users/wqin/.config/herdr/session.json workspaces=1
2026-08-21T04:30:05.658347Z  INFO herdr::logging: workspace focused event="workspace.focus" subsystem="workspace" outcome="ok" workspace_id="w1"
2026-08-21T04:30:05.659462Z  INFO herdr::logging: tab focused event="tab.focus" subsystem="tab" outcome="ok" workspace_id="w1" tab_id="w1:t1"
2026-08-21T04:30:10.663518Z  INFO herdr::logging: session saved event="persist.save" subsystem="persist" outcome="ok" path=/Users/wqin/.config/herdr/session.json workspaces=1
2026-08-21T04:30:23.218541Z  INFO herdr::logging: spawning pane terminal event="pane.spawn.start" subsystem="pane" outcome="started" pane_id=5 rows=53 cols=106 scrollback_limit_bytes=10000000
2026-08-21T04:30:23.225199Z  INFO herdr::logging: pane child spawned event="pane.spawned" subsystem="pane" outcome="ok" pane_id=5 pid=37802
2026-08-21T04:30:23.225554Z  INFO herdr::logging: tab renamed event="tab.rename" subsystem="tab" outcome="ok" workspace_id="w1" tab_id="w1:t2"
2026-08-21T04:30:23.225588Z  INFO herdr::logging: tab focused event="tab.focus" subsystem="tab" outcome="ok" workspace_id="w1" tab_id="w1:t2"
2026-08-21T04:30:25.213484Z  INFO herdr::logging: tab focused event="tab.focus" subsystem="tab" outcome="ok" workspace_id="w1" tab_id="w1:t1"
2026-08-21T04:30:30.217051Z  INFO herdr::logging: session saved event="persist.save" subsystem="persist" outcome="ok" path=/Users/wqin/.config/herdr/session.json workspaces=1
2026-08-21T04:30:33.081547Z  INFO herdr::logging: pane child exited event="pane.exit" subsystem="pane" outcome="completed" pane_id=1 status="ExitStatus { code: 1, signal: None }"
2026-08-21T04:30:33.104279Z  INFO herdr::pane: pane session terminated pane=1 pid=29702 signal=Hangup
2026-08-21T04:30:33.104993Z  WARN herdr::app::actions: PaneDied for unknown pane pane=1
2026-08-21T04:30:41.860164Z  INFO herdr::logging: tab focused event="tab.focus" subsystem="tab" outcome="ok" workspace_id="w1" tab_id="w1:t1"
2026-08-21T04:30:41.861303Z  INFO herdr::logging: spawning pane terminal event="pane.spawn.start" subsystem="pane" outcome="started" pane_id=6 rows=11 cols=198 scrollback_limit_bytes=10000000
2026-08-21T04:30:41.870043Z  INFO herdr::logging: pane child spawned event="pane.spawned" subsystem="pane" outcome="ok" pane_id=6 pid=38450
2026-08-21T04:30:41.870370Z  INFO herdr::logging: tab focused event="tab.focus" subsystem="tab" outcome="ok" workspace_id="w1" tab_id="w1:t1"
2026-08-21T04:30:46.873303Z  INFO herdr::logging: session saved event="persist.save" subsystem="persist" outcome="ok" path=/Users/wqin/.config/herdr/session.json workspaces=1
2026-08-21T04:30:50.656908Z  INFO herdr::logging: tab focused event="tab.focus" subsystem="tab" outcome="ok" workspace_id="w1" tab_id="w1:t2"
2026-08-21T04:30:52.270757Z  INFO herdr::logging: tab focused event="tab.focus" subsystem="tab" outcome="ok" workspace_id="w1" tab_id="w1:t1"
2026-08-21T04:30:52.734656Z  INFO herdr::logging: tab focused event="tab.focus" subsystem="tab" outcome="ok" workspace_id="w1" tab_id="w1:t2"
2026-08-21T04:30:57.739176Z  INFO herdr::logging: session saved event="persist.save" subsystem="persist" outcome="ok" path=/Users/wqin/.config/herdr/session.json workspaces=1
2026-08-21T04:31:05.423506Z  INFO herdr::logging: tab focused event="tab.focus" subsystem="tab" outcome="ok" workspace_id="w1" tab_id="w1:t1"
2026-08-21T04:31:09.538048Z  INFO herdr::logging: pane child exited event="pane.exit" subsystem="pane" outcome="completed" pane_id=6 status="ExitStatus { code: 1, signal: None }"
2026-08-21T04:31:09.558701Z  INFO herdr::pane: pane session terminated pane=6 pid=38450 signal=Hangup
2026-08-21T04:31:09.559149Z  WARN herdr::app::actions: PaneDied for unknown pane pane=6
2026-08-21T04:31:12.047458Z  INFO herdr::logging: tab focused event="tab.focus" subsystem="tab" outcome="ok" workspace_id="w1" tab_id="w1:t1"
2026-08-21T04:31:12.048220Z  INFO herdr::logging: spawning pane terminal event="pane.spawn.start" subsystem="pane" outcome="started" pane_id=7 rows=10 cols=198 scrollback_limit_bytes=10000000
2026-08-21T04:31:12.054475Z  INFO herdr::logging: pane child spawned event="pane.spawned" subsystem="pane" outcome="ok" pane_id=7 pid=39493
2026-08-21T04:31:12.054783Z  INFO herdr::logging: tab focused event="tab.focus" subsystem="tab" outcome="ok" workspace_id="w1" tab_id="w1:t1"
2026-08-21T04:31:29.155878Z  INFO herdr::logging: session saved event="persist.save" subsystem="persist" outcome="ok" path=/Users/wqin/.config/herdr/session.json workspaces=1
2026-08-21T04:31:31.530410Z  INFO herdr::logging: tab focused event="tab.focus" subsystem="tab" outcome="ok" workspace_id="w1" tab_id="w1:t1"
2026-08-21T04:31:31.531169Z  INFO herdr::logging: spawning pane terminal event="pane.spawn.start" subsystem="pane" outcome="started" pane_id=8 rows=9 cols=198 scrollback_limit_bytes=10000000
2026-08-21T04:31:31.538823Z  INFO herdr::logging: pane child spawned event="pane.spawned" subsystem="pane" outcome="ok" pane_id=8 pid=40095
2026-08-21T04:31:31.539262Z  INFO herdr::logging: tab focused event="tab.focus" subsystem="tab" outcome="ok" workspace_id="w1" tab_id="w1:t1"
2026-08-21T04:31:39.223911Z  INFO herdr::logging: tab focused event="tab.focus" subsystem="tab" outcome="ok" workspace_id="w1" tab_id="w1:t2"
2026-08-21T04:31:44.227781Z  INFO herdr::logging: session saved event="persist.save" subsystem="persist" outcome="ok" path=/Users/wqin/.config/herdr/session.json workspaces=1
2026-08-21T04:31:51.189167Z  INFO herdr::logging: spawning pane terminal event="pane.spawn.start" subsystem="pane" outcome="started" pane_id=9 rows=53 cols=198 scrollback_limit_bytes=10000000
2026-08-21T04:31:51.196247Z  INFO herdr::logging: pane child spawned event="pane.spawned" subsystem="pane" outcome="ok" pane_id=9 pid=40715
2026-08-21T04:31:51.196693Z  INFO herdr::logging: tab focused event="tab.focus" subsystem="tab" outcome="ok" workspace_id="w1" tab_id="w1:t2"
2026-08-21T04:31:55.058894Z  INFO herdr::logging: workspace focused event="workspace.focus" subsystem="workspace" outcome="ok" workspace_id="w1"
2026-08-21T04:31:55.059082Z  INFO herdr::logging: tab focused event="tab.focus" subsystem="tab" outcome="ok" workspace_id="w1" tab_id="w1:t2"
2026-08-21T04:31:55.059146Z  INFO herdr::logging: tab focused event="tab.focus" subsystem="tab" outcome="ok" workspace_id="w1" tab_id="w1:t2"
2026-08-21T04:32:00.062165Z  INFO herdr::logging: session saved event="persist.save" subsystem="persist" outcome="ok" path=/Users/wqin/.config/herdr/session.json workspaces=1
2026-08-21T04:32:05.453831Z  INFO herdr::logging: tab renamed event="tab.rename" subsystem="tab" outcome="ok" workspace_id="w1" tab_id="w1:t2"
2026-08-21T04:32:10.793956Z  INFO herdr::logging: tab focused event="tab.focus" subsystem="tab" outcome="ok" workspace_id="w1" tab_id="w1:t1"
2026-08-21T04:32:15.798271Z  INFO herdr::logging: session saved event="persist.save" subsystem="persist" outcome="ok" path=/Users/wqin/.config/herdr/session.json workspaces=1
2026-08-21T05:42:13.474941Z  INFO herdr::platform::macos: raised server file descriptor soft limit previous=256 target=8192
2026-08-21T05:42:13.475730Z  INFO herdr::api::server: api server listening path=/Users/wqin/.config/herdr/herdr.sock
2026-08-21T05:42:13.476708Z  INFO herdr::logging: spawning pane terminal event="pane.spawn.start" subsystem="pane" outcome="started" pane_id=1 rows=24 cols=80 scrollback_limit_bytes=10000000
2026-08-21T05:42:13.479334Z  INFO herdr::logging: pane child spawned event="pane.spawned" subsystem="pane" outcome="ok" pane_id=1 pid=14024
2026-08-21T05:42:13.479590Z  INFO herdr::logging: spawning pane terminal event="pane.spawn.start" subsystem="pane" outcome="started" pane_id=2 rows=24 cols=80 scrollback_limit_bytes=10000000
2026-08-21T05:42:13.480927Z  INFO herdr::logging: pane child spawned event="pane.spawned" subsystem="pane" outcome="ok" pane_id=2 pid=14025
2026-08-21T05:42:13.481070Z  INFO herdr::logging: spawning pane terminal event="pane.spawn.start" subsystem="pane" outcome="started" pane_id=3 rows=24 cols=80 scrollback_limit_bytes=10000000
2026-08-21T05:42:13.483058Z  INFO herdr::logging: pane child spawned event="pane.spawned" subsystem="pane" outcome="ok" pane_id=3 pid=14026
2026-08-21T05:42:13.483236Z  INFO herdr::logging: spawning pane terminal event="pane.spawn.start" subsystem="pane" outcome="started" pane_id=4 rows=24 cols=80 scrollback_limit_bytes=10000000
2026-08-21T05:42:13.484863Z  INFO herdr::logging: pane child spawned event="pane.spawned" subsystem="pane" outcome="ok" pane_id=4 pid=14027
2026-08-21T05:42:13.484988Z  INFO herdr::logging: spawning pane terminal event="pane.spawn.start" subsystem="pane" outcome="started" pane_id=5 rows=24 cols=80 scrollback_limit_bytes=10000000
2026-08-21T05:42:13.486245Z  INFO herdr::logging: pane child spawned event="pane.spawned" subsystem="pane" outcome="ok" pane_id=5 pid=14028
2026-08-21T05:42:13.486375Z  INFO herdr::logging: spawning pane terminal event="pane.spawn.start" subsystem="pane" outcome="started" pane_id=6 rows=24 cols=80 scrollback_limit_bytes=10000000
2026-08-21T05:42:13.487873Z  INFO herdr::logging: pane child spawned event="pane.spawned" subsystem="pane" outcome="ok" pane_id=6 pid=14029
2026-08-21T05:42:13.488097Z  INFO herdr::logging: session restore evaluated event="persist.restore" subsystem="persist" outcome="ok" workspaces=1
2026-08-21T05:42:13.488126Z  INFO herdr::app: using pane scrollback configuration pane_scrollback_limit_bytes=10000000
2026-08-21T05:42:13.508422Z  INFO herdr::logging: checking for updates event="update.check.start" subsystem="update" outcome="started"
2026-08-21T05:42:13.521312Z  INFO herdr::server::headless: client protocol socket listening path=/Users/wqin/.config/herdr/herdr-client.sock
2026-08-21T05:42:13.521360Z  INFO herdr::server::headless: herdr server started api_socket=/Users/wqin/.config/herdr/herdr.sock client_socket=/Users/wqin/.config/herdr/herdr-client.sock
2026-08-21T05:42:13.521959Z  INFO herdr::logging: herdr starting event="app.startup" subsystem="server" outcome="started" pid=14023
2026-08-21T05:42:13.525030Z  INFO herdr::server::headless: client connected client_id=2 cols=224 rows=54 cell_width_px=0 cell_height_px=0 render_encoding=SemanticFrame
2026-08-21T05:43:22.349823Z  INFO herdr::logging: tab focused event="tab.focus" subsystem="tab" outcome="ok" workspace_id="w1" tab_id="w1:t1"
2026-08-21T05:43:23.039328Z  INFO herdr::logging: tab focused event="tab.focus" subsystem="tab" outcome="ok" workspace_id="w1" tab_id="w1:t2"
2026-08-21T05:43:23.751216Z  INFO herdr::logging: tab focused event="tab.focus" subsystem="tab" outcome="ok" workspace_id="w1" tab_id="w1:t2"
2026-08-21T05:43:24.515667Z  INFO herdr::logging: tab focused event="tab.focus" subsystem="tab" outcome="ok" workspace_id="w1" tab_id="w1:t1"
2026-08-21T05:43:27.253852Z  INFO herdr::logging: tab focused event="tab.focus" subsystem="tab" outcome="ok" workspace_id="w1" tab_id="w1:t2"
2026-08-21T05:43:28.066213Z  INFO herdr::logging: tab focused event="tab.focus" subsystem="tab" outcome="ok" workspace_id="w1" tab_id="w1:t1"
2026-08-21T05:43:33.070178Z  INFO herdr::logging: session saved event="persist.save" subsystem="persist" outcome="ok" path=/Users/wqin/.config/herdr/session.json workspaces=1
2026-08-21T06:02:18.652211Z  INFO herdr::logging: spawning pane terminal event="pane.spawn.start" subsystem="pane" outcome="started" pane_id=7 rows=9 cols=134 scrollback_limit_bytes=10000000
2026-08-21T06:02:18.660047Z  INFO herdr::logging: pane child spawned event="pane.spawned" subsystem="pane" outcome="ok" pane_id=7 pid=33137
2026-08-21T06:02:18.660717Z  INFO herdr::logging: workspace created event="workspace.create" subsystem="workspace" outcome="ok" workspace_id="w2" pane_id=7
2026-08-21T06:02:18.660754Z  INFO herdr::logging: workspace focused event="workspace.focus" subsystem="workspace" outcome="ok" workspace_id="w2"
2026-08-21T06:02:18.660804Z  INFO herdr::logging: tab focused event="tab.focus" subsystem="tab" outcome="ok" workspace_id="w2" tab_id="w2:t1"
2026-08-21T06:02:22.579466Z  INFO herdr::logging: workspace closed event="workspace.close" subsystem="workspace" outcome="ok" workspace_id="w2"
2026-08-21T06:02:22.581775Z  INFO herdr::logging: pane child exited event="pane.exit" subsystem="pane" outcome="completed" pane_id=7 status="ExitStatus { code: 1, signal: None }"
2026-08-21T06:02:22.601038Z  INFO herdr::pane: pane session terminated pane=7 pid=33137 signal=Hangup
2026-08-21T06:02:22.601528Z  WARN herdr::app::actions: PaneDied for unknown pane pane=7
2026-08-21T06:02:27.618993Z  INFO herdr::logging: session saved event="persist.save" subsystem="persist" outcome="ok" path=/Users/wqin/.config/herdr/session.json workspaces=1
2026-08-21T06:02:52.607706Z  INFO herdr::logging: tab focused event="tab.focus" subsystem="tab" outcome="ok" workspace_id="w1" tab_id="w1:t2"
2026-08-21T06:02:53.402047Z  INFO herdr::logging: tab focused event="tab.focus" subsystem="tab" outcome="ok" workspace_id="w1" tab_id="w1:t1"
2026-08-21T06:02:53.942727Z  INFO herdr::logging: tab focused event="tab.focus" subsystem="tab" outcome="ok" workspace_id="w1" tab_id="w1:t2"
2026-08-21T06:02:58.947666Z  INFO herdr::logging: session saved event="persist.save" subsystem="persist" outcome="ok" path=/Users/wqin/.config/herdr/session.json workspaces=1
2026-08-21T06:03:09.894645Z  INFO herdr::logging: session saved event="persist.save" subsystem="persist" outcome="ok" path=/Users/wqin/.config/herdr/session.json workspaces=1
2026-08-21T06:03:16.927646Z  INFO herdr::logging: tab focused event="tab.focus" subsystem="tab" outcome="ok" workspace_id="w1" tab_id="w1:t2"
2026-08-21T06:03:21.932161Z  INFO herdr::logging: session saved event="persist.save" subsystem="persist" outcome="ok" path=/Users/wqin/.config/herdr/session.json workspaces=1
2026-08-21T06:03:24.632631Z  INFO herdr::server::headless: client detach requested via keybind client_id=2
2026-08-21T06:03:24.654247Z  INFO herdr::server::headless: client disconnected client_id=2
2026-08-21T06:03:31.959710Z  INFO herdr::server::headless: client connected client_id=4 cols=224 rows=54 cell_width_px=0 cell_height_px=0 render_encoding=SemanticFrame
2026-08-21T06:03:42.125730Z  INFO herdr::logging: workspace focused event="workspace.focus" subsystem="workspace" outcome="ok" workspace_id="w1"
2026-08-21T06:03:42.125818Z  INFO herdr::logging: tab focused event="tab.focus" subsystem="tab" outcome="ok" workspace_id="w1" tab_id="w1:t2"
2026-08-21T06:03:42.666295Z  INFO herdr::logging: workspace focused event="workspace.focus" subsystem="workspace" outcome="ok" workspace_id="w1"
2026-08-21T06:03:42.666430Z  INFO herdr::logging: tab focused event="tab.focus" subsystem="tab" outcome="ok" workspace_id="w1" tab_id="w1:t2"
2026-08-21T06:03:49.657564Z  INFO herdr::logging: session saved event="persist.save" subsystem="persist" outcome="ok" path=/Users/wqin/.config/herdr/session.json workspaces=1
2026-08-21T06:04:31.325552Z  INFO herdr::logging: tab focused event="tab.focus" subsystem="tab" outcome="ok" workspace_id="w1" tab_id="w1:t2"
2026-08-21T06:04:36.330133Z  INFO herdr::logging: session saved event="persist.save" subsystem="persist" outcome="ok" path=/Users/wqin/.config/herdr/session.json workspaces=1
2026-08-21T06:04:39.939424Z  INFO herdr::server::headless: client detach requested via keybind client_id=4
2026-08-21T06:04:39.961604Z  INFO herdr::server::headless: client disconnected client_id=4
2026-08-21T06:12:13.621343Z  INFO herdr::logging: checking for updates event="update.check.start" subsystem="update" outcome="started"
2026-08-21T06:42:13.667818Z  INFO herdr::logging: checking for updates event="update.check.start" subsystem="update" outcome="started"
2026-08-21T07:12:13.692080Z  INFO herdr::logging: checking for updates event="update.check.start" subsystem="update" outcome="started"
2026-08-21T07:42:13.685456Z  INFO herdr::logging: checking for updates event="update.check.start" subsystem="update" outcome="started"
2026-08-21T08:12:13.719960Z  INFO herdr::logging: checking for updates event="update.check.start" subsystem="update" outcome="started"
2026-08-21T08:42:13.670610Z  INFO herdr::logging: checking for updates event="update.check.start" subsystem="update" outcome="started"
2026-08-21T09:07:49.013833Z  INFO herdr::server::headless: client connected client_id=6 cols=224 rows=54 cell_width_px=0 cell_height_px=0 render_encoding=SemanticFrame
2026-08-21T09:08:16.486646Z  INFO herdr::logging: workspace closed event="workspace.close" subsystem="workspace" outcome="ok" workspace_id="w1"
2026-08-21T09:08:16.490797Z  INFO herdr::logging: pane child exited event="pane.exit" subsystem="pane" outcome="completed" pane_id=4 status="ExitStatus { code: 1, signal: None }"
2026-08-21T09:08:16.509420Z  INFO herdr::pane: pane session terminated pane=4 pid=14027 signal=Hangup
2026-08-21T09:08:16.511732Z  INFO herdr::logging: pane child exited event="pane.exit" subsystem="pane" outcome="completed" pane_id=2 status="ExitStatus { code: 1, signal: None }"
2026-08-21T09:08:16.534847Z  INFO herdr::pane: pane session terminated pane=2 pid=14025 signal=Hangup
2026-08-21T09:08:16.537080Z  INFO herdr::logging: pane child exited event="pane.exit" subsystem="pane" outcome="completed" pane_id=1 status="ExitStatus { code: 1, signal: None }"
2026-08-21T09:08:16.555798Z  INFO herdr::pane: pane session terminated pane=1 pid=14024 signal=Hangup
2026-08-21T09:08:16.558406Z  INFO herdr::logging: pane child exited event="pane.exit" subsystem="pane" outcome="completed" pane_id=3 status="ExitStatus { code: 1, signal: None }"
2026-08-21T09:08:16.581460Z  INFO herdr::pane: pane session terminated pane=3 pid=14026 signal=Hangup
2026-08-21T09:08:16.584019Z  INFO herdr::logging: pane child exited event="pane.exit" subsystem="pane" outcome="completed" pane_id=5 status="ExitStatus { code: 1, signal: None }"
2026-08-21T09:08:16.605553Z  INFO herdr::pane: pane session terminated pane=5 pid=14028 signal=Hangup
2026-08-21T09:08:16.608074Z  INFO herdr::logging: pane child exited event="pane.exit" subsystem="pane" outcome="completed" pane_id=6 status="ExitStatus { code: 1, signal: None }"
2026-08-21T09:08:16.631232Z  INFO herdr::pane: pane session terminated pane=6 pid=14029 signal=Hangup
2026-08-21T09:08:16.631475Z  WARN herdr::app::actions: PaneDied for unknown pane pane=4
2026-08-21T09:08:16.631485Z  WARN herdr::app::actions: PaneDied for unknown pane pane=2
2026-08-21T09:08:16.631488Z  WARN herdr::app::actions: PaneDied for unknown pane pane=1
2026-08-21T09:08:16.631491Z  WARN herdr::app::actions: PaneDied for unknown pane pane=3
2026-08-21T09:08:16.631493Z  WARN herdr::app::actions: PaneDied for unknown pane pane=5
2026-08-21T09:08:16.631496Z  WARN herdr::app::actions: PaneDied for unknown pane pane=6
2026-08-21T09:08:16.632454Z  INFO herdr::logging: spawning pane terminal event="pane.spawn.start" subsystem="pane" outcome="started" pane_id=8 rows=53 cols=109 scrollback_limit_bytes=10000000
2026-08-21T09:08:16.637591Z  INFO herdr::logging: pane child spawned event="pane.spawned" subsystem="pane" outcome="ok" pane_id=8 pid=37510
2026-08-21T09:08:16.637927Z  INFO herdr::logging: workspace created event="workspace.create" subsystem="workspace" outcome="ok" workspace_id="w3" pane_id=8
2026-08-21T09:08:16.637948Z  INFO herdr::logging: workspace focused event="workspace.focus" subsystem="workspace" outcome="ok" workspace_id="w3"
2026-08-21T09:08:16.637966Z  INFO herdr::logging: tab focused event="tab.focus" subsystem="tab" outcome="ok" workspace_id="w3" tab_id="w3:t1"
2026-08-21T09:08:21.644852Z  INFO herdr::logging: session saved event="persist.save" subsystem="persist" outcome="ok" path=/Users/wqin/.config/herdr/session.json workspaces=1
2026-08-21T09:08:24.741254Z  INFO herdr::logging: workspace closed event="workspace.close" subsystem="workspace" outcome="ok" workspace_id="w3"
2026-08-21T09:08:24.743351Z  INFO herdr::logging: pane child exited event="pane.exit" subsystem="pane" outcome="completed" pane_id=8 status="ExitStatus { code: 1, signal: None }"
2026-08-21T09:08:24.765090Z  INFO herdr::pane: pane session terminated pane=8 pid=37510 signal=Hangup
2026-08-21T09:08:24.765395Z  WARN herdr::app::actions: PaneDied for unknown pane pane=8
2026-08-21T09:08:24.765531Z  INFO herdr::logging: spawning pane terminal event="pane.spawn.start" subsystem="pane" outcome="started" pane_id=9 rows=53 cols=198 scrollback_limit_bytes=10000000
2026-08-21T09:08:24.770438Z  INFO herdr::logging: pane child spawned event="pane.spawned" subsystem="pane" outcome="ok" pane_id=9 pid=37692
2026-08-21T09:08:24.770814Z  INFO herdr::logging: workspace created event="workspace.create" subsystem="workspace" outcome="ok" workspace_id="w4" pane_id=9
2026-08-21T09:08:24.770845Z  INFO herdr::logging: workspace focused event="workspace.focus" subsystem="workspace" outcome="ok" workspace_id="w4"
2026-08-21T09:08:24.770865Z  INFO herdr::logging: tab focused event="tab.focus" subsystem="tab" outcome="ok" workspace_id="w4" tab_id="w4:t1"
2026-08-21T09:08:29.778086Z  INFO herdr::logging: session saved event="persist.save" subsystem="persist" outcome="ok" path=/Users/wqin/.config/herdr/session.json workspaces=1
2026-08-21T09:08:31.915704Z  INFO herdr::server::headless: client detach requested via keybind client_id=6
2026-08-21T09:08:31.940896Z  INFO herdr::server::headless: client disconnected client_id=6
2026-08-21T09:12:13.674738Z  INFO herdr::logging: checking for updates event="update.check.start" subsystem="update" outcome="started"
2026-08-21T09:42:13.741358Z  INFO herdr::logging: checking for updates event="update.check.start" subsystem="update" outcome="started"
2026-08-21T10:12:13.780391Z  INFO herdr::logging: checking for updates event="update.check.start" subsystem="update" outcome="started"
2026-08-21T10:42:13.731620Z  INFO herdr::logging: checking for updates event="update.check.start" subsystem="update" outcome="started"
2026-08-21T10:56:44.839176Z  INFO herdr::server::headless: client connected client_id=8 cols=224 rows=54 cell_width_px=0 cell_height_px=0 render_encoding=SemanticFrame
2026-08-21T10:56:58.662321Z  INFO herdr::logging: session saved event="persist.save" subsystem="persist" outcome="ok" path=/Users/wqin/.config/herdr/session.json workspaces=1
2026-08-21T11:04:02.282356Z  INFO herdr::logging: session saved event="persist.save" subsystem="persist" outcome="ok" path=/Users/wqin/.config/herdr/session.json workspaces=1
2026-08-21T11:04:39.785305Z  INFO herdr::server::headless: client detach requested via keybind client_id=8
2026-08-21T11:04:39.800384Z  INFO herdr::server::headless: client disconnected client_id=8
2026-08-21T11:04:42.574177Z  INFO herdr::server::headless: server shutdown initiated
2026-08-21T11:04:42.629123Z  INFO herdr::server::headless: completing server shutdown
2026-08-21T11:04:42.631074Z  INFO herdr::logging: session saved event="persist.save" subsystem="persist" outcome="ok" path=/Users/wqin/.config/herdr/session.json workspaces=1
2026-08-21T11:04:42.631113Z  INFO herdr::server::headless: headless server exiting
2026-08-21T11:04:42.632887Z  INFO herdr::logging: pane child exited event="pane.exit" subsystem="pane" outcome="completed" pane_id=9 status="ExitStatus { code: 1, signal: None }"
2026-08-21T11:04:42.653991Z  INFO herdr::pane: pane session terminated pane=9 pid=37692 signal=Hangup
2026-08-21T11:04:42.655040Z  INFO herdr::logging: herdr exiting event="app.shutdown" subsystem="server" outcome="completed" pid=14023
2026-08-24T01:56:27.174207Z  INFO herdr::platform::macos: raised server file descriptor soft limit previous=256 target=8192
2026-08-24T01:56:27.176572Z  INFO herdr::api::server: api server listening path=/Users/wqin/.config/herdr/herdr.sock
2026-08-24T01:56:27.180056Z  INFO herdr::logging: spawning pane terminal event="pane.spawn.start" subsystem="pane" outcome="started" pane_id=1 rows=24 cols=80 scrollback_limit_bytes=10000000
2026-08-24T01:56:27.183905Z  INFO herdr::logging: pane child spawned event="pane.spawned" subsystem="pane" outcome="ok" pane_id=1 pid=9981
2026-08-24T01:56:27.184455Z  INFO herdr::logging: session restore evaluated event="persist.restore" subsystem="persist" outcome="ok" workspaces=1
2026-08-24T01:56:27.184496Z  INFO herdr::app: using pane scrollback configuration pane_scrollback_limit_bytes=10000000
2026-08-24T01:56:27.210275Z  INFO herdr::logging: checking for updates event="update.check.start" subsystem="update" outcome="started"
2026-08-24T01:56:28.311985Z  INFO herdr::server::headless: restored session already has workspaces; ignoring startup cwd cwd=/Users/wqin/workplace/bang
2026-08-24T01:56:28.312102Z  INFO herdr::server::headless: client protocol socket listening path=/Users/wqin/.config/herdr/herdr-client.sock
2026-08-24T01:56:28.312117Z  INFO herdr::server::headless: herdr server started api_socket=/Users/wqin/.config/herdr/herdr.sock client_socket=/Users/wqin/.config/herdr/herdr-client.sock
2026-08-24T01:56:28.312738Z  INFO herdr::logging: herdr starting event="app.startup" subsystem="server" outcome="started" pid=9980
2026-08-24T01:56:28.567024Z  INFO herdr::server::headless: client connected client_id=2 cols=224 rows=54 cell_width_px=0 cell_height_px=0 render_encoding=SemanticFrame
2026-08-24T01:56:58.840089Z  INFO herdr::app::actions: copied selection to clipboard
2026-08-24T01:57:27.335501Z  INFO herdr::logging: spawning pane terminal event="pane.spawn.start" subsystem="pane" outcome="started" pane_id=2 rows=53 cols=198 scrollback_limit_bytes=10000000
2026-08-24T01:57:27.341607Z  INFO herdr::logging: pane child spawned event="pane.spawned" subsystem="pane" outcome="ok" pane_id=2 pid=11199
2026-08-24T01:57:27.342024Z  INFO herdr::logging: tab focused event="tab.focus" subsystem="tab" outcome="ok" workspace_id="w4" tab_id="w4:t1"
2026-08-24T01:57:32.069361Z  INFO herdr::logging: tab focused event="tab.focus" subsystem="tab" outcome="ok" workspace_id="w4" tab_id="w4:t1"
2026-08-24T01:57:37.074577Z  INFO herdr::logging: session saved event="persist.save" subsystem="persist" outcome="ok" path=/Users/wqin/.config/herdr/session.json workspaces=1
2026-08-24T01:57:39.125605Z  INFO herdr::pane: agent changed pane=1 previous_agent=None agent=Some(Codex) process=codex pgid=Some(11412)
2026-08-24T01:57:45.261944Z  INFO herdr::server::headless: client resize client_id=2 cols=111 rows=54 cell_width_px=0 cell_height_px=0
2026-08-24T01:58:14.069133Z  INFO herdr::server::headless: client resize client_id=2 cols=224 rows=54 cell_width_px=0 cell_height_px=0
2026-08-24T02:15:30.285264Z  INFO herdr::server::headless: client resize client_id=2 cols=111 rows=54 cell_width_px=0 cell_height_px=0
2026-08-24T02:17:34.722663Z  INFO herdr::app::actions: copied selection to clipboard
2026-08-24T02:26:27.209891Z  INFO herdr::logging: checking for updates event="update.check.start" subsystem="update" outcome="started"
2026-08-24T02:29:15.454006Z  INFO herdr::server::headless: client resize client_id=2 cols=224 rows=54 cell_width_px=0 cell_height_px=0
2026-08-24T02:42:41.058947Z  INFO herdr::pane: agent changed pane=1 previous_agent=Some(Codex) agent=None pgid=Some(9981)
2026-08-24T02:42:45.585350Z  INFO herdr::pane: agent changed pane=1 previous_agent=None agent=Some(Codex) process=codex pgid=Some(65381)
2026-08-24T02:42:54.958231Z  INFO herdr::pane: agent changed pane=1 previous_agent=Some(Codex) agent=None pgid=Some(9981)
2026-08-24T02:42:59.982768Z  INFO herdr::pane: agent changed pane=1 previous_agent=None agent=Some(Codex) process=codex pgid=Some(65659)
2026-08-24T02:43:14.081500Z  INFO herdr::logging: tab focused event="tab.focus" subsystem="tab" outcome="ok" workspace_id="w4" tab_id="w4:t1"
2026-08-24T02:43:14.228380Z  INFO herdr::logging: tab focused event="tab.focus" subsystem="tab" outcome="ok" workspace_id="w4" tab_id="w4:t1"
2026-08-24T02:43:15.782076Z  INFO herdr::logging: workspace focused event="workspace.focus" subsystem="workspace" outcome="ok" workspace_id="w4"
2026-08-24T02:43:15.782225Z  INFO herdr::logging: tab focused event="tab.focus" subsystem="tab" outcome="ok" workspace_id="w4" tab_id="w4:t1"
2026-08-24T02:43:15.782329Z  INFO herdr::logging: tab focused event="tab.focus" subsystem="tab" outcome="ok" workspace_id="w4" tab_id="w4:t1"
2026-08-24T02:43:20.048823Z  INFO herdr::logging: tab renamed event="tab.rename" subsystem="tab" outcome="ok" workspace_id="w4" tab_id="w4:t1"
2026-08-24T02:43:25.053931Z  INFO herdr::logging: session saved event="persist.save" subsystem="persist" outcome="ok" path=/Users/wqin/.config/herdr/session.json workspaces=1
2026-08-24T02:47:31.099476Z  INFO herdr::pane: agent changed pane=1 previous_agent=Some(Codex) agent=None pgid=Some(9981)
2026-08-24T02:47:57.734390Z  INFO herdr::pane: agent changed pane=1 previous_agent=None agent=Some(Codex) process=codex pgid=Some(70978)
2026-08-24T02:56:27.214485Z  INFO herdr::logging: checking for updates event="update.check.start" subsystem="update" outcome="started"
2026-08-24T03:26:27.225999Z  INFO herdr::logging: checking for updates event="update.check.start" subsystem="update" outcome="started"
2026-08-24T03:56:27.237057Z  INFO herdr::logging: checking for updates event="update.check.start" subsystem="update" outcome="started"
2026-08-24T04:02:49.161843Z  INFO herdr::server::headless: client resize client_id=2 cols=237 rows=56 cell_width_px=0 cell_height_px=0
2026-08-24T04:02:50.119382Z  INFO herdr::server::headless: client resize client_id=2 cols=224 rows=54 cell_width_px=0 cell_height_px=0
2026-08-24T04:13:46.046700Z  INFO herdr::server::headless: client resize client_id=2 cols=237 rows=56 cell_width_px=0 cell_height_px=0
2026-08-24T04:13:46.979265Z  INFO herdr::server::headless: client resize client_id=2 cols=224 rows=54 cell_width_px=0 cell_height_px=0
2026-08-24T04:13:49.306084Z  INFO herdr::server::headless: client resize client_id=2 cols=237 rows=56 cell_width_px=0 cell_height_px=0
2026-08-24T04:13:49.410205Z  INFO herdr::server::headless: client resize client_id=2 cols=237 rows=56 cell_width_px=0 cell_height_px=0
2026-08-24T04:13:50.875938Z  INFO herdr::server::headless: client resize client_id=2 cols=224 rows=54 cell_width_px=0 cell_height_px=0
2026-08-24T04:48:13.943974Z  INFO herdr::logging: checking for updates event="update.check.start" subsystem="update" outcome="started"
2026-08-24T05:43:51.731497Z  INFO herdr::logging: checking for updates event="update.check.start" subsystem="update" outcome="started"
2026-08-24T06:42:37.408496Z  INFO herdr::logging: checking for updates event="update.check.start" subsystem="update" outcome="started"
2026-08-24T07:12:37.382170Z  INFO herdr::logging: checking for updates event="update.check.start" subsystem="update" outcome="started"
2026-08-24T08:56:25.382501Z  INFO herdr::logging: checking for updates event="update.check.start" subsystem="update" outcome="started"
2026-08-24T09:26:25.333587Z  INFO herdr::logging: checking for updates event="update.check.start" subsystem="update" outcome="started"
2026-08-24T09:28:10.001935Z  INFO herdr::server::headless: client resize client_id=2 cols=237 rows=56 cell_width_px=0 cell_height_px=0
2026-08-24T09:28:10.103866Z  INFO herdr::server::headless: client resize client_id=2 cols=237 rows=56 cell_width_px=0 cell_height_px=0
2026-08-24T09:28:11.137836Z  INFO herdr::server::headless: client resize client_id=2 cols=224 rows=54 cell_width_px=0 cell_height_px=0
2026-08-24T09:28:13.418438Z  INFO herdr::server::headless: client resize client_id=2 cols=237 rows=56 cell_width_px=0 cell_height_px=0
2026-08-24T09:28:14.968230Z  INFO herdr::server::headless: client resize client_id=2 cols=224 rows=54 cell_width_px=0 cell_height_px=0
2026-08-24T09:38:32.856241Z  INFO herdr::server::headless: client resize client_id=2 cols=80 rows=24 cell_width_px=0 cell_height_px=0
2026-08-24T09:38:32.856988Z  INFO herdr::server::headless: client detached client_id=2
2026-08-24T09:38:32.859129Z  INFO herdr::server::headless: client disconnected client_id=2
2026-08-24T09:38:41.642602Z  INFO herdr::server::headless: server shutdown initiated
2026-08-24T09:38:41.697772Z  INFO herdr::server::headless: completing server shutdown
2026-08-24T09:38:41.702050Z  INFO herdr::logging: session saved event="persist.save" subsystem="persist" outcome="ok" path=/Users/wqin/.config/herdr/session.json workspaces=1
2026-08-24T09:38:41.702103Z  INFO herdr::server::headless: headless server exiting
2026-08-24T09:38:41.706481Z  INFO herdr::logging: pane child exited event="pane.exit" subsystem="pane" outcome="completed" pane_id=1 status="ExitStatus { code: 1, signal: None }"
2026-08-24T09:38:41.727438Z  INFO herdr::pane: pane session terminated pane=1 pid=9981 signal=Hangup
2026-08-24T09:38:41.731307Z  INFO herdr::logging: pane child exited event="pane.exit" subsystem="pane" outcome="completed" pane_id=2 status="ExitStatus { code: 1, signal: None }"
2026-08-24T09:38:41.753379Z  INFO herdr::pane: pane session terminated pane=2 pid=11199 signal=Hangup
2026-08-24T09:38:41.754807Z  INFO herdr::logging: herdr exiting event="app.shutdown" subsystem="server" outcome="completed" pid=9980
2026-08-24T10:19:31.204743Z  INFO herdr::platform::macos: raised server file descriptor soft limit previous=256 target=8192
2026-08-24T10:19:31.206294Z  INFO herdr::api::server: api server listening path=/Users/wqin/.config/herdr/herdr.sock
2026-08-24T10:19:31.210081Z  INFO herdr::logging: spawning pane terminal event="pane.spawn.start" subsystem="pane" outcome="started" pane_id=1 rows=24 cols=80 scrollback_limit_bytes=10000000
2026-08-24T10:19:31.215632Z  INFO herdr::logging: pane child spawned event="pane.spawned" subsystem="pane" outcome="ok" pane_id=1 pid=40287
2026-08-24T10:19:31.216123Z  INFO herdr::logging: spawning pane terminal event="pane.spawn.start" subsystem="pane" outcome="started" pane_id=2 rows=24 cols=80 scrollback_limit_bytes=10000000
2026-08-24T10:19:31.217526Z  INFO herdr::logging: pane child spawned event="pane.spawned" subsystem="pane" outcome="ok" pane_id=2 pid=40288
2026-08-24T10:19:31.218064Z  INFO herdr::logging: session restore evaluated event="persist.restore" subsystem="persist" outcome="ok" workspaces=1
2026-08-24T10:19:31.218106Z  INFO herdr::app: using pane scrollback configuration pane_scrollback_limit_bytes=10000000
2026-08-24T10:19:31.247701Z  INFO herdr::logging: checking for updates event="update.check.start" subsystem="update" outcome="started"
2026-08-24T10:19:31.259773Z  INFO herdr::server::headless: restored session already has workspaces; ignoring startup cwd cwd=/Users/wqin/Library/Mobile Documents/com~apple~CloudDocs/my_manuscript/hGO2DMOF
2026-08-24T10:19:31.259884Z  INFO herdr::server::headless: client protocol socket listening path=/Users/wqin/.config/herdr/herdr-client.sock
2026-08-24T10:19:31.259897Z  INFO herdr::server::headless: herdr server started api_socket=/Users/wqin/.config/herdr/herdr.sock client_socket=/Users/wqin/.config/herdr/herdr-client.sock
2026-08-24T10:19:31.260523Z  INFO herdr::logging: herdr starting event="app.startup" subsystem="server" outcome="started" pid=40286
2026-08-24T10:19:31.513709Z  INFO herdr::server::headless: client connected client_id=2 cols=224 rows=54 cell_width_px=0 cell_height_px=0 render_encoding=SemanticFrame
2026-08-24T10:19:36.793898Z  INFO herdr::pane: agent changed pane=1 previous_agent=None agent=Some(Codex) process=codex pgid=Some(40502)
2026-08-24T10:19:43.137408Z  INFO herdr::pane: agent changed pane=1 previous_agent=Some(Codex) agent=None pgid=Some(40287)
2026-08-24T10:35:16.485860Z  INFO herdr::pane: agent changed pane=1 previous_agent=None agent=Some(Codex) process=codex pgid=Some(55793)
2026-08-24T10:42:19.656803Z  INFO herdr::pane: agent changed pane=1 previous_agent=Some(Codex) agent=None pgid=Some(40287)
2026-08-24T10:42:21.165166Z  INFO herdr::pane: agent changed pane=1 previous_agent=None agent=Some(Codex) process=codex pgid=Some(64703)
2026-08-24T10:48:41.515371Z  INFO herdr::logging: tab focused event="tab.focus" subsystem="tab" outcome="ok" workspace_id="w4" tab_id="w4:t1"
2026-08-24T10:48:41.520836Z  INFO herdr::logging: pane child exited event="pane.exit" subsystem="pane" outcome="completed" pane_id=2 status="ExitStatus { code: 1, signal: None }"
2026-08-24T10:48:41.542607Z  INFO herdr::pane: pane session terminated pane=2 pid=40288 signal=Hangup
2026-08-24T10:48:41.543546Z  WARN herdr::app::actions: PaneDied for unknown pane pane=2
2026-08-24T10:48:43.485956Z  INFO herdr::logging: spawning pane terminal event="pane.spawn.start" subsystem="pane" outcome="started" pane_id=3 rows=53 cols=198 scrollback_limit_bytes=10000000
2026-08-24T10:48:43.494297Z  INFO herdr::logging: pane child spawned event="pane.spawned" subsystem="pane" outcome="ok" pane_id=3 pid=70008
2026-08-24T10:48:43.494752Z  INFO herdr::logging: tab focused event="tab.focus" subsystem="tab" outcome="ok" workspace_id="w4" tab_id="w4:t1"
2026-08-24T10:48:45.321157Z  INFO herdr::app::actions: copied selection to clipboard
2026-08-24T10:48:47.866335Z  INFO herdr::logging: tab focused event="tab.focus" subsystem="tab" outcome="ok" workspace_id="w4" tab_id="w4:t1"
2026-08-24T10:48:50.810834Z  INFO herdr::pane: agent changed pane=1 previous_agent=Some(Codex) agent=None pgid=Some(40287)
2026-08-24T10:48:52.872003Z  INFO herdr::logging: session saved event="persist.save" subsystem="persist" outcome="ok" path=/Users/wqin/.config/herdr/session.json workspaces=1
2026-08-24T10:48:58.943396Z  INFO herdr::logging: tab focused event="tab.focus" subsystem="tab" outcome="ok" workspace_id="w4" tab_id="w4:t1"
2026-08-24T10:48:58.944329Z  INFO herdr::logging: spawning pane terminal event="pane.spawn.start" subsystem="pane" outcome="started" pane_id=4 rows=9 cols=198 scrollback_limit_bytes=10000000
2026-08-24T10:48:58.951291Z  INFO herdr::logging: pane child spawned event="pane.spawned" subsystem="pane" outcome="ok" pane_id=4 pid=70368
2026-08-24T10:48:58.951571Z  INFO herdr::logging: tab focused event="tab.focus" subsystem="tab" outcome="ok" workspace_id="w4" tab_id="w4:t1"
2026-08-24T10:49:00.391004Z  INFO herdr::logging: tab focused event="tab.focus" subsystem="tab" outcome="ok" workspace_id="w4" tab_id="w4:t1"
2026-08-24T10:49:03.141504Z  INFO herdr::pane: agent changed pane=3 previous_agent=None agent=Some(Codex) process=codex pgid=Some(70456)
2026-08-24T10:49:05.397505Z  INFO herdr::logging: session saved event="persist.save" subsystem="persist" outcome="ok" path=/Users/wqin/.config/herdr/session.json workspaces=1
2026-08-24T10:49:31.176155Z  INFO herdr::logging: checking for updates event="update.check.start" subsystem="update" outcome="started"
2026-08-24T11:19:31.096445Z  INFO herdr::logging: checking for updates event="update.check.start" subsystem="update" outcome="started"
2026-08-24T11:24:28.263896Z  INFO herdr::app::actions: copied selection to clipboard
2026-08-24T11:24:44.914223Z  INFO herdr::app::actions: copied selection to clipboard
2026-08-24T11:49:31.147366Z  INFO herdr::logging: checking for updates event="update.check.start" subsystem="update" outcome="started"
2026-08-24T11:52:36.487714Z  INFO herdr::app::actions: copied selection to clipboard
2026-08-24T11:54:03.514097Z  INFO herdr::app::actions: copied selection to clipboard
2026-08-24T12:19:31.117016Z  INFO herdr::logging: checking for updates event="update.check.start" subsystem="update" outcome="started"
2026-08-24T12:33:17.705429Z  INFO herdr::server::headless: client resize client_id=2 cols=238 rows=55 cell_width_px=0 cell_height_px=0
2026-08-24T12:33:18.633391Z  INFO herdr::server::headless: client resize client_id=2 cols=224 rows=54 cell_width_px=0 cell_height_px=0
2026-08-24T12:33:20.940846Z  INFO herdr::server::headless: client resize client_id=2 cols=237 rows=56 cell_width_px=0 cell_height_px=0
2026-08-24T12:33:22.540930Z  INFO herdr::server::headless: client resize client_id=2 cols=224 rows=54 cell_width_px=0 cell_height_px=0
2026-08-24T12:33:22.639913Z  INFO herdr::server::headless: client resize client_id=2 cols=224 rows=54 cell_width_px=0 cell_height_px=0
2026-08-24T12:49:31.265882Z  INFO herdr::logging: checking for updates event="update.check.start" subsystem="update" outcome="started"
2026-08-24T13:34:32.312238Z  INFO herdr::logging: checking for updates event="update.check.start" subsystem="update" outcome="started"
2026-08-24T14:04:32.327154Z  INFO herdr::logging: checking for updates event="update.check.start" subsystem="update" outcome="started"
2026-08-24T15:16:19.978575Z  INFO herdr::logging: checking for updates event="update.check.start" subsystem="update" outcome="started"
2026-08-24T15:46:20.021056Z  INFO herdr::logging: checking for updates event="update.check.start" subsystem="update" outcome="started"
2026-08-24T16:50:21.281005Z  INFO herdr::logging: checking for updates event="update.check.start" subsystem="update" outcome="started"
2026-08-24T17:20:21.212517Z  INFO herdr::logging: checking for updates event="update.check.start" subsystem="update" outcome="started"
2026-08-24T18:50:15.447921Z  INFO herdr::logging: checking for updates event="update.check.start" subsystem="update" outcome="started"
2026-08-24T19:20:15.450679Z  INFO herdr::logging: checking for updates event="update.check.start" subsystem="update" outcome="started"
2026-08-24T20:10:50.300794Z  INFO herdr::logging: checking for updates event="update.check.start" subsystem="update" outcome="started"
2026-08-24T20:40:50.384183Z  INFO herdr::logging: checking for updates event="update.check.start" subsystem="update" outcome="started"
2026-08-24T21:10:50.339893Z  INFO herdr::logging: checking for updates event="update.check.start" subsystem="update" outcome="started"
2026-08-24T21:40:50.324391Z  INFO herdr::logging: checking for updates event="update.check.start" subsystem="update" outcome="started"
2026-08-24T22:10:50.352647Z  INFO herdr::logging: checking for updates event="update.check.start" subsystem="update" outcome="started"
2026-08-24T23:26:14.919987Z  INFO herdr::server::headless: client resize client_id=2 cols=238 rows=55 cell_width_px=0 cell_height_px=0
2026-08-24T23:26:15.029441Z  INFO herdr::server::headless: client resize client_id=2 cols=237 rows=56 cell_width_px=0 cell_height_px=0
2026-08-24T23:26:15.978307Z  INFO herdr::server::headless: client resize client_id=2 cols=224 rows=54 cell_width_px=0 cell_height_px=0
2026-08-24T23:26:18.398761Z  INFO herdr::server::headless: client resize client_id=2 cols=237 rows=56 cell_width_px=0 cell_height_px=0
2026-08-24T23:26:19.856704Z  INFO herdr::server::headless: client resize client_id=2 cols=224 rows=54 cell_width_px=0 cell_height_px=0
2026-08-24T23:30:35.971019Z  INFO herdr::logging: checking for updates event="update.check.start" subsystem="update" outcome="started"
2026-08-25T00:23:28.869164Z  INFO herdr::logging: checking for updates event="update.check.start" subsystem="update" outcome="started"
2026-08-25T00:28:06.857270Z  INFO herdr::server::headless: client resize client_id=2 cols=237 rows=56 cell_width_px=0 cell_height_px=0
2026-08-25T00:28:07.892463Z  INFO herdr::server::headless: client resize client_id=2 cols=224 rows=54 cell_width_px=0 cell_height_px=0
2026-08-25T00:28:07.994911Z  INFO herdr::server::headless: client resize client_id=2 cols=224 rows=54 cell_width_px=0 cell_height_px=0
2026-08-25T00:28:10.324966Z  INFO herdr::server::headless: client resize client_id=2 cols=237 rows=56 cell_width_px=0 cell_height_px=0
2026-08-25T00:28:11.886529Z  INFO herdr::server::headless: client resize client_id=2 cols=224 rows=54 cell_width_px=0 cell_height_px=0
2026-08-25T00:53:28.885920Z  INFO herdr::logging: checking for updates event="update.check.start" subsystem="update" outcome="started"
2026-08-25T01:23:28.933015Z  INFO herdr::logging: checking for updates event="update.check.start" subsystem="update" outcome="started"
2026-08-25T01:53:28.957738Z  INFO herdr::logging: checking for updates event="update.check.start" subsystem="update" outcome="started"
2026-08-25T02:23:28.969657Z  INFO herdr::logging: checking for updates event="update.check.start" subsystem="update" outcome="started"
2026-08-25T02:53:28.989289Z  INFO herdr::logging: checking for updates event="update.check.start" subsystem="update" outcome="started"
2026-08-25T03:23:28.950522Z  INFO herdr::logging: checking for updates event="update.check.start" subsystem="update" outcome="started"
2026-08-25T03:53:28.902342Z  INFO herdr::logging: checking for updates event="update.check.start" subsystem="update" outcome="started"
2026-08-25T04:23:28.963128Z  INFO herdr::logging: checking for updates event="update.check.start" subsystem="update" outcome="started"
2026-08-25T04:43:35.372138Z  INFO herdr::logging: tab focused event="tab.focus" subsystem="tab" outcome="ok" workspace_id="w4" tab_id="w4:t1"
2026-08-25T04:43:39.458328Z  INFO herdr::logging: tab focused event="tab.focus" subsystem="tab" outcome="ok" workspace_id="w4" tab_id="w4:t1"
2026-08-25T04:43:44.465671Z  INFO herdr::logging: session saved event="persist.save" subsystem="persist" outcome="ok" path=/Users/wqin/.config/herdr/session.json workspaces=1
2026-08-25T04:46:31.752801Z  INFO herdr::server::headless: client resize client_id=2 cols=111 rows=54 cell_width_px=0 cell_height_px=0
2026-08-25T04:47:20.587449Z  INFO herdr::server::headless: client resize client_id=2 cols=224 rows=54 cell_width_px=0 cell_height_px=0
2026-08-25T04:53:28.991107Z  INFO herdr::logging: checking for updates event="update.check.start" subsystem="update" outcome="started"
2026-08-25T05:23:28.955624Z  INFO herdr::logging: checking for updates event="update.check.start" subsystem="update" outcome="started"
2026-08-25T05:26:30.473072Z  INFO herdr::server::headless: client resize client_id=2 cols=111 rows=54 cell_width_px=0 cell_height_px=0
2026-08-25T05:50:31.552517Z  INFO herdr::server::headless: client resize client_id=2 cols=224 rows=54 cell_width_px=0 cell_height_px=0
2026-08-25T05:53:29.017147Z  INFO herdr::logging: checking for updates event="update.check.start" subsystem="update" outcome="started"
2026-08-25T06:03:54.837190Z  INFO herdr::app::actions: copied selection to clipboard
2026-08-25T06:23:28.986456Z  INFO herdr::logging: checking for updates event="update.check.start" subsystem="update" outcome="started"
2026-08-25T06:42:47.717592Z  INFO herdr::logging: spawning pane terminal event="pane.spawn.start" subsystem="pane" outcome="started" pane_id=5 rows=9 cols=198 scrollback_limit_bytes=10000000
2026-08-25T06:42:47.725212Z  INFO herdr::logging: pane child spawned event="pane.spawned" subsystem="pane" outcome="ok" pane_id=5 pid=46046
2026-08-25T06:42:47.725921Z  INFO herdr::logging: workspace created event="workspace.create" subsystem="workspace" outcome="ok" workspace_id="w5" pane_id=5
2026-08-25T06:42:47.725944Z  INFO herdr::logging: workspace focused event="workspace.focus" subsystem="workspace" outcome="ok" workspace_id="w5"
2026-08-25T06:42:47.725964Z  INFO herdr::logging: tab focused event="tab.focus" subsystem="tab" outcome="ok" workspace_id="w5" tab_id="w5:t1"
2026-08-25T06:42:52.744714Z  INFO herdr::logging: session saved event="persist.save" subsystem="persist" outcome="ok" path=/Users/wqin/.config/herdr/session.json workspaces=2
2026-08-25T06:43:08.738096Z  INFO herdr::logging: spawning pane terminal event="pane.spawn.start" subsystem="pane" outcome="started" pane_id=6 rows=53 cols=198 scrollback_limit_bytes=10000000
2026-08-25T06:43:08.744712Z  INFO herdr::logging: pane child spawned event="pane.spawned" subsystem="pane" outcome="ok" pane_id=6 pid=46408
2026-08-25T06:43:08.745117Z  INFO herdr::logging: tab focused event="tab.focus" subsystem="tab" outcome="ok" workspace_id="w5" tab_id="w5:t1"
2026-08-25T06:43:12.181759Z  INFO herdr::logging: tab focused event="tab.focus" subsystem="tab" outcome="ok" workspace_id="w5" tab_id="w5:t1"
2026-08-25T06:43:16.925027Z  INFO herdr::logging: tab focused event="tab.focus" subsystem="tab" outcome="ok" workspace_id="w5" tab_id="w5:t1"
2026-08-25T06:43:21.571610Z  INFO herdr::logging: tab focused event="tab.focus" subsystem="tab" outcome="ok" workspace_id="w5" tab_id="w5:t1"
2026-08-25T06:43:21.575062Z  INFO herdr::logging: pane child exited event="pane.exit" subsystem="pane" outcome="completed" pane_id=5 status="ExitStatus { code: 1, signal: None }"
2026-08-25T06:43:21.597734Z  INFO herdr::pane: pane session terminated pane=5 pid=46046 signal=Hangup
2026-08-25T06:43:21.598530Z  WARN herdr::app::actions: PaneDied for unknown pane pane=5
2026-08-25T06:43:23.573326Z  INFO herdr::logging: spawning pane terminal event="pane.spawn.start" subsystem="pane" outcome="started" pane_id=7 rows=53 cols=198 scrollback_limit_bytes=10000000
2026-08-25T06:43:23.580632Z  INFO herdr::logging: pane child spawned event="pane.spawned" subsystem="pane" outcome="ok" pane_id=7 pid=46718
2026-08-25T06:43:23.581140Z  INFO herdr::logging: tab focused event="tab.focus" subsystem="tab" outcome="ok" workspace_id="w5" tab_id="w5:t1"
2026-08-25T06:43:24.422836Z  INFO herdr::logging: tab focused event="tab.focus" subsystem="tab" outcome="ok" workspace_id="w5" tab_id="w5:t1"
2026-08-25T06:43:26.885781Z  INFO herdr::pane: agent changed pane=6 previous_agent=None agent=Some(Codex) process=codex pgid=Some(46811)
2026-08-25T06:43:29.439274Z  INFO herdr::logging: session saved event="persist.save" subsystem="persist" outcome="ok" path=/Users/wqin/.config/herdr/session.json workspaces=2
2026-08-25T06:48:24.805571Z  INFO herdr::logging: spawning pane terminal event="pane.spawn.start" subsystem="pane" outcome="started" pane_id=8 rows=53 cols=99 scrollback_limit_bytes=10000000
2026-08-25T06:48:24.813114Z  INFO herdr::logging: pane child spawned event="pane.spawned" subsystem="pane" outcome="ok" pane_id=8 pid=52067
2026-08-25T06:48:24.813661Z  INFO herdr::logging: workspace created event="workspace.create" subsystem="workspace" outcome="ok" workspace_id="w6" pane_id=8
2026-08-25T06:48:24.813692Z  INFO herdr::logging: workspace focused event="workspace.focus" subsystem="workspace" outcome="ok" workspace_id="w6"
2026-08-25T06:48:24.813725Z  INFO herdr::logging: tab focused event="tab.focus" subsystem="tab" outcome="ok" workspace_id="w6" tab_id="w6:t1"
2026-08-25T06:48:29.847314Z  INFO herdr::logging: session saved event="persist.save" subsystem="persist" outcome="ok" path=/Users/wqin/.config/herdr/session.json workspaces=3
2026-08-25T06:48:53.820602Z  INFO herdr::logging: workspace focused event="workspace.focus" subsystem="workspace" outcome="ok" workspace_id="w5"
2026-08-25T06:48:53.820760Z  INFO herdr::logging: tab focused event="tab.focus" subsystem="tab" outcome="ok" workspace_id="w5" tab_id="w5:t1"
2026-08-25T06:48:55.090675Z  INFO herdr::logging: workspace focused event="workspace.focus" subsystem="workspace" outcome="ok" workspace_id="w4"
2026-08-25T06:48:55.090762Z  INFO herdr::logging: tab focused event="tab.focus" subsystem="tab" outcome="ok" workspace_id="w4" tab_id="w4:t1"
2026-08-25T06:49:00.106843Z  INFO herdr::logging: session saved event="persist.save" subsystem="persist" outcome="ok" path=/Users/wqin/.config/herdr/session.json workspaces=3
2026-08-25T06:49:28.882930Z  INFO herdr::logging: workspace focused event="workspace.focus" subsystem="workspace" outcome="ok" workspace_id="w5"
2026-08-25T06:49:28.883057Z  INFO herdr::logging: tab focused event="tab.focus" subsystem="tab" outcome="ok" workspace_id="w5" tab_id="w5:t1"
2026-08-25T06:49:33.896001Z  INFO herdr::logging: session saved event="persist.save" subsystem="persist" outcome="ok" path=/Users/wqin/.config/herdr/session.json workspaces=3
2026-08-25T06:53:28.988790Z  INFO herdr::logging: checking for updates event="update.check.start" subsystem="update" outcome="started"
2026-08-25T06:56:29.501336Z  INFO herdr::logging: tab focused event="tab.focus" subsystem="tab" outcome="ok" workspace_id="w5" tab_id="w5:t1"
2026-08-25T06:56:34.520606Z  INFO herdr::logging: session saved event="persist.save" subsystem="persist" outcome="ok" path=/Users/wqin/.config/herdr/session.json workspaces=3
2026-08-25T07:21:49.466780Z  INFO herdr::logging: tab focused event="tab.focus" subsystem="tab" outcome="ok" workspace_id="w5" tab_id="w5:t1"
2026-08-25T07:21:51.230765Z  INFO herdr::app::actions: copied selection to clipboard
2026-08-25T07:21:54.482289Z  INFO herdr::logging: session saved event="persist.save" subsystem="persist" outcome="ok" path=/Users/wqin/.config/herdr/session.json workspaces=3
2026-08-25T07:23:28.035324Z  INFO herdr::logging: tab focused event="tab.focus" subsystem="tab" outcome="ok" workspace_id="w5" tab_id="w5:t1"
2026-08-25T07:23:28.956051Z  INFO herdr::logging: checking for updates event="update.check.start" subsystem="update" outcome="started"
2026-08-25T07:23:33.052069Z  INFO herdr::logging: session saved event="persist.save" subsystem="persist" outcome="ok" path=/Users/wqin/.config/herdr/session.json workspaces=3
2026-08-25T07:23:40.154048Z  INFO herdr::logging: tab focused event="tab.focus" subsystem="tab" outcome="ok" workspace_id="w5" tab_id="w5:t1"
2026-08-25T07:23:40.841818Z  INFO herdr::app::actions: copied selection to clipboard
2026-08-25T07:23:45.170535Z  INFO herdr::logging: session saved event="persist.save" subsystem="persist" outcome="ok" path=/Users/wqin/.config/herdr/session.json workspaces=3
2026-08-25T07:23:49.303787Z  INFO herdr::app::actions: copied selection to clipboard
2026-08-25T07:23:50.468026Z  INFO herdr::logging: tab focused event="tab.focus" subsystem="tab" outcome="ok" workspace_id="w5" tab_id="w5:t1"
2026-08-25T07:23:55.484801Z  INFO herdr::logging: session saved event="persist.save" subsystem="persist" outcome="ok" path=/Users/wqin/.config/herdr/session.json workspaces=3
2026-08-25T07:29:36.003235Z  INFO herdr::logging: tab focused event="tab.focus" subsystem="tab" outcome="ok" workspace_id="w5" tab_id="w5:t1"
2026-08-25T07:29:36.670315Z  INFO herdr::logging: tab focused event="tab.focus" subsystem="tab" outcome="ok" workspace_id="w5" tab_id="w5:t1"
2026-08-25T07:29:41.313137Z  INFO herdr::logging: tab focused event="tab.focus" subsystem="tab" outcome="ok" workspace_id="w5" tab_id="w5:t1"
2026-08-25T07:29:46.329594Z  INFO herdr::logging: session saved event="persist.save" subsystem="persist" outcome="ok" path=/Users/wqin/.config/herdr/session.json workspaces=3
2026-08-25T07:53:28.988385Z  INFO herdr::logging: checking for updates event="update.check.start" subsystem="update" outcome="started"
2026-08-25T07:53:44.289664Z  INFO herdr::app::actions: copied selection to clipboard
2026-08-25T07:56:43.604714Z  INFO herdr::app::actions: copied selection to clipboard
2026-08-25T07:57:19.985620Z  INFO herdr::logging: tab focused event="tab.focus" subsystem="tab" outcome="ok" workspace_id="w5" tab_id="w5:t1"
2026-08-25T07:57:25.008254Z  INFO herdr::logging: session saved event="persist.save" subsystem="persist" outcome="ok" path=/Users/wqin/.config/herdr/session.json workspaces=3
2026-08-25T07:57:27.573592Z  INFO herdr::server::headless: client resize client_id=2 cols=111 rows=54 cell_width_px=0 cell_height_px=0
2026-08-25T07:57:53.358189Z  INFO herdr::server::headless: client resize client_id=2 cols=224 rows=54 cell_width_px=0 cell_height_px=0
2026-08-25T07:58:04.457930Z  INFO herdr::logging: tab focused event="tab.focus" subsystem="tab" outcome="ok" workspace_id="w5" tab_id="w5:t1"
2026-08-25T07:58:07.206714Z  INFO herdr::pane: agent changed pane=6 previous_agent=Some(Codex) agent=None pgid=Some(46408)
2026-08-25T07:58:09.468738Z  INFO herdr::logging: session saved event="persist.save" subsystem="persist" outcome="ok" path=/Users/wqin/.config/herdr/session.json workspaces=3
2026-08-25T07:58:36.257841Z  INFO herdr::logging: tab focused event="tab.focus" subsystem="tab" outcome="ok" workspace_id="w5" tab_id="w5:t1"
2026-08-25T07:58:41.270441Z  INFO herdr::logging: session saved event="persist.save" subsystem="persist" outcome="ok" path=/Users/wqin/.config/herdr/session.json workspaces=3
2026-08-25T07:59:46.753644Z  INFO herdr::logging: tab focused event="tab.focus" subsystem="tab" outcome="ok" workspace_id="w5" tab_id="w5:t1"
2026-08-25T07:59:51.765420Z  INFO herdr::logging: session saved event="persist.save" subsystem="persist" outcome="ok" path=/Users/wqin/.config/herdr/session.json workspaces=3
2026-08-25T07:59:53.194728Z  INFO herdr::pane: agent changed pane=6 previous_agent=None agent=Some(Codex) process=codex pgid=Some(34797)
2026-08-25T08:01:06.935091Z  INFO herdr::pane: agent changed pane=6 previous_agent=Some(Codex) agent=None pgid=Some(46408)
2026-08-25T08:01:08.945593Z  INFO herdr::pane: agent changed pane=6 previous_agent=None agent=Some(Codex) process=codex pgid=Some(36626)
2026-08-25T08:01:38.295626Z  INFO herdr::pane: agent changed pane=6 previous_agent=Some(Codex) agent=None pgid=Some(46408)
2026-08-25T08:01:41.815585Z  INFO herdr::pane: agent changed pane=6 previous_agent=None agent=Some(Codex) process=codex pgid=Some(37144)
2026-08-25T08:23:29.032136Z  INFO herdr::logging: checking for updates event="update.check.start" subsystem="update" outcome="started"
2026-08-25T08:53:29.043290Z  INFO herdr::logging: checking for updates event="update.check.start" subsystem="update" outcome="started"
2026-08-25T08:56:17.363332Z  INFO herdr::app::actions: copied selection to clipboard
2026-08-25T08:59:25.882120Z  INFO herdr::app::actions: copied selection to clipboard
2026-08-25T09:05:02.230080Z  INFO herdr::app::actions: copied selection to clipboard
2026-08-25T09:09:37.860370Z  INFO herdr::app::actions: copied selection to clipboard
2026-08-25T09:23:28.977120Z  INFO herdr::logging: checking for updates event="update.check.start" subsystem="update" outcome="started"
2026-08-25T09:33:10.305490Z  INFO herdr::server::headless: client resize client_id=2 cols=237 rows=56 cell_width_px=0 cell_height_px=0
2026-08-25T09:33:11.251642Z  INFO herdr::server::headless: client resize client_id=2 cols=224 rows=54 cell_width_px=0 cell_height_px=0
2026-08-25T09:33:13.521525Z  INFO herdr::server::headless: client resize client_id=2 cols=237 rows=56 cell_width_px=0 cell_height_px=0
2026-08-25T09:33:15.157415Z  INFO herdr::server::headless: client resize client_id=2 cols=224 rows=54 cell_width_px=0 cell_height_px=0
2026-08-25T09:43:34.382916Z  INFO herdr::server::headless: client resize client_id=2 cols=237 rows=56 cell_width_px=0 cell_height_px=0
2026-08-25T09:43:34.451319Z  INFO herdr::server::headless: client resize client_id=2 cols=237 rows=56 cell_width_px=0 cell_height_px=0
2026-08-25T09:43:35.488718Z  INFO herdr::server::headless: client resize client_id=2 cols=224 rows=54 cell_width_px=0 cell_height_px=0
2026-08-25T09:53:49.048449Z  INFO herdr::logging: checking for updates event="update.check.start" subsystem="update" outcome="started"
2026-08-25T10:08:36.518421Z  INFO herdr::server::headless: client resize client_id=2 cols=237 rows=56 cell_width_px=0 cell_height_px=0
2026-08-25T10:08:36.627530Z  INFO herdr::server::headless: client resize client_id=2 cols=237 rows=56 cell_width_px=0 cell_height_px=0
2026-08-25T10:08:37.698407Z  INFO herdr::server::headless: client resize client_id=2 cols=224 rows=54 cell_width_px=0 cell_height_px=0
2026-08-25T10:08:39.879747Z  INFO herdr::server::headless: client resize client_id=2 cols=237 rows=56 cell_width_px=0 cell_height_px=0
2026-08-25T10:08:41.426121Z  INFO herdr::server::headless: client resize client_id=2 cols=224 rows=54 cell_width_px=0 cell_height_px=0
2026-08-25T10:12:21.807623Z  INFO herdr::logging: workspace focused event="workspace.focus" subsystem="workspace" outcome="ok" workspace_id="w4"
2026-08-25T10:12:21.807767Z  INFO herdr::logging: tab focused event="tab.focus" subsystem="tab" outcome="ok" workspace_id="w4" tab_id="w4:t1"
2026-08-25T10:12:26.820295Z  INFO herdr::logging: session saved event="persist.save" subsystem="persist" outcome="ok" path=/Users/wqin/.config/herdr/session.json workspaces=3
2026-08-25T10:17:38.687300Z  INFO herdr::app::actions: copied selection to clipboard
2026-08-25T10:17:57.385259Z  INFO herdr::app::actions: copied selection to clipboard
2026-08-25T10:18:01.072357Z  INFO herdr::app::actions: copied selection to clipboard
2026-08-25T10:18:03.299785Z  INFO herdr::app::actions: copied double-clicked token to clipboard
2026-08-25T10:38:31.732344Z  INFO herdr::logging: checking for updates event="update.check.start" subsystem="update" outcome="started"
2026-08-25T10:38:58.772564Z  INFO herdr::logging: workspace focused event="workspace.focus" subsystem="workspace" outcome="ok" workspace_id="w6"
2026-08-25T10:38:58.772708Z  INFO herdr::logging: tab focused event="tab.focus" subsystem="tab" outcome="ok" workspace_id="w6" tab_id="w6:t1"
2026-08-25T10:39:03.787018Z  INFO herdr::logging: session saved event="persist.save" subsystem="persist" outcome="ok" path=/Users/wqin/.config/herdr/session.json workspaces=3
2026-08-25T10:39:04.362434Z  INFO herdr::logging: spawning pane terminal event="pane.spawn.start" subsystem="pane" outcome="started" pane_id=9 rows=53 cols=198 scrollback_limit_bytes=10000000
2026-08-25T10:39:04.368580Z  INFO herdr::logging: pane child spawned event="pane.spawned" subsystem="pane" outcome="ok" pane_id=9 pid=78521
2026-08-25T10:39:04.369122Z  INFO herdr::logging: tab focused event="tab.focus" subsystem="tab" outcome="ok" workspace_id="w6" tab_id="w6:t1"
2026-08-25T10:39:05.171816Z  INFO herdr::logging: tab focused event="tab.focus" subsystem="tab" outcome="ok" workspace_id="w6" tab_id="w6:t1"
2026-08-25T10:39:10.186117Z  INFO herdr::logging: session saved event="persist.save" subsystem="persist" outcome="ok" path=/Users/wqin/.config/herdr/session.json workspaces=3
2026-08-25T10:39:19.843337Z  INFO herdr::pane: agent changed pane=8 previous_agent=None agent=Some(Codex) process=codex pgid=Some(79102)
2026-08-25T10:44:02.394405Z  INFO herdr::app::actions: copied selection to clipboard
2026-08-25T10:52:51.840546Z  INFO herdr::logging: tab focused event="tab.focus" subsystem="tab" outcome="ok" workspace_id="w6" tab_id="w6:t1"
2026-08-25T10:52:56.851788Z  INFO herdr::logging: session saved event="persist.save" subsystem="persist" outcome="ok" path=/Users/wqin/.config/herdr/session.json workspaces=3
2026-08-25T10:52:58.550338Z  INFO herdr::server::headless: client resize client_id=2 cols=111 rows=54 cell_width_px=0 cell_height_px=0
2026-08-25T10:53:18.257040Z  INFO herdr::server::headless: client resize client_id=2 cols=224 rows=54 cell_width_px=0 cell_height_px=0
2026-08-25T10:53:20.039623Z  INFO herdr::logging: tab focused event="tab.focus" subsystem="tab" outcome="ok" workspace_id="w6" tab_id="w6:t1"
2026-08-25T10:53:21.631451Z  INFO herdr::app::actions: copied selection to clipboard
2026-08-25T10:53:25.046998Z  INFO herdr::logging: session saved event="persist.save" subsystem="persist" outcome="ok" path=/Users/wqin/.config/herdr/session.json workspaces=3
2026-08-25T10:53:27.761207Z  INFO herdr::pane: agent changed pane=8 previous_agent=Some(Codex) agent=None pgid=Some(52067)
2026-08-25T10:53:48.350788Z  INFO herdr::pane: agent changed pane=8 previous_agent=None agent=Some(Codex) process=codex pgid=Some(94240)
2026-08-25T11:08:31.657611Z  INFO herdr::logging: checking for updates event="update.check.start" subsystem="update" outcome="started"
2026-08-25T11:38:31.682167Z  INFO herdr::logging: checking for updates event="update.check.start" subsystem="update" outcome="started"
2026-08-25T11:57:05.874658Z  INFO herdr::app::actions: copied selection to clipboard
2026-08-25T11:57:14.316328Z  INFO herdr::app::actions: copied selection to clipboard
2026-08-25T12:08:31.706915Z  INFO herdr::logging: checking for updates event="update.check.start" subsystem="update" outcome="started"
2026-08-25T12:23:24.939534Z  INFO herdr::app::actions: copied selection to clipboard
2026-08-25T12:34:15.258583Z  INFO herdr::logging: workspace focused event="workspace.focus" subsystem="workspace" outcome="ok" workspace_id="w5"
2026-08-25T12:34:15.259289Z  INFO herdr::logging: tab focused event="tab.focus" subsystem="tab" outcome="ok" workspace_id="w5" tab_id="w5:t1"
2026-08-25T12:34:20.283541Z  INFO herdr::logging: session saved event="persist.save" subsystem="persist" outcome="ok" path=/Users/wqin/.config/herdr/session.json workspaces=3
2026-08-25T12:34:44.042622Z  INFO herdr::logging: workspace focused event="workspace.focus" subsystem="workspace" outcome="ok" workspace_id="w6"
2026-08-25T12:34:44.042791Z  INFO herdr::logging: tab focused event="tab.focus" subsystem="tab" outcome="ok" workspace_id="w6" tab_id="w6:t1"
2026-08-25T12:34:49.070072Z  INFO herdr::logging: session saved event="persist.save" subsystem="persist" outcome="ok" path=/Users/wqin/.config/herdr/session.json workspaces=3
2026-08-25T12:38:31.696686Z  INFO herdr::logging: checking for updates event="update.check.start" subsystem="update" outcome="started"
2026-08-25T13:08:31.783009Z  INFO herdr::logging: checking for updates event="update.check.start" subsystem="update" outcome="started"
2026-08-25T13:13:33.896435Z  INFO herdr::logging: workspace focused event="workspace.focus" subsystem="workspace" outcome="ok" workspace_id="w4"
2026-08-25T13:13:33.896591Z  INFO herdr::logging: tab focused event="tab.focus" subsystem="tab" outcome="ok" workspace_id="w4" tab_id="w4:t1"
2026-08-25T13:13:34.606381Z  INFO herdr::logging: workspace focused event="workspace.focus" subsystem="workspace" outcome="ok" workspace_id="w5"
2026-08-25T13:13:34.606531Z  INFO herdr::logging: tab focused event="tab.focus" subsystem="tab" outcome="ok" workspace_id="w5" tab_id="w5:t1"
2026-08-25T13:13:35.095757Z  INFO herdr::logging: workspace focused event="workspace.focus" subsystem="workspace" outcome="ok" workspace_id="w6"
2026-08-25T13:13:35.095897Z  INFO herdr::logging: tab focused event="tab.focus" subsystem="tab" outcome="ok" workspace_id="w6" tab_id="w6:t1"
2026-08-25T13:13:40.062189Z  INFO herdr::logging: session saved event="persist.save" subsystem="persist" outcome="ok" path=/Users/wqin/.config/herdr/session.json workspaces=3
2026-08-25T13:13:58.585235Z  INFO herdr::server::headless: client resize client_id=2 cols=238 rows=55 cell_width_px=0 cell_height_px=0
2026-08-25T13:13:59.078488Z  INFO herdr::server::headless: client resize client_id=2 cols=238 rows=56 cell_width_px=0 cell_height_px=0
2026-08-25T13:13:59.701760Z  INFO herdr::server::headless: client resize client_id=2 cols=224 rows=54 cell_width_px=0 cell_height_px=0
2026-08-25T13:14:01.984392Z  INFO herdr::server::headless: client resize client_id=2 cols=237 rows=56 cell_width_px=0 cell_height_px=0
2026-08-25T13:14:02.084564Z  INFO herdr::server::headless: client resize client_id=2 cols=237 rows=56 cell_width_px=0 cell_height_px=0
2026-08-25T13:14:02.296542Z  INFO herdr::server::headless: client resize client_id=2 cols=238 rows=56 cell_width_px=0 cell_height_px=0
2026-08-25T13:14:03.544610Z  INFO herdr::server::headless: client resize client_id=2 cols=224 rows=54 cell_width_px=0 cell_height_px=0
2026-08-25T13:24:52.716259Z  INFO herdr::server::headless: client resize client_id=2 cols=237 rows=56 cell_width_px=0 cell_height_px=0
2026-08-25T13:24:52.832370Z  INFO herdr::server::headless: client resize client_id=2 cols=238 rows=56 cell_width_px=0 cell_height_px=0
2026-08-25T13:24:52.933007Z  INFO herdr::server::headless: client resize client_id=2 cols=238 rows=56 cell_width_px=0 cell_height_px=0
2026-08-25T13:24:53.843249Z  INFO herdr::server::headless: client resize client_id=2 cols=224 rows=54 cell_width_px=0 cell_height_px=0
2026-08-25T13:24:53.915578Z  INFO herdr::server::headless: client resize client_id=2 cols=224 rows=54 cell_width_px=0 cell_height_px=0
2026-08-25T13:24:56.190895Z  INFO herdr::server::headless: client resize client_id=2 cols=237 rows=56 cell_width_px=0 cell_height_px=0
2026-08-25T13:24:56.294226Z  INFO herdr::server::headless: client resize client_id=2 cols=238 rows=56 cell_width_px=0 cell_height_px=0
2026-08-25T13:24:57.759081Z  INFO herdr::server::headless: client resize client_id=2 cols=224 rows=54 cell_width_px=0 cell_height_px=0
2026-08-25T13:24:57.860243Z  INFO herdr::server::headless: client resize client_id=2 cols=224 rows=54 cell_width_px=0 cell_height_px=0
2026-08-25T13:35:40.954566Z  INFO herdr::server::headless: client resize client_id=2 cols=237 rows=56 cell_width_px=0 cell_height_px=0
2026-08-25T13:35:41.162172Z  INFO herdr::server::headless: client resize client_id=2 cols=238 rows=56 cell_width_px=0 cell_height_px=0
2026-08-25T13:35:41.984821Z  INFO herdr::server::headless: client resize client_id=2 cols=224 rows=54 cell_width_px=0 cell_height_px=0
2026-08-25T13:35:42.083182Z  INFO herdr::server::headless: client resize client_id=2 cols=224 rows=54 cell_width_px=0 cell_height_px=0
2026-08-25T13:35:44.297209Z  INFO herdr::server::headless: client resize client_id=2 cols=238 rows=56 cell_width_px=0 cell_height_px=0
2026-08-25T13:35:45.853027Z  INFO herdr::server::headless: client resize client_id=2 cols=224 rows=54 cell_width_px=0 cell_height_px=0
2026-08-25T13:39:48.849036Z  INFO herdr::logging: checking for updates event="update.check.start" subsystem="update" outcome="started"
2026-08-25T17:12:04.790924Z  INFO herdr::logging: checking for updates event="update.check.start" subsystem="update" outcome="started"
2026-08-25T17:42:04.836324Z  INFO herdr::logging: checking for updates event="update.check.start" subsystem="update" outcome="started"
2026-08-25T20:33:14.538379Z  INFO herdr::logging: checking for updates event="update.check.start" subsystem="update" outcome="started"
2026-08-25T21:03:14.546663Z  INFO herdr::logging: checking for updates event="update.check.start" subsystem="update" outcome="started"
2026-08-25T22:23:55.405515Z  INFO herdr::logging: checking for updates event="update.check.start" subsystem="update" outcome="started"
2026-08-26T00:31:06.621572Z  INFO herdr::logging: checking for updates event="update.check.start" subsystem="update" outcome="started"
2026-08-26T01:01:06.629996Z  INFO herdr::logging: checking for updates event="update.check.start" subsystem="update" outcome="started"
2026-08-26T01:21:46.292788Z  INFO herdr::server::headless: client resize client_id=2 cols=238 rows=56 cell_width_px=0 cell_height_px=0
2026-08-26T01:21:47.328907Z  INFO herdr::server::headless: client resize client_id=2 cols=224 rows=54 cell_width_px=0 cell_height_px=0
2026-08-26T01:21:49.640568Z  INFO herdr::server::headless: client resize client_id=2 cols=238 rows=56 cell_width_px=0 cell_height_px=0
2026-08-26T01:21:51.152509Z  INFO herdr::server::headless: client resize client_id=2 cols=224 rows=54 cell_width_px=0 cell_height_px=0
2026-08-26T01:21:51.239855Z  INFO herdr::server::headless: client resize client_id=2 cols=224 rows=54 cell_width_px=0 cell_height_px=0
2026-08-26T01:22:37.755454Z  INFO herdr::logging: workspace focused event="workspace.focus" subsystem="workspace" outcome="ok" workspace_id="w5"
2026-08-26T01:22:37.755581Z  INFO herdr::logging: tab focused event="tab.focus" subsystem="tab" outcome="ok" workspace_id="w5" tab_id="w5:t1"
2026-08-26T01:22:42.770400Z  INFO herdr::logging: session saved event="persist.save" subsystem="persist" outcome="ok" path=/Users/wqin/.config/herdr/session.json workspaces=3
2026-08-26T01:43:33.272204Z  INFO herdr::logging: checking for updates event="update.check.start" subsystem="update" outcome="started"
2026-08-26T01:44:18.413313Z  INFO herdr::logging: workspace focused event="workspace.focus" subsystem="workspace" outcome="ok" workspace_id="w4"
2026-08-26T01:44:18.413608Z  INFO herdr::logging: tab focused event="tab.focus" subsystem="tab" outcome="ok" workspace_id="w4" tab_id="w4:t1"
2026-08-26T01:44:19.137496Z  INFO herdr::logging: workspace focused event="workspace.focus" subsystem="workspace" outcome="ok" workspace_id="w6"
2026-08-26T01:44:19.137656Z  INFO herdr::logging: tab focused event="tab.focus" subsystem="tab" outcome="ok" workspace_id="w6" tab_id="w6:t1"
2026-08-26T01:44:19.846812Z  INFO herdr::logging: workspace focused event="workspace.focus" subsystem="workspace" outcome="ok" workspace_id="w5"
2026-08-26T01:44:19.846961Z  INFO herdr::logging: tab focused event="tab.focus" subsystem="tab" outcome="ok" workspace_id="w5" tab_id="w5:t1"
2026-08-26T01:44:24.862517Z  INFO herdr::logging: session saved event="persist.save" subsystem="persist" outcome="ok" path=/Users/wqin/.config/herdr/session.json workspaces=3
2026-08-26T01:48:59.891995Z  INFO herdr::server::headless: client resize client_id=2 cols=111 rows=54 cell_width_px=0 cell_height_px=0
2026-08-26T01:49:09.237080Z  INFO herdr::server::headless: client resize client_id=2 cols=224 rows=54 cell_width_px=0 cell_height_px=0
2026-08-26T01:49:14.695761Z  INFO herdr::logging: tab focused event="tab.focus" subsystem="tab" outcome="ok" workspace_id="w5" tab_id="w5:t1"
2026-08-26T01:49:19.710349Z  INFO herdr::logging: session saved event="persist.save" subsystem="persist" outcome="ok" path=/Users/wqin/.config/herdr/session.json workspaces=3
2026-08-26T01:49:44.662488Z  INFO herdr::logging: tab focused event="tab.focus" subsystem="tab" outcome="ok" workspace_id="w5" tab_id="w5:t1"
2026-08-26T01:49:45.928877Z  INFO herdr::app::actions: copied selection to clipboard
2026-08-26T01:49:49.682966Z  INFO herdr::logging: session saved event="persist.save" subsystem="persist" outcome="ok" path=/Users/wqin/.config/herdr/session.json workspaces=3
2026-08-26T02:10:54.568866Z  INFO herdr::logging: tab focused event="tab.focus" subsystem="tab" outcome="ok" workspace_id="w5" tab_id="w5:t1"
2026-08-26T02:10:59.583789Z  INFO herdr::logging: session saved event="persist.save" subsystem="persist" outcome="ok" path=/Users/wqin/.config/herdr/session.json workspaces=3
2026-08-26T02:13:33.295011Z  INFO herdr::logging: checking for updates event="update.check.start" subsystem="update" outcome="started"
2026-08-26T02:14:32.285829Z  INFO herdr::app::actions: copied selection to clipboard
2026-08-26T02:19:29.204737Z  INFO herdr::logging: tab focused event="tab.focus" subsystem="tab" outcome="ok" workspace_id="w5" tab_id="w5:t1"
2026-08-26T02:19:29.756185Z  INFO herdr::app::actions: copied selection to clipboard
2026-08-26T02:19:33.238213Z  INFO herdr::app::actions: copied selection to clipboard
2026-08-26T02:19:34.222467Z  INFO herdr::logging: session saved event="persist.save" subsystem="persist" outcome="ok" path=/Users/wqin/.config/herdr/session.json workspaces=3
2026-08-26T02:23:19.902005Z  INFO herdr::logging: tab focused event="tab.focus" subsystem="tab" outcome="ok" workspace_id="w5" tab_id="w5:t1"
2026-08-26T02:23:24.913797Z  INFO herdr::logging: session saved event="persist.save" subsystem="persist" outcome="ok" path=/Users/wqin/.config/herdr/session.json workspaces=3
2026-08-26T02:26:03.658745Z  INFO herdr::server::headless: client resize client_id=2 cols=111 rows=54 cell_width_px=0 cell_height_px=0
2026-08-26T02:26:22.266834Z  INFO herdr::server::headless: client resize client_id=2 cols=224 rows=54 cell_width_px=0 cell_height_px=0
2026-08-26T02:27:18.786806Z  INFO herdr::app::actions: copied selection to clipboard
2026-08-26T02:43:33.320912Z  INFO herdr::logging: checking for updates event="update.check.start" subsystem="update" outcome="started"
2026-08-26T02:48:19.265492Z  INFO herdr::logging: workspace focused event="workspace.focus" subsystem="workspace" outcome="ok" workspace_id="w6"
2026-08-26T02:48:19.265654Z  INFO herdr::logging: tab focused event="tab.focus" subsystem="tab" outcome="ok" workspace_id="w6" tab_id="w6:t1"
2026-08-26T02:48:20.433747Z  INFO herdr::logging: workspace focused event="workspace.focus" subsystem="workspace" outcome="ok" workspace_id="w4"
2026-08-26T02:48:20.433882Z  INFO herdr::logging: tab focused event="tab.focus" subsystem="tab" outcome="ok" workspace_id="w4" tab_id="w4:t1"
2026-08-26T02:48:21.652853Z  INFO herdr::logging: workspace focused event="workspace.focus" subsystem="workspace" outcome="ok" workspace_id="w5"
2026-08-26T02:48:21.652996Z  INFO herdr::logging: tab focused event="tab.focus" subsystem="tab" outcome="ok" workspace_id="w5" tab_id="w5:t1"
2026-08-26T02:48:22.608302Z  INFO herdr::logging: workspace focused event="workspace.focus" subsystem="workspace" outcome="ok" workspace_id="w6"
2026-08-26T02:48:22.608450Z  INFO herdr::logging: tab focused event="tab.focus" subsystem="tab" outcome="ok" workspace_id="w6" tab_id="w6:t1"
2026-08-26T02:48:23.126819Z  INFO herdr::logging: workspace focused event="workspace.focus" subsystem="workspace" outcome="ok" workspace_id="w4"
2026-08-26T02:48:23.126958Z  INFO herdr::logging: tab focused event="tab.focus" subsystem="tab" outcome="ok" workspace_id="w4" tab_id="w4:t1"
2026-08-26T02:48:24.554608Z  INFO herdr::logging: tab focused event="tab.focus" subsystem="tab" outcome="ok" workspace_id="w4" tab_id="w4:t1"
2026-08-26T02:48:28.022314Z  INFO herdr::pane: agent changed pane=4 previous_agent=None agent=Some(Codex) process=codex pgid=Some(73306)
2026-08-26T02:48:29.570861Z  INFO herdr::logging: session saved event="persist.save" subsystem="persist" outcome="ok" path=/Users/wqin/.config/herdr/session.json workspaces=3
2026-08-26T02:48:35.755452Z  INFO herdr::logging: workspace focused event="workspace.focus" subsystem="workspace" outcome="ok" workspace_id="w5"
2026-08-26T02:48:35.755607Z  INFO herdr::logging: tab focused event="tab.focus" subsystem="tab" outcome="ok" workspace_id="w5" tab_id="w5:t1"
2026-08-26T02:48:36.106105Z  INFO herdr::logging: workspace focused event="workspace.focus" subsystem="workspace" outcome="ok" workspace_id="w6"
2026-08-26T02:48:36.106240Z  INFO herdr::logging: tab focused event="tab.focus" subsystem="tab" outcome="ok" workspace_id="w6" tab_id="w6:t1"
2026-08-26T02:48:36.388607Z  INFO herdr::logging: workspace focused event="workspace.focus" subsystem="workspace" outcome="ok" workspace_id="w4"
2026-08-26T02:48:36.388746Z  INFO herdr::logging: tab focused event="tab.focus" subsystem="tab" outcome="ok" workspace_id="w4" tab_id="w4:t1"
2026-08-26T02:48:36.850126Z  INFO herdr::logging: tab focused event="tab.focus" subsystem="tab" outcome="ok" workspace_id="w4" tab_id="w4:t1"
2026-08-26T02:48:37.182964Z  INFO herdr::logging: workspace focused event="workspace.focus" subsystem="workspace" outcome="ok" workspace_id="w5"
2026-08-26T02:48:37.183125Z  INFO herdr::logging: tab focused event="tab.focus" subsystem="tab" outcome="ok" workspace_id="w5" tab_id="w5:t1"
2026-08-26T02:48:37.571825Z  INFO herdr::logging: workspace focused event="workspace.focus" subsystem="workspace" outcome="ok" workspace_id="w4"
2026-08-26T02:48:37.571973Z  INFO herdr::logging: tab focused event="tab.focus" subsystem="tab" outcome="ok" workspace_id="w4" tab_id="w4:t1"
2026-08-26T02:48:41.311799Z  INFO herdr::pane: agent changed pane=4 previous_agent=Some(Codex) agent=None pgid=Some(70368)
2026-08-26T02:48:41.889117Z  INFO herdr::logging: tab focused event="tab.focus" subsystem="tab" outcome="ok" workspace_id="w4" tab_id="w4:t1"
2026-08-26T02:48:46.904704Z  INFO herdr::logging: session saved event="persist.save" subsystem="persist" outcome="ok" path=/Users/wqin/.config/herdr/session.json workspaces=3
2026-08-26T02:48:51.662490Z  INFO herdr::logging: tab focused event="tab.focus" subsystem="tab" outcome="ok" workspace_id="w4" tab_id="w4:t1"
2026-08-26T02:48:56.683547Z  INFO herdr::logging: session saved event="persist.save" subsystem="persist" outcome="ok" path=/Users/wqin/.config/herdr/session.json workspaces=3
2026-08-26T03:00:32.646864Z  INFO herdr::logging: tab focused event="tab.focus" subsystem="tab" outcome="ok" workspace_id="w4" tab_id="w4:t1"
2026-08-26T03:00:37.665683Z  INFO herdr::logging: session saved event="persist.save" subsystem="persist" outcome="ok" path=/Users/wqin/.config/herdr/session.json workspaces=3
2026-08-26T03:09:04.908732Z  INFO herdr::server::headless: client resize client_id=2 cols=111 rows=54 cell_width_px=0 cell_height_px=0
2026-08-26T03:09:32.734205Z  INFO herdr::server::headless: client resize client_id=2 cols=224 rows=54 cell_width_px=0 cell_height_px=0
2026-08-26T03:09:37.407950Z  INFO herdr::logging: workspace focused event="workspace.focus" subsystem="workspace" outcome="ok" workspace_id="w6"
2026-08-26T03:09:37.408115Z  INFO herdr::logging: tab focused event="tab.focus" subsystem="tab" outcome="ok" workspace_id="w6" tab_id="w6:t1"
2026-08-26T03:09:42.424504Z  INFO herdr::logging: session saved event="persist.save" subsystem="persist" outcome="ok" path=/Users/wqin/.config/herdr/session.json workspaces=3
2026-08-26T03:09:44.249686Z  INFO herdr::logging: workspace focused event="workspace.focus" subsystem="workspace" outcome="ok" workspace_id="w5"
2026-08-26T03:09:44.249815Z  INFO herdr::logging: tab focused event="tab.focus" subsystem="tab" outcome="ok" workspace_id="w5" tab_id="w5:t1"
2026-08-26T03:09:49.266145Z  INFO herdr::logging: session saved event="persist.save" subsystem="persist" outcome="ok" path=/Users/wqin/.config/herdr/session.json workspaces=3
2026-08-26T03:10:00.253502Z  INFO herdr::app::actions: copied selection to clipboard
2026-08-26T03:10:01.185960Z  INFO herdr::app::actions: copied selection to clipboard
2026-08-26T03:11:00.324690Z  INFO herdr::app::actions: copied selection to clipboard
2026-08-26T03:11:01.430069Z  INFO herdr::app::actions: copied selection to clipboard
2026-08-26T03:11:03.736463Z  INFO herdr::app::actions: copied selection to clipboard
2026-08-26T03:11:09.094590Z  INFO herdr::app::actions: copied selection to clipboard
2026-08-26T03:11:16.906603Z  INFO herdr::app::actions: copied selection to clipboard
2026-08-26T03:11:20.310314Z  INFO herdr::app::actions: copied selection to clipboard
2026-08-26T03:11:25.788760Z  INFO herdr::app::actions: copied selection to clipboard
2026-08-26T03:11:29.112467Z  INFO herdr::app::actions: copied selection to clipboard
2026-08-26T03:11:31.386789Z  INFO herdr::app::actions: copied selection to clipboard
2026-08-26T03:11:35.485504Z  INFO herdr::app::actions: copied selection to clipboard
2026-08-26T03:13:31.484834Z  INFO herdr::logging: spawning pane terminal event="pane.spawn.start" subsystem="pane" outcome="started" pane_id=10 rows=53 cols=99 scrollback_limit_bytes=10000000
2026-08-26T03:13:31.491853Z  INFO herdr::logging: pane child spawned event="pane.spawned" subsystem="pane" outcome="ok" pane_id=10 pid=99344
2026-08-26T03:13:31.492336Z  INFO herdr::logging: tab focused event="tab.focus" subsystem="tab" outcome="ok" workspace_id="w5" tab_id="w5:t2"
2026-08-26T03:13:33.274591Z  INFO herdr::logging: checking for updates event="update.check.start" subsystem="update" outcome="started"
2026-08-26T03:13:36.505593Z  INFO herdr::logging: session saved event="persist.save" subsystem="persist" outcome="ok" path=/Users/wqin/.config/herdr/session.json workspaces=3
2026-08-26T03:13:47.627079Z  INFO herdr::pane: agent changed pane=10 previous_agent=None agent=Some(Codex) process=codex pgid=Some(99646)
2026-08-26T03:13:55.590632Z  INFO herdr::app::actions: copied selection to clipboard
2026-08-26T03:13:58.171629Z  INFO herdr::app::actions: copied selection to clipboard
2026-08-26T03:14:21.218217Z  INFO herdr::logging: tab focused event="tab.focus" subsystem="tab" outcome="ok" workspace_id="w5" tab_id="w5:t1"
2026-08-26T03:14:21.907873Z  INFO herdr::logging: tab focused event="tab.focus" subsystem="tab" outcome="ok" workspace_id="w5" tab_id="w5:t2"
2026-08-26T03:14:22.443535Z  INFO herdr::logging: tab focused event="tab.focus" subsystem="tab" outcome="ok" workspace_id="w5" tab_id="w5:t1"
2026-08-26T03:14:23.137710Z  INFO herdr::logging: tab focused event="tab.focus" subsystem="tab" outcome="ok" workspace_id="w5" tab_id="w5:t2"
2026-08-26T03:14:28.156053Z  INFO herdr::logging: session saved event="persist.save" subsystem="persist" outcome="ok" path=/Users/wqin/.config/herdr/session.json workspaces=3
2026-08-26T03:14:28.551396Z  INFO herdr::app::actions: copied selection to clipboard
2026-08-26T03:14:30.723699Z  INFO herdr::logging: tab focused event="tab.focus" subsystem="tab" outcome="ok" workspace_id="w5" tab_id="w5:t1"
2026-08-26T03:14:32.545347Z  INFO herdr::logging: tab focused event="tab.focus" subsystem="tab" outcome="ok" workspace_id="w5" tab_id="w5:t1"
2026-08-26T03:14:33.743458Z  INFO herdr::logging: workspace focused event="workspace.focus" subsystem="workspace" outcome="ok" workspace_id="w6"
2026-08-26T03:14:33.743604Z  INFO herdr::logging: tab focused event="tab.focus" subsystem="tab" outcome="ok" workspace_id="w6" tab_id="w6:t1"
2026-08-26T03:14:34.147484Z  INFO herdr::logging: workspace focused event="workspace.focus" subsystem="workspace" outcome="ok" workspace_id="w4"
2026-08-26T03:14:34.147646Z  INFO herdr::logging: tab focused event="tab.focus" subsystem="tab" outcome="ok" workspace_id="w4" tab_id="w4:t1"
2026-08-26T03:14:34.507291Z  INFO herdr::logging: workspace focused event="workspace.focus" subsystem="workspace" outcome="ok" workspace_id="w6"
2026-08-26T03:14:34.507451Z  INFO herdr::logging: tab focused event="tab.focus" subsystem="tab" outcome="ok" workspace_id="w6" tab_id="w6:t1"
2026-08-26T03:14:34.793906Z  INFO herdr::logging: workspace focused event="workspace.focus" subsystem="workspace" outcome="ok" workspace_id="w5"
2026-08-26T03:14:34.794056Z  INFO herdr::logging: tab focused event="tab.focus" subsystem="tab" outcome="ok" workspace_id="w5" tab_id="w5:t1"
2026-08-26T03:14:35.278085Z  INFO herdr::logging: tab focused event="tab.focus" subsystem="tab" outcome="ok" workspace_id="w5" tab_id="w5:t2"
2026-08-26T03:14:35.585683Z  INFO herdr::logging: tab focused event="tab.focus" subsystem="tab" outcome="ok" workspace_id="w5" tab_id="w5:t1"
2026-08-26T03:14:35.925390Z  INFO herdr::logging: workspace focused event="workspace.focus" subsystem="workspace" outcome="ok" workspace_id="w6"
2026-08-26T03:14:35.925523Z  INFO herdr::logging: tab focused event="tab.focus" subsystem="tab" outcome="ok" workspace_id="w6" tab_id="w6:t1"
2026-08-26T03:14:36.671675Z  INFO herdr::logging: workspace focused event="workspace.focus" subsystem="workspace" outcome="ok" workspace_id="w4"
2026-08-26T03:14:36.671819Z  INFO herdr::logging: tab focused event="tab.focus" subsystem="tab" outcome="ok" workspace_id="w4" tab_id="w4:t1"
2026-08-26T03:14:37.232311Z  INFO herdr::logging: workspace focused event="workspace.focus" subsystem="workspace" outcome="ok" workspace_id="w6"
2026-08-26T03:14:37.232449Z  INFO herdr::logging: tab focused event="tab.focus" subsystem="tab" outcome="ok" workspace_id="w6" tab_id="w6:t1"
2026-08-26T03:14:37.655359Z  INFO herdr::logging: workspace focused event="workspace.focus" subsystem="workspace" outcome="ok" workspace_id="w5"
2026-08-26T03:14:37.655509Z  INFO herdr::logging: tab focused event="tab.focus" subsystem="tab" outcome="ok" workspace_id="w5" tab_id="w5:t1"
2026-08-26T03:14:38.311656Z  INFO herdr::logging: tab focused event="tab.focus" subsystem="tab" outcome="ok" workspace_id="w5" tab_id="w5:t2"
2026-08-26T03:14:40.742914Z  INFO herdr::logging: workspace focused event="workspace.focus" subsystem="workspace" outcome="ok" workspace_id="w4"
2026-08-26T03:14:40.743091Z  INFO herdr::logging: tab focused event="tab.focus" subsystem="tab" outcome="ok" workspace_id="w4" tab_id="w4:t1"
2026-08-26T03:14:45.318349Z  INFO herdr::logging: workspace focused event="workspace.focus" subsystem="workspace" outcome="ok" workspace_id="w6"
2026-08-26T03:14:45.318486Z  INFO herdr::logging: tab focused event="tab.focus" subsystem="tab" outcome="ok" workspace_id="w6" tab_id="w6:t1"
2026-08-26T03:14:45.874934Z  INFO herdr::logging: workspace focused event="workspace.focus" subsystem="workspace" outcome="ok" workspace_id="w5"
2026-08-26T03:14:45.875056Z  INFO herdr::logging: tab focused event="tab.focus" subsystem="tab" outcome="ok" workspace_id="w5" tab_id="w5:t1"
2026-08-26T03:14:46.351468Z  INFO herdr::logging: workspace focused event="workspace.focus" subsystem="workspace" outcome="ok" workspace_id="w6"
2026-08-26T03:14:46.351609Z  INFO herdr::logging: tab focused event="tab.focus" subsystem="tab" outcome="ok" workspace_id="w6" tab_id="w6:t1"
2026-08-26T03:14:51.368833Z  INFO herdr::logging: session saved event="persist.save" subsystem="persist" outcome="ok" path=/Users/wqin/.config/herdr/session.json workspaces=3
2026-08-26T03:15:04.103094Z  INFO herdr::server::headless: client resize client_id=2 cols=111 rows=54 cell_width_px=0 cell_height_px=0
2026-08-26T03:15:31.752271Z  INFO herdr::server::headless: client resize client_id=2 cols=224 rows=54 cell_width_px=0 cell_height_px=0
2026-08-26T03:15:38.071545Z  INFO herdr::app::actions: copied selection to clipboard
2026-08-26T03:16:01.528735Z  INFO herdr::app::actions: copied selection to clipboard
2026-08-26T03:16:02.072825Z  INFO herdr::logging: workspace focused event="workspace.focus" subsystem="workspace" outcome="ok" workspace_id="w5"
2026-08-26T03:16:02.072915Z  INFO herdr::logging: tab focused event="tab.focus" subsystem="tab" outcome="ok" workspace_id="w5" tab_id="w5:t1"
2026-08-26T03:16:04.190046Z  INFO herdr::logging: tab focused event="tab.focus" subsystem="tab" outcome="ok" workspace_id="w5" tab_id="w5:t2"
2026-08-26T03:16:09.204708Z  INFO herdr::logging: session saved event="persist.save" subsystem="persist" outcome="ok" path=/Users/wqin/.config/herdr/session.json workspaces=3
2026-08-26T03:16:10.414567Z  INFO herdr::logging: workspace focused event="workspace.focus" subsystem="workspace" outcome="ok" workspace_id="w5"
2026-08-26T03:16:10.414731Z  INFO herdr::logging: tab focused event="tab.focus" subsystem="tab" outcome="ok" workspace_id="w5" tab_id="w5:t2"
2026-08-26T03:16:10.414829Z  INFO herdr::logging: tab focused event="tab.focus" subsystem="tab" outcome="ok" workspace_id="w5" tab_id="w5:t2"
2026-08-26T03:16:10.419046Z  INFO herdr::logging: pane child exited event="pane.exit" subsystem="pane" outcome="completed" pane_id=10 status="ExitStatus { code: 1, signal: None }"
2026-08-26T03:16:10.439913Z  INFO herdr::pane: pane session terminated pane=10 pid=99344 signal=Hangup
2026-08-26T03:16:10.440456Z  WARN herdr::app::actions: PaneDied for unknown pane pane=10
2026-08-26T03:16:12.936978Z  INFO herdr::logging: workspace focused event="workspace.focus" subsystem="workspace" outcome="ok" workspace_id="w6"
2026-08-26T03:16:12.937134Z  INFO herdr::logging: tab focused event="tab.focus" subsystem="tab" outcome="ok" workspace_id="w6" tab_id="w6:t1"
2026-08-26T03:16:17.953697Z  INFO herdr::logging: session saved event="persist.save" subsystem="persist" outcome="ok" path=/Users/wqin/.config/herdr/session.json workspaces=3
2026-08-26T03:16:24.929524Z  INFO herdr::logging: spawning pane terminal event="pane.spawn.start" subsystem="pane" outcome="started" pane_id=11 rows=53 cols=99 scrollback_limit_bytes=10000000
2026-08-26T03:16:24.936755Z  INFO herdr::logging: pane child spawned event="pane.spawned" subsystem="pane" outcome="ok" pane_id=11 pid=3264
2026-08-26T03:16:24.937180Z  INFO herdr::logging: tab focused event="tab.focus" subsystem="tab" outcome="ok" workspace_id="w6" tab_id="w6:t2"
2026-08-26T03:16:29.949950Z  INFO herdr::logging: session saved event="persist.save" subsystem="persist" outcome="ok" path=/Users/wqin/.config/herdr/session.json workspaces=3
2026-08-26T03:19:52.881764Z  INFO herdr::logging: workspace focused event="workspace.focus" subsystem="workspace" outcome="ok" workspace_id="w5"
2026-08-26T03:19:52.881937Z  INFO herdr::logging: tab focused event="tab.focus" subsystem="tab" outcome="ok" workspace_id="w5" tab_id="w5:t1"
2026-08-26T03:19:57.901518Z  INFO herdr::logging: session saved event="persist.save" subsystem="persist" outcome="ok" path=/Users/wqin/.config/herdr/session.json workspaces=3
2026-08-26T03:33:59.357790Z  INFO herdr::server::headless: client resize client_id=2 cols=237 rows=56 cell_width_px=0 cell_height_px=0
2026-08-26T03:34:00.290100Z  INFO herdr::server::headless: client resize client_id=2 cols=223 rows=55 cell_width_px=0 cell_height_px=0
2026-08-26T03:34:00.394369Z  INFO herdr::server::headless: client resize client_id=2 cols=224 rows=54 cell_width_px=0 cell_height_px=0
2026-08-26T03:34:02.699651Z  INFO herdr::server::headless: client resize client_id=2 cols=237 rows=56 cell_width_px=0 cell_height_px=0
2026-08-26T03:34:04.207211Z  INFO herdr::server::headless: client resize client_id=2 cols=224 rows=54 cell_width_px=0 cell_height_px=0
2026-08-26T03:43:52.991620Z  INFO herdr::logging: checking for updates event="update.check.start" subsystem="update" outcome="started"
2026-08-26T04:03:06.761295Z  INFO herdr::app::actions: copied selection to clipboard
2026-08-26T04:05:13.523579Z  INFO herdr::server::headless: client resize client_id=2 cols=111 rows=54 cell_width_px=0 cell_height_px=0
2026-08-26T04:07:07.126073Z  INFO herdr::pane: agent changed pane=6 previous_agent=Some(Codex) agent=None pgid=Some(46408)
2026-08-26T04:07:17.675608Z  INFO herdr::pane: agent changed pane=6 previous_agent=None agent=Some(Codex) process=codex pgid=Some(50525)
2026-08-26T04:07:49.818305Z  INFO herdr::server::headless: client resize client_id=2 cols=224 rows=54 cell_width_px=0 cell_height_px=0
2026-08-26T04:08:09.275124Z  INFO herdr::server::headless: client resize client_id=2 cols=111 rows=54 cell_width_px=0 cell_height_px=0
2026-08-26T04:08:22.165568Z  INFO herdr::server::headless: client resize client_id=2 cols=224 rows=54 cell_width_px=0 cell_height_px=0
2026-08-26T04:08:29.736132Z  INFO herdr::server::headless: client resize client_id=2 cols=111 rows=54 cell_width_px=0 cell_height_px=0
2026-08-26T04:11:30.164033Z  INFO herdr::app::actions: copied selection to clipboard
2026-08-26T04:13:52.959454Z  INFO herdr::logging: checking for updates event="update.check.start" subsystem="update" outcome="started"
2026-08-26T04:27:06.210158Z  INFO herdr::server::headless: client resize client_id=2 cols=224 rows=54 cell_width_px=0 cell_height_px=0
2026-08-26T04:27:11.613181Z  INFO herdr::server::headless: client resize client_id=2 cols=111 rows=54 cell_width_px=0 cell_height_px=0
2026-08-26T04:27:15.958624Z  INFO herdr::server::headless: client resize client_id=2 cols=224 rows=54 cell_width_px=0 cell_height_px=0
2026-08-26T04:40:00.200874Z  INFO herdr::pane: agent changed pane=6 previous_agent=Some(Codex) agent=None pgid=Some(46408)
2026-08-26T04:40:07.744907Z  INFO herdr::pane: agent changed pane=6 previous_agent=None agent=Some(Codex) process=codex pgid=Some(85863)
2026-08-26T04:43:53.072410Z  INFO herdr::logging: checking for updates event="update.check.start" subsystem="update" outcome="started"
2026-08-26T05:13:53.121320Z  INFO herdr::logging: checking for updates event="update.check.start" subsystem="update" outcome="started"
2026-08-26T05:43:53.160497Z  INFO herdr::logging: checking for updates event="update.check.start" subsystem="update" outcome="started"
2026-08-26T06:13:53.058348Z  INFO herdr::logging: checking for updates event="update.check.start" subsystem="update" outcome="started"
2026-08-26T06:38:15.282231Z  INFO herdr::server::headless: client resize client_id=2 cols=238 rows=55 cell_width_px=0 cell_height_px=0
2026-08-26T06:38:15.673959Z  INFO herdr::server::headless: client resize client_id=2 cols=237 rows=56 cell_width_px=0 cell_height_px=0
2026-08-26T06:38:16.140930Z  INFO herdr::server::headless: client resize client_id=2 cols=224 rows=54 cell_width_px=0 cell_height_px=0
2026-08-26T06:38:16.256827Z  INFO herdr::server::headless: client resize client_id=2 cols=224 rows=54 cell_width_px=0 cell_height_px=0
2026-08-26T06:38:18.345214Z  INFO herdr::server::headless: client resize client_id=2 cols=237 rows=56 cell_width_px=0 cell_height_px=0
2026-08-26T06:38:18.427964Z  INFO herdr::server::headless: client resize client_id=2 cols=237 rows=56 cell_width_px=0 cell_height_px=0
2026-08-26T06:38:19.460627Z  INFO herdr::server::headless: client resize client_id=2 cols=224 rows=54 cell_width_px=0 cell_height_px=0
2026-08-26T06:43:53.239229Z  INFO herdr::logging: checking for updates event="update.check.start" subsystem="update" outcome="started"
2026-08-26T07:13:53.249999Z  INFO herdr::logging: checking for updates event="update.check.start" subsystem="update" outcome="started"
2026-08-26T07:43:53.208179Z  INFO herdr::logging: checking for updates event="update.check.start" subsystem="update" outcome="started"
2026-08-26T08:13:53.224438Z  INFO herdr::logging: checking for updates event="update.check.start" subsystem="update" outcome="started"
2026-08-26T08:24:40.143990Z  INFO herdr::server::headless: client resize client_id=2 cols=237 rows=56 cell_width_px=0 cell_height_px=0
2026-08-26T08:24:41.198067Z  INFO herdr::server::headless: client resize client_id=2 cols=224 rows=54 cell_width_px=0 cell_height_px=0
2026-08-26T08:24:41.296654Z  INFO herdr::server::headless: client resize client_id=2 cols=224 rows=54 cell_width_px=0 cell_height_px=0
2026-08-26T08:24:43.731239Z  INFO herdr::server::headless: client resize client_id=2 cols=238 rows=55 cell_width_px=0 cell_height_px=0
2026-08-26T08:24:43.838424Z  INFO herdr::server::headless: client resize client_id=2 cols=237 rows=56 cell_width_px=0 cell_height_px=0
2026-08-26T08:24:45.393130Z  INFO herdr::server::headless: client resize client_id=2 cols=224 rows=54 cell_width_px=0 cell_height_px=0
2026-08-26T08:44:01.585142Z  INFO herdr::logging: checking for updates event="update.check.start" subsystem="update" outcome="started"
2026-08-26T09:14:01.539241Z  INFO herdr::logging: checking for updates event="update.check.start" subsystem="update" outcome="started"
2026-08-26T09:39:51.848902Z  INFO herdr::app::actions: copied selection to clipboard
2026-08-26T09:41:43.857309Z  INFO herdr::app::actions: copied selection to clipboard
2026-08-26T09:44:01.531642Z  INFO herdr::logging: checking for updates event="update.check.start" subsystem="update" outcome="started"
2026-08-26T10:14:01.510334Z  INFO herdr::logging: checking for updates event="update.check.start" subsystem="update" outcome="started"
2026-08-26T10:30:58.601943Z  INFO herdr::app::actions: copied selection to clipboard
2026-08-26T10:44:01.501763Z  INFO herdr::logging: checking for updates event="update.check.start" subsystem="update" outcome="started"
2026-08-26T10:44:51.803645Z  INFO herdr::app::actions: copied selection to clipboard
2026-08-26T10:46:44.139570Z  INFO herdr::app::actions: copied selection to clipboard
2026-08-26T11:14:01.490621Z  INFO herdr::logging: checking for updates event="update.check.start" subsystem="update" outcome="started"
2026-08-26T11:40:28.117356Z  INFO herdr::server::headless: client resize client_id=2 cols=238 rows=56 cell_width_px=0 cell_height_px=0
2026-08-26T11:40:28.967502Z  INFO herdr::server::headless: client resize client_id=2 cols=224 rows=54 cell_width_px=0 cell_height_px=0
2026-08-26T11:40:31.396358Z  INFO herdr::server::headless: client resize client_id=2 cols=238 rows=56 cell_width_px=0 cell_height_px=0
2026-08-26T11:40:32.957474Z  INFO herdr::server::headless: client resize client_id=2 cols=224 rows=54 cell_width_px=0 cell_height_px=0
2026-08-26T11:44:15.439651Z  INFO herdr::logging: checking for updates event="update.check.start" subsystem="update" outcome="started"
2026-08-26T11:50:48.173739Z  INFO herdr::server::headless: client resize client_id=2 cols=238 rows=56 cell_width_px=0 cell_height_px=0
2026-08-26T11:50:48.277787Z  INFO herdr::server::headless: client resize client_id=2 cols=238 rows=56 cell_width_px=0 cell_height_px=0
2026-08-26T11:50:49.313806Z  INFO herdr::server::headless: client resize client_id=2 cols=224 rows=54 cell_width_px=0 cell_height_px=0
2026-08-26T11:50:51.095313Z  INFO herdr::server::headless: client resize client_id=2 cols=238 rows=55 cell_width_px=0 cell_height_px=0
2026-08-26T11:50:51.196220Z  INFO herdr::server::headless: client resize client_id=2 cols=238 rows=56 cell_width_px=0 cell_height_px=0
2026-08-26T11:50:52.170673Z  INFO herdr::server::headless: client resize client_id=2 cols=224 rows=54 cell_width_px=0 cell_height_px=0
2026-08-26T11:50:52.252121Z  INFO herdr::server::headless: client resize client_id=2 cols=224 rows=54 cell_width_px=0 cell_height_px=0
2026-08-26T12:42:47.516673Z  INFO herdr::logging: checking for updates event="update.check.start" subsystem="update" outcome="started"
2026-08-26T13:12:47.485708Z  INFO herdr::logging: checking for updates event="update.check.start" subsystem="update" outcome="started"
2026-08-26T15:12:05.189534Z  INFO herdr::logging: checking for updates event="update.check.start" subsystem="update" outcome="started"
2026-08-26T15:43:16.840524Z  INFO herdr::logging: checking for updates event="update.check.start" subsystem="update" outcome="started"
2026-08-26T16:13:16.858652Z  INFO herdr::logging: checking for updates event="update.check.start" subsystem="update" outcome="started"
2026-08-26T17:23:02.930084Z  INFO herdr::logging: checking for updates event="update.check.start" subsystem="update" outcome="started"
2026-08-26T17:53:02.937303Z  INFO herdr::logging: checking for updates event="update.check.start" subsystem="update" outcome="started"
2026-08-26T18:59:03.848224Z  INFO herdr::logging: checking for updates event="update.check.start" subsystem="update" outcome="started"
2026-08-26T19:29:03.908596Z  INFO herdr::logging: checking for updates event="update.check.start" subsystem="update" outcome="started"
2026-08-26T20:42:22.999818Z  INFO herdr::logging: checking for updates event="update.check.start" subsystem="update" outcome="started"
2026-08-26T21:12:23.080593Z  INFO herdr::logging: checking for updates event="update.check.start" subsystem="update" outcome="started"
2026-08-26T23:34:44.411887Z  INFO herdr::logging: checking for updates event="update.check.start" subsystem="update" outcome="started"
2026-08-27T00:04:44.448036Z  INFO herdr::logging: checking for updates event="update.check.start" subsystem="update" outcome="started"
2026-08-27T00:47:40.429307Z  INFO herdr::logging: checking for updates event="update.check.start" subsystem="update" outcome="started"
2026-08-27T01:08:09.346803Z  INFO herdr::server::headless: client resize client_id=2 cols=238 rows=56 cell_width_px=0 cell_height_px=0
2026-08-27T01:08:09.448315Z  INFO herdr::server::headless: client resize client_id=2 cols=238 rows=56 cell_width_px=0 cell_height_px=0
2026-08-27T01:08:10.455917Z  INFO herdr::server::headless: client resize client_id=2 cols=224 rows=54 cell_width_px=0 cell_height_px=0
2026-08-27T01:08:12.752348Z  INFO herdr::server::headless: client resize client_id=2 cols=238 rows=56 cell_width_px=0 cell_height_px=0
2026-08-27T01:08:14.311043Z  INFO herdr::server::headless: client resize client_id=2 cols=224 rows=54 cell_width_px=0 cell_height_px=0
2026-08-27T01:17:40.387478Z  INFO herdr::logging: checking for updates event="update.check.start" subsystem="update" outcome="started"
2026-08-27T01:40:09.679658Z  INFO herdr::server::headless: client detach requested via keybind client_id=2
2026-08-27T01:40:09.691996Z  INFO herdr::server::headless: client disconnected client_id=2
2026-08-27T01:47:40.328989Z  INFO herdr::logging: checking for updates event="update.check.start" subsystem="update" outcome="started"
2026-08-27T01:58:21.336508Z  INFO herdr::server::headless: client connected client_id=4 cols=224 rows=54 cell_width_px=0 cell_height_px=0 render_encoding=SemanticFrame
2026-08-27T01:58:23.890906Z  INFO herdr::logging: workspace focused event="workspace.focus" subsystem="workspace" outcome="ok" workspace_id="w6"
2026-08-27T01:58:23.891023Z  INFO herdr::logging: tab focused event="tab.focus" subsystem="tab" outcome="ok" workspace_id="w6" tab_id="w6:t1"
2026-08-27T01:58:26.313312Z  INFO herdr::logging: workspace focused event="workspace.focus" subsystem="workspace" outcome="ok" workspace_id="w4"
2026-08-27T01:58:26.313454Z  INFO herdr::logging: tab focused event="tab.focus" subsystem="tab" outcome="ok" workspace_id="w4" tab_id="w4:t1"
2026-08-27T01:58:26.689021Z  INFO herdr::logging: workspace focused event="workspace.focus" subsystem="workspace" outcome="ok" workspace_id="w5"
2026-08-27T01:58:26.689183Z  INFO herdr::logging: tab focused event="tab.focus" subsystem="tab" outcome="ok" workspace_id="w5" tab_id="w5:t1"
2026-08-27T01:58:31.713627Z  INFO herdr::logging: session saved event="persist.save" subsystem="persist" outcome="ok" path=/Users/wqin/.config/herdr/session.json workspaces=3
2026-08-27T02:10:46.891225Z  INFO herdr::app::actions: copied selection to clipboard
2026-08-27T02:12:55.275857Z  INFO herdr::app::actions: copied selection to clipboard
2026-08-27T02:14:43.835470Z  INFO herdr::app::actions: copied selection to clipboard
2026-08-27T02:14:47.168296Z  INFO herdr::app::actions: copied selection to clipboard
2026-08-27T02:15:11.005207Z  INFO herdr::app::actions: copied selection to clipboard
2026-08-27T02:17:40.461300Z  INFO herdr::logging: checking for updates event="update.check.start" subsystem="update" outcome="started"
2026-08-27T02:39:12.042289Z  INFO herdr::pane: agent changed pane=6 previous_agent=Some(Codex) agent=None pgid=Some(46408)
2026-08-27T02:39:13.049531Z  INFO herdr::pane: agent changed pane=6 previous_agent=None agent=Some(Codex) process=codex pgid=Some(99910)
2026-08-27T02:40:24.850877Z  INFO herdr::logging: tab focused event="tab.focus" subsystem="tab" outcome="ok" workspace_id="w5" tab_id="w5:t1"
2026-08-27T02:40:24.853487Z  INFO herdr::logging: spawning pane terminal event="pane.spawn.start" subsystem="pane" outcome="started" pane_id=12 rows=53 cols=99 scrollback_limit_bytes=10000000
2026-08-27T02:40:24.859653Z  INFO herdr::logging: pane child spawned event="pane.spawned" subsystem="pane" outcome="ok" pane_id=12 pid=1303
2026-08-27T02:40:24.860221Z  INFO herdr::logging: tab focused event="tab.focus" subsystem="tab" outcome="ok" workspace_id="w5" tab_id="w5:t1"
2026-08-27T02:40:28.442950Z  INFO herdr::logging: tab focused event="tab.focus" subsystem="tab" outcome="ok" workspace_id="w5" tab_id="w5:t1"
2026-08-27T02:40:33.460818Z  INFO herdr::logging: session saved event="persist.save" subsystem="persist" outcome="ok" path=/Users/wqin/.config/herdr/session.json workspaces=3
2026-08-27T02:42:59.154618Z  INFO herdr::logging: tab focused event="tab.focus" subsystem="tab" outcome="ok" workspace_id="w5" tab_id="w5:t1"
2026-08-27T02:43:00.142933Z  INFO herdr::app::actions: copied selection to clipboard
2026-08-27T02:43:04.170561Z  INFO herdr::logging: session saved event="persist.save" subsystem="persist" outcome="ok" path=/Users/wqin/.config/herdr/session.json workspaces=3
2026-08-27T02:43:05.980662Z  INFO herdr::app::actions: copied selection to clipboard
2026-08-27T02:45:09.388560Z  INFO herdr::app::actions: copied selection to clipboard
2026-08-27T02:46:28.466799Z  INFO herdr::app::actions: copied selection to clipboard
2026-08-27T02:47:40.448046Z  INFO herdr::logging: checking for updates event="update.check.start" subsystem="update" outcome="started"
2026-08-27T02:47:58.783537Z  INFO herdr::app::actions: copied selection to clipboard
2026-08-27T02:48:01.948501Z  INFO herdr::app::actions: copied selection to clipboard
2026-08-27T02:48:17.457894Z  INFO herdr::app::actions: copied selection to clipboard
2026-08-27T02:48:56.759544Z  INFO herdr::app::actions: copied selection to clipboard
2026-08-27T02:49:12.251481Z  INFO herdr::app::actions: copied selection to clipboard
2026-08-27T02:49:33.713204Z  INFO herdr::app::actions: copied selection to clipboard
2026-08-27T02:49:46.311833Z  INFO herdr::app::actions: copied selection to clipboard
2026-08-27T02:50:40.211954Z  INFO herdr::app::actions: copied selection to clipboard
2026-08-27T02:50:42.156005Z  INFO herdr::app::actions: copied selection to clipboard
2026-08-27T02:50:56.166754Z  INFO herdr::app::actions: copied selection to clipboard
2026-08-27T02:51:59.218239Z  INFO herdr::app::actions: copied selection to clipboard
2026-08-27T03:08:43.399631Z  INFO herdr::server::headless: client resize client_id=4 cols=238 rows=55 cell_width_px=0 cell_height_px=0
2026-08-27T03:08:43.527912Z  INFO herdr::server::headless: client resize client_id=4 cols=238 rows=56 cell_width_px=0 cell_height_px=0
2026-08-27T03:08:44.402245Z  INFO herdr::server::headless: client resize client_id=4 cols=224 rows=54 cell_width_px=0 cell_height_px=0
2026-08-27T03:08:46.631798Z  INFO herdr::server::headless: client resize client_id=4 cols=238 rows=56 cell_width_px=0 cell_height_px=0
2026-08-27T03:08:46.698713Z  INFO herdr::server::headless: client resize client_id=4 cols=238 rows=56 cell_width_px=0 cell_height_px=0
2026-08-27T03:08:48.147561Z  INFO herdr::server::headless: client resize client_id=4 cols=224 rows=54 cell_width_px=0 cell_height_px=0
2026-08-27T03:12:58.281283Z  INFO herdr::server::headless: client resize client_id=4 cols=238 rows=56 cell_width_px=0 cell_height_px=0
2026-08-27T03:12:58.379215Z  INFO herdr::server::headless: client resize client_id=4 cols=238 rows=56 cell_width_px=0 cell_height_px=0
2026-08-27T03:12:59.400457Z  INFO herdr::server::headless: client resize client_id=4 cols=224 rows=54 cell_width_px=0 cell_height_px=0
2026-08-27T03:13:01.889970Z  INFO herdr::server::headless: client resize client_id=4 cols=238 rows=55 cell_width_px=0 cell_height_px=0
2026-08-27T03:13:01.993355Z  INFO herdr::server::headless: client resize client_id=4 cols=238 rows=56 cell_width_px=0 cell_height_px=0
2026-08-27T03:13:03.548410Z  INFO herdr::server::headless: client resize client_id=4 cols=224 rows=54 cell_width_px=0 cell_height_px=0
2026-08-27T03:17:40.336774Z  INFO herdr::server::headless: client resize client_id=4 cols=238 rows=55 cell_width_px=0 cell_height_px=0
2026-08-27T03:17:40.380229Z  INFO herdr::server::headless: client resize client_id=4 cols=238 rows=56 cell_width_px=0 cell_height_px=0
2026-08-27T03:17:41.430717Z  INFO herdr::server::headless: client resize client_id=4 cols=224 rows=54 cell_width_px=0 cell_height_px=0
2026-08-27T03:17:41.518675Z  INFO herdr::server::headless: client resize client_id=4 cols=224 rows=54 cell_width_px=0 cell_height_px=0
2026-08-27T03:17:44.060644Z  INFO herdr::server::headless: client resize client_id=4 cols=238 rows=56 cell_width_px=0 cell_height_px=0
2026-08-27T03:17:45.717286Z  INFO herdr::server::headless: client resize client_id=4 cols=224 rows=54 cell_width_px=0 cell_height_px=0
2026-08-27T03:18:57.651864Z  INFO herdr::server::headless: client resize client_id=4 cols=238 rows=56 cell_width_px=0 cell_height_px=0
2026-08-27T03:18:59.278315Z  INFO herdr::server::headless: client resize client_id=4 cols=224 rows=54 cell_width_px=0 cell_height_px=0
2026-08-27T03:21:46.400392Z  INFO herdr::server::headless: client resize client_id=4 cols=238 rows=56 cell_width_px=0 cell_height_px=0
2026-08-27T03:21:46.489735Z  INFO herdr::server::headless: client resize client_id=4 cols=238 rows=56 cell_width_px=0 cell_height_px=0
2026-08-27T03:21:47.424425Z  INFO herdr::server::headless: client resize client_id=4 cols=224 rows=54 cell_width_px=0 cell_height_px=0
2026-08-27T03:21:47.549815Z  INFO herdr::server::headless: client resize client_id=4 cols=224 rows=54 cell_width_px=0 cell_height_px=0
2026-08-27T03:21:49.732339Z  INFO herdr::server::headless: client resize client_id=4 cols=238 rows=55 cell_width_px=0 cell_height_px=0
2026-08-27T03:21:49.829548Z  INFO herdr::server::headless: client resize client_id=4 cols=238 rows=56 cell_width_px=0 cell_height_px=0
2026-08-27T03:21:51.366297Z  INFO herdr::server::headless: client resize client_id=4 cols=224 rows=54 cell_width_px=0 cell_height_px=0
2026-08-27T03:33:03.032710Z  INFO herdr::server::headless: client resize client_id=4 cols=238 rows=56 cell_width_px=0 cell_height_px=0
2026-08-27T03:33:03.108144Z  INFO herdr::server::headless: client resize client_id=4 cols=238 rows=56 cell_width_px=0 cell_height_px=0
2026-08-27T03:33:04.067547Z  INFO herdr::server::headless: client resize client_id=4 cols=224 rows=54 cell_width_px=0 cell_height_px=0
2026-08-27T03:33:06.468632Z  INFO herdr::server::headless: client resize client_id=4 cols=238 rows=56 cell_width_px=0 cell_height_px=0
2026-08-27T03:33:06.578100Z  INFO herdr::server::headless: client resize client_id=4 cols=238 rows=56 cell_width_px=0 cell_height_px=0
2026-08-27T03:33:08.128342Z  INFO herdr::server::headless: client resize client_id=4 cols=224 rows=54 cell_width_px=0 cell_height_px=0
2026-08-27T03:38:01.795030Z  INFO herdr::logging: checking for updates event="update.check.start" subsystem="update" outcome="started"
2026-08-27T04:07:33.475123Z  INFO herdr::app::actions: copied selection to clipboard
2026-08-27T04:08:01.817456Z  INFO herdr::logging: checking for updates event="update.check.start" subsystem="update" outcome="started"
2026-08-27T04:12:39.294812Z  INFO herdr::app::actions: copied selection to clipboard
2026-08-27T04:16:52.146121Z  INFO herdr::app::actions: copied selection to clipboard
2026-08-27T04:22:14.469713Z  INFO herdr::pane: agent changed pane=6 previous_agent=Some(Codex) agent=None pgid=Some(46408)
2026-08-27T04:22:15.979483Z  INFO herdr::pane: agent changed pane=6 previous_agent=None agent=Some(Codex) process=codex pgid=Some(94679)
2026-08-27T04:22:18.676725Z  INFO herdr::logging: workspace focused event="workspace.focus" subsystem="workspace" outcome="ok" workspace_id="w6"
2026-08-27T04:22:18.676805Z  INFO herdr::logging: tab focused event="tab.focus" subsystem="tab" outcome="ok" workspace_id="w6" tab_id="w6:t1"
2026-08-27T04:22:20.313405Z  INFO herdr::logging: workspace focused event="workspace.focus" subsystem="workspace" outcome="ok" workspace_id="w4"
2026-08-27T04:22:20.313464Z  INFO herdr::logging: tab focused event="tab.focus" subsystem="tab" outcome="ok" workspace_id="w4" tab_id="w4:t1"
2026-08-27T04:22:20.863387Z  INFO herdr::logging: workspace focused event="workspace.focus" subsystem="workspace" outcome="ok" workspace_id="w5"
2026-08-27T04:22:20.863524Z  INFO herdr::logging: tab focused event="tab.focus" subsystem="tab" outcome="ok" workspace_id="w5" tab_id="w5:t1"
2026-08-27T04:22:21.266373Z  INFO herdr::logging: workspace focused event="workspace.focus" subsystem="workspace" outcome="ok" workspace_id="w4"
2026-08-27T04:22:21.266504Z  INFO herdr::logging: tab focused event="tab.focus" subsystem="tab" outcome="ok" workspace_id="w4" tab_id="w4:t1"
2026-08-27T04:22:26.279221Z  INFO herdr::logging: session saved event="persist.save" subsystem="persist" outcome="ok" path=/Users/wqin/.config/herdr/session.json workspaces=3
2026-08-27T04:26:40.220893Z  INFO herdr::app::actions: copied selection to clipboard
2026-08-27T04:26:42.007787Z  INFO herdr::logging: workspace focused event="workspace.focus" subsystem="workspace" outcome="ok" workspace_id="w5"
2026-08-27T04:26:42.007897Z  INFO herdr::logging: tab focused event="tab.focus" subsystem="tab" outcome="ok" workspace_id="w5" tab_id="w5:t1"
2026-08-27T04:26:43.164714Z  INFO herdr::logging: workspace focused event="workspace.focus" subsystem="workspace" outcome="ok" workspace_id="w6"
2026-08-27T04:26:43.164821Z  INFO herdr::logging: tab focused event="tab.focus" subsystem="tab" outcome="ok" workspace_id="w6" tab_id="w6:t1"
2026-08-27T04:26:43.593781Z  INFO herdr::logging: workspace focused event="workspace.focus" subsystem="workspace" outcome="ok" workspace_id="w5"
2026-08-27T04:26:43.593894Z  INFO herdr::logging: tab focused event="tab.focus" subsystem="tab" outcome="ok" workspace_id="w5" tab_id="w5:t1"
2026-08-27T04:26:47.510117Z  INFO herdr::logging: workspace focused event="workspace.focus" subsystem="workspace" outcome="ok" workspace_id="w4"
2026-08-27T04:26:47.510152Z  INFO herdr::logging: tab focused event="tab.focus" subsystem="tab" outcome="ok" workspace_id="w4" tab_id="w4:t1"
2026-08-27T04:26:52.526125Z  INFO herdr::logging: session saved event="persist.save" subsystem="persist" outcome="ok" path=/Users/wqin/.config/herdr/session.json workspaces=3
2026-08-27T04:27:04.660396Z  INFO herdr::app::actions: copied selection to clipboard
2026-08-27T04:27:06.332510Z  INFO herdr::logging: workspace focused event="workspace.focus" subsystem="workspace" outcome="ok" workspace_id="w5"
2026-08-27T04:27:06.332564Z  INFO herdr::logging: tab focused event="tab.focus" subsystem="tab" outcome="ok" workspace_id="w5" tab_id="w5:t1"
2026-08-27T04:27:11.347674Z  INFO herdr::logging: session saved event="persist.save" subsystem="persist" outcome="ok" path=/Users/wqin/.config/herdr/session.json workspaces=3
2026-08-27T04:38:01.807422Z  INFO herdr::logging: checking for updates event="update.check.start" subsystem="update" outcome="started"
2026-08-27T04:39:39.595468Z  INFO herdr::logging: tab focused event="tab.focus" subsystem="tab" outcome="ok" workspace_id="w5" tab_id="w5:t1"
2026-08-27T04:39:44.522323Z  INFO herdr::server::headless: client detach requested via keybind client_id=4
2026-08-27T04:39:44.532284Z  INFO herdr::server::headless: client disconnected client_id=4
2026-08-27T04:39:44.604475Z  INFO herdr::logging: session saved event="persist.save" subsystem="persist" outcome="ok" path=/Users/wqin/.config/herdr/session.json workspaces=3
2026-08-27T05:08:01.873228Z  INFO herdr::logging: checking for updates event="update.check.start" subsystem="update" outcome="started"
2026-08-27T05:38:01.928691Z  INFO herdr::logging: checking for updates event="update.check.start" subsystem="update" outcome="started"
2026-08-27T06:08:01.940645Z  INFO herdr::logging: checking for updates event="update.check.start" subsystem="update" outcome="started"
2026-08-27T06:16:31.248755Z  INFO herdr::server::headless: client connected client_id=6 cols=224 rows=54 cell_width_px=0 cell_height_px=0 render_encoding=SemanticFrame
2026-08-27T06:16:46.412619Z  INFO herdr::logging: workspace focused event="workspace.focus" subsystem="workspace" outcome="ok" workspace_id="w6"
2026-08-27T06:16:46.412762Z  INFO herdr::logging: tab focused event="tab.focus" subsystem="tab" outcome="ok" workspace_id="w6" tab_id="w6:t1"
2026-08-27T06:16:47.095106Z  INFO herdr::logging: workspace focused event="workspace.focus" subsystem="workspace" outcome="ok" workspace_id="w4"
2026-08-27T06:16:47.095233Z  INFO herdr::logging: tab focused event="tab.focus" subsystem="tab" outcome="ok" workspace_id="w4" tab_id="w4:t1"
2026-08-27T06:16:47.374106Z  INFO herdr::logging: workspace focused event="workspace.focus" subsystem="workspace" outcome="ok" workspace_id="w5"
2026-08-27T06:16:47.374191Z  INFO herdr::logging: tab focused event="tab.focus" subsystem="tab" outcome="ok" workspace_id="w5" tab_id="w5:t1"
2026-08-27T06:16:52.389820Z  INFO herdr::logging: session saved event="persist.save" subsystem="persist" outcome="ok" path=/Users/wqin/.config/herdr/session.json workspaces=3
2026-08-27T06:16:53.000287Z  INFO herdr::logging: workspace focused event="workspace.focus" subsystem="workspace" outcome="ok" workspace_id="w4"
2026-08-27T06:16:53.000438Z  INFO herdr::logging: tab focused event="tab.focus" subsystem="tab" outcome="ok" workspace_id="w4" tab_id="w4:t1"
2026-08-27T06:16:53.383385Z  INFO herdr::logging: workspace focused event="workspace.focus" subsystem="workspace" outcome="ok" workspace_id="w6"
2026-08-27T06:16:53.383497Z  INFO herdr::logging: tab focused event="tab.focus" subsystem="tab" outcome="ok" workspace_id="w6" tab_id="w6:t1"
2026-08-27T06:16:54.162163Z  INFO herdr::logging: workspace focused event="workspace.focus" subsystem="workspace" outcome="ok" workspace_id="w5"
2026-08-27T06:16:54.162311Z  INFO herdr::logging: tab focused event="tab.focus" subsystem="tab" outcome="ok" workspace_id="w5" tab_id="w5:t1"
2026-08-27T06:16:56.812311Z  INFO herdr::logging: workspace focused event="workspace.focus" subsystem="workspace" outcome="ok" workspace_id="w6"
2026-08-27T06:16:56.812408Z  INFO herdr::logging: tab focused event="tab.focus" subsystem="tab" outcome="ok" workspace_id="w6" tab_id="w6:t1"
2026-08-27T06:16:57.702498Z  INFO herdr::logging: workspace focused event="workspace.focus" subsystem="workspace" outcome="ok" workspace_id="w5"
2026-08-27T06:16:57.702641Z  INFO herdr::logging: tab focused event="tab.focus" subsystem="tab" outcome="ok" workspace_id="w5" tab_id="w5:t1"
2026-08-27T06:17:02.717550Z  INFO herdr::logging: session saved event="persist.save" subsystem="persist" outcome="ok" path=/Users/wqin/.config/herdr/session.json workspaces=3
2026-08-27T06:30:04.048194Z  INFO herdr::app::actions: copied selection to clipboard
2026-08-27T06:30:10.173779Z  INFO herdr::app::actions: copied selection to clipboard
2026-08-27T06:33:29.115507Z  INFO herdr::app::actions: copied selection to clipboard
2026-08-27T06:38:01.948028Z  INFO herdr::logging: checking for updates event="update.check.start" subsystem="update" outcome="started"
2026-08-27T06:43:07.159951Z  INFO herdr::server::headless: client detach requested via keybind client_id=6
2026-08-27T06:43:07.177479Z  INFO herdr::server::headless: client disconnected client_id=6
2026-08-27T06:43:25.808926Z  INFO herdr::server::headless: server shutdown initiated
2026-08-27T06:43:25.864078Z  INFO herdr::server::headless: completing server shutdown
2026-08-27T06:43:25.901266Z  INFO herdr::logging: session saved event="persist.save" subsystem="persist" outcome="ok" path=/Users/wqin/.config/herdr/session.json workspaces=3
2026-08-27T06:43:25.901370Z  INFO herdr::server::headless: headless server exiting
2026-08-27T06:43:25.905482Z  INFO herdr::logging: pane child exited event="pane.exit" subsystem="pane" outcome="completed" pane_id=1 status="ExitStatus { code: 1, signal: None }"
2026-08-27T06:43:25.926696Z  INFO herdr::pane: pane session terminated pane=1 pid=40287 signal=Hangup
2026-08-27T06:43:25.930613Z  INFO herdr::logging: pane child exited event="pane.exit" subsystem="pane" outcome="completed" pane_id=6 status="ExitStatus { code: 1, signal: None }"
2026-08-27T06:43:25.977191Z  INFO herdr::pane: pane session terminated pane=6 pid=46408 signal=Hangup
2026-08-27T06:43:25.981288Z  INFO herdr::logging: pane child exited event="pane.exit" subsystem="pane" outcome="completed" pane_id=12 status="ExitStatus { code: 1, signal: None }"
2026-08-27T06:43:26.002763Z  INFO herdr::pane: pane session terminated pane=12 pid=1303 signal=Hangup
2026-08-27T06:43:26.006283Z  INFO herdr::logging: pane child exited event="pane.exit" subsystem="pane" outcome="completed" pane_id=11 status="ExitStatus { code: 1, signal: None }"
2026-08-27T06:43:26.027978Z  INFO herdr::pane: pane session terminated pane=11 pid=3264 signal=Hangup
2026-08-27T06:43:26.031350Z  INFO herdr::logging: pane child exited event="pane.exit" subsystem="pane" outcome="completed" pane_id=3 status="ExitStatus { code: 1, signal: None }"
2026-08-27T06:43:26.053253Z  INFO herdr::pane: pane session terminated pane=3 pid=70008 signal=Hangup
2026-08-27T06:43:26.057298Z  INFO herdr::logging: pane child exited event="pane.exit" subsystem="pane" outcome="completed" pane_id=4 status="ExitStatus { code: 1, signal: None }"
2026-08-27T06:43:26.078766Z  INFO herdr::pane: pane session terminated pane=4 pid=70368 signal=Hangup
2026-08-27T06:43:26.083313Z  INFO herdr::logging: pane child exited event="pane.exit" subsystem="pane" outcome="completed" pane_id=7 status="ExitStatus { code: 1, signal: None }"
2026-08-27T06:43:26.103995Z  INFO herdr::pane: pane session terminated pane=7 pid=46718 signal=Hangup
2026-08-27T06:43:26.107878Z  INFO herdr::logging: pane child exited event="pane.exit" subsystem="pane" outcome="completed" pane_id=8 status="ExitStatus { code: 1, signal: None }"
2026-08-27T06:43:26.129335Z  INFO herdr::pane: pane session terminated pane=8 pid=52067 signal=Hangup
2026-08-27T06:43:26.133954Z  INFO herdr::logging: pane child exited event="pane.exit" subsystem="pane" outcome="completed" pane_id=9 status="ExitStatus { code: 1, signal: None }"
2026-08-27T06:43:26.154730Z  INFO herdr::pane: pane session terminated pane=9 pid=78521 signal=Hangup
2026-08-27T06:43:26.156118Z  INFO herdr::logging: herdr exiting event="app.shutdown" subsystem="server" outcome="completed" pid=40286
2026-08-27T06:44:37.477188Z  INFO herdr::platform::macos: raised server file descriptor soft limit previous=256 target=8192
2026-08-27T06:44:37.478059Z  INFO herdr::api::server: api server listening path=/Users/wqin/.config/herdr/herdr.sock
2026-08-27T06:44:37.483073Z  INFO herdr::logging: spawning pane terminal event="pane.spawn.start" subsystem="pane" outcome="started" pane_id=1 rows=24 cols=80 scrollback_limit_bytes=10000000
2026-08-27T06:44:37.487074Z  INFO herdr::logging: pane child spawned event="pane.spawned" subsystem="pane" outcome="ok" pane_id=1 pid=1798
2026-08-27T06:44:37.487482Z  INFO herdr::logging: spawning pane terminal event="pane.spawn.start" subsystem="pane" outcome="started" pane_id=2 rows=24 cols=80 scrollback_limit_bytes=10000000
2026-08-27T06:44:37.489827Z  INFO herdr::logging: pane child spawned event="pane.spawned" subsystem="pane" outcome="ok" pane_id=2 pid=1799
2026-08-27T06:44:37.489968Z  INFO herdr::logging: spawning pane terminal event="pane.spawn.start" subsystem="pane" outcome="started" pane_id=3 rows=24 cols=80 scrollback_limit_bytes=10000000
2026-08-27T06:44:37.490842Z  INFO herdr::logging: pane child spawned event="pane.spawned" subsystem="pane" outcome="ok" pane_id=3 pid=1800
2026-08-27T06:44:37.491364Z  INFO herdr::logging: spawning pane terminal event="pane.spawn.start" subsystem="pane" outcome="started" pane_id=4 rows=24 cols=80 scrollback_limit_bytes=10000000
2026-08-27T06:44:37.493673Z  INFO herdr::logging: pane child spawned event="pane.spawned" subsystem="pane" outcome="ok" pane_id=4 pid=1801
2026-08-27T06:44:37.493762Z  INFO herdr::logging: spawning pane terminal event="pane.spawn.start" subsystem="pane" outcome="started" pane_id=5 rows=24 cols=80 scrollback_limit_bytes=10000000
2026-08-27T06:44:37.494834Z  INFO herdr::logging: pane child spawned event="pane.spawned" subsystem="pane" outcome="ok" pane_id=5 pid=1802
2026-08-27T06:44:37.494930Z  INFO herdr::logging: spawning pane terminal event="pane.spawn.start" subsystem="pane" outcome="started" pane_id=6 rows=24 cols=80 scrollback_limit_bytes=10000000
2026-08-27T06:44:37.496388Z  INFO herdr::logging: pane child spawned event="pane.spawned" subsystem="pane" outcome="ok" pane_id=6 pid=1803
2026-08-27T06:44:37.496803Z  INFO herdr::logging: spawning pane terminal event="pane.spawn.start" subsystem="pane" outcome="started" pane_id=7 rows=24 cols=80 scrollback_limit_bytes=10000000
2026-08-27T06:44:37.499099Z  INFO herdr::logging: pane child spawned event="pane.spawned" subsystem="pane" outcome="ok" pane_id=7 pid=1804
2026-08-27T06:44:37.499178Z  INFO herdr::logging: spawning pane terminal event="pane.spawn.start" subsystem="pane" outcome="started" pane_id=8 rows=24 cols=80 scrollback_limit_bytes=10000000
2026-08-27T06:44:37.500105Z  INFO herdr::logging: pane child spawned event="pane.spawned" subsystem="pane" outcome="ok" pane_id=8 pid=1805
2026-08-27T06:44:37.500187Z  INFO herdr::logging: spawning pane terminal event="pane.spawn.start" subsystem="pane" outcome="started" pane_id=9 rows=24 cols=80 scrollback_limit_bytes=10000000
2026-08-27T06:44:37.501674Z  INFO herdr::logging: pane child spawned event="pane.spawned" subsystem="pane" outcome="ok" pane_id=9 pid=1806
2026-08-27T06:44:37.501796Z  INFO herdr::logging: session restore evaluated event="persist.restore" subsystem="persist" outcome="ok" workspaces=3
2026-08-27T06:44:37.501830Z  INFO herdr::app: using pane scrollback configuration pane_scrollback_limit_bytes=10000000
2026-08-27T06:44:37.526523Z  INFO herdr::logging: checking for updates event="update.check.start" subsystem="update" outcome="started"
2026-08-27T06:44:37.546707Z  INFO herdr::server::headless: restored session already has workspaces; ignoring startup cwd cwd=/Users/wqin
2026-08-27T06:44:37.546836Z  INFO herdr::server::headless: client protocol socket listening path=/Users/wqin/.config/herdr/herdr-client.sock
2026-08-27T06:44:37.546856Z  INFO herdr::server::headless: herdr server started api_socket=/Users/wqin/.config/herdr/herdr.sock client_socket=/Users/wqin/.config/herdr/herdr-client.sock
2026-08-27T06:44:37.547514Z  INFO herdr::logging: herdr starting event="app.startup" subsystem="server" outcome="started" pid=1797
2026-08-27T06:44:37.816905Z  INFO herdr::server::headless: client connected client_id=2 cols=224 rows=54 cell_width_px=0 cell_height_px=0 render_encoding=SemanticFrame
2026-08-27T06:44:40.714024Z  INFO herdr::logging: workspace focused event="workspace.focus" subsystem="workspace" outcome="ok" workspace_id="w6"
2026-08-27T06:44:40.714070Z  INFO herdr::logging: tab focused event="tab.focus" subsystem="tab" outcome="ok" workspace_id="w6" tab_id="w6:t1"
2026-08-27T06:44:41.748261Z  INFO herdr::logging: workspace focused event="workspace.focus" subsystem="workspace" outcome="ok" workspace_id="w5"
2026-08-27T06:44:41.748336Z  INFO herdr::logging: tab focused event="tab.focus" subsystem="tab" outcome="ok" workspace_id="w5" tab_id="w5:t1"
2026-08-27T06:44:42.327537Z  INFO herdr::logging: workspace focused event="workspace.focus" subsystem="workspace" outcome="ok" workspace_id="w4"
2026-08-27T06:44:42.327698Z  INFO herdr::logging: tab focused event="tab.focus" subsystem="tab" outcome="ok" workspace_id="w4" tab_id="w4:t1"
2026-08-27T06:44:46.326314Z  INFO herdr::logging: workspace focused event="workspace.focus" subsystem="workspace" outcome="ok" workspace_id="w5"
2026-08-27T06:44:46.326481Z  INFO herdr::logging: tab focused event="tab.focus" subsystem="tab" outcome="ok" workspace_id="w5" tab_id="w5:t1"
2026-08-27T06:44:46.746879Z  INFO herdr::logging: workspace focused event="workspace.focus" subsystem="workspace" outcome="ok" workspace_id="w6"
2026-08-27T06:44:46.747033Z  INFO herdr::logging: tab focused event="tab.focus" subsystem="tab" outcome="ok" workspace_id="w6" tab_id="w6:t1"
2026-08-27T06:44:51.759498Z  INFO herdr::logging: session saved event="persist.save" subsystem="persist" outcome="ok" path=/Users/wqin/.config/herdr/session.json workspaces=3
2026-08-27T06:44:52.126997Z  INFO herdr::pane: agent changed pane=7 previous_agent=None agent=Some(Codex) process=codex pgid=Some(2521)
2026-08-27T06:44:57.157914Z  INFO herdr::logging: workspace focused event="workspace.focus" subsystem="workspace" outcome="ok" workspace_id="w5"
2026-08-27T06:44:57.158061Z  INFO herdr::logging: tab focused event="tab.focus" subsystem="tab" outcome="ok" workspace_id="w5" tab_id="w5:t1"
2026-08-27T06:44:58.286944Z  INFO herdr::logging: workspace focused event="workspace.focus" subsystem="workspace" outcome="ok" workspace_id="w4"
2026-08-27T06:44:58.287099Z  INFO herdr::logging: tab focused event="tab.focus" subsystem="tab" outcome="ok" workspace_id="w4" tab_id="w4:t1"
2026-08-27T06:44:59.125156Z  INFO herdr::logging: workspace focused event="workspace.focus" subsystem="workspace" outcome="ok" workspace_id="w5"
2026-08-27T06:44:59.125205Z  INFO herdr::logging: tab focused event="tab.focus" subsystem="tab" outcome="ok" workspace_id="w5" tab_id="w5:t1"
2026-08-27T06:45:01.644099Z  INFO herdr::pane: agent changed pane=4 previous_agent=None agent=Some(Codex) process=codex pgid=Some(2668)
2026-08-27T06:45:04.133212Z  INFO herdr::logging: session saved event="persist.save" subsystem="persist" outcome="ok" path=/Users/wqin/.config/herdr/session.json workspaces=3
2026-08-27T07:14:37.656986Z  INFO herdr::logging: checking for updates event="update.check.start" subsystem="update" outcome="started"
2026-08-27T07:17:35.909465Z  INFO herdr::logging: workspace focused event="workspace.focus" subsystem="workspace" outcome="ok" workspace_id="w6"
2026-08-27T07:17:35.909912Z  INFO herdr::logging: tab focused event="tab.focus" subsystem="tab" outcome="ok" workspace_id="w6" tab_id="w6:t1"
2026-08-27T07:17:37.566823Z  INFO herdr::logging: workspace focused event="workspace.focus" subsystem="workspace" outcome="ok" workspace_id="w5"
2026-08-27T07:17:37.566961Z  INFO herdr::logging: tab focused event="tab.focus" subsystem="tab" outcome="ok" workspace_id="w5" tab_id="w5:t1"
2026-08-27T07:17:42.592573Z  INFO herdr::logging: session saved event="persist.save" subsystem="persist" outcome="ok" path=/Users/wqin/.config/herdr/session.json workspaces=3
2026-08-27T07:18:32.934654Z  INFO herdr::app::actions: copied selection to clipboard
2026-08-27T07:19:43.912161Z  INFO herdr::app::actions: copied selection to clipboard
2026-08-27T07:27:31.135850Z  INFO herdr::app::actions: copied selection to clipboard
2026-08-27T07:34:06.758162Z  INFO herdr::app::actions: copied selection to clipboard
2026-08-27T07:34:09.821951Z  INFO herdr::pane: agent changed pane=4 previous_agent=Some(Codex) agent=None pgid=Some(1801)
2026-08-27T07:34:12.335076Z  INFO herdr::pane: agent changed pane=4 previous_agent=None agent=Some(Codex) process=codex pgid=Some(71857)
2026-08-27T07:44:37.689808Z  INFO herdr::logging: checking for updates event="update.check.start" subsystem="update" outcome="started"
2026-08-27T08:14:37.720628Z  INFO herdr::logging: checking for updates event="update.check.start" subsystem="update" outcome="started"
2026-08-27T08:44:37.751769Z  INFO herdr::logging: checking for updates event="update.check.start" subsystem="update" outcome="started"
2026-08-27T09:14:37.782710Z  INFO herdr::logging: checking for updates event="update.check.start" subsystem="update" outcome="started"
2026-08-27T09:44:37.814101Z  INFO herdr::logging: checking for updates event="update.check.start" subsystem="update" outcome="started"
2026-08-27T10:14:37.846747Z  INFO herdr::logging: checking for updates event="update.check.start" subsystem="update" outcome="started"
2026-08-27T10:24:41.942237Z  INFO herdr::logging: tab focused event="tab.focus" subsystem="tab" outcome="ok" workspace_id="w5" tab_id="w5:t1"
2026-08-27T10:24:46.974910Z  INFO herdr::logging: session saved event="persist.save" subsystem="persist" outcome="ok" path=/Users/wqin/.config/herdr/session.json workspaces=3
2026-08-27T10:32:16.150860Z  INFO herdr::pane: agent changed pane=6 previous_agent=None agent=Some(Codex) process=codex pgid=Some(91103)
2026-08-27T10:32:20.678776Z  INFO herdr::pane: agent changed pane=6 previous_agent=Some(Codex) agent=None pgid=Some(1803)
2026-08-27T10:32:56.313529Z  INFO herdr::pane: agent changed pane=6 previous_agent=None agent=Some(Codex) process=codex pgid=Some(91973)
2026-08-27T10:33:03.560117Z  INFO herdr::pane: agent changed pane=6 previous_agent=Some(Codex) agent=None pgid=Some(1803)
2026-08-27T10:33:07.912304Z  INFO herdr::server::headless: client detach requested via keybind client_id=2
2026-08-27T10:33:07.918687Z  INFO herdr::server::headless: client disconnected client_id=2
2026-08-27T10:44:37.877311Z  INFO herdr::logging: checking for updates event="update.check.start" subsystem="update" outcome="started"
2026-08-27T11:03:41.248242Z  INFO herdr::server::headless: client connected client_id=4 cols=224 rows=54 cell_width_px=0 cell_height_px=0 render_encoding=SemanticFrame
2026-08-27T11:03:45.610173Z  INFO herdr::logging: spawning pane terminal event="pane.spawn.start" subsystem="pane" outcome="started" pane_id=10 rows=53 cols=99 scrollback_limit_bytes=10000000
2026-08-27T11:03:45.615578Z  INFO herdr::logging: pane child spawned event="pane.spawned" subsystem="pane" outcome="ok" pane_id=10 pid=23375
2026-08-27T11:03:45.616206Z  INFO herdr::logging: workspace created event="workspace.create" subsystem="workspace" outcome="ok" workspace_id="w7" pane_id=10
2026-08-27T11:03:45.616256Z  INFO herdr::logging: workspace focused event="workspace.focus" subsystem="workspace" outcome="ok" workspace_id="w7"
2026-08-27T11:03:45.616314Z  INFO herdr::logging: tab focused event="tab.focus" subsystem="tab" outcome="ok" workspace_id="w7" tab_id="w7:t1"
2026-08-27T11:03:50.644765Z  INFO herdr::logging: session saved event="persist.save" subsystem="persist" outcome="ok" path=/Users/wqin/.config/herdr/session.json workspaces=4
2026-08-27T11:04:12.678090Z  INFO herdr::logging: spawning pane terminal event="pane.spawn.start" subsystem="pane" outcome="started" pane_id=11 rows=53 cols=198 scrollback_limit_bytes=10000000
2026-08-27T11:04:12.682652Z  INFO herdr::logging: pane child spawned event="pane.spawned" subsystem="pane" outcome="ok" pane_id=11 pid=23833
2026-08-27T11:04:12.682911Z  INFO herdr::logging: tab focused event="tab.focus" subsystem="tab" outcome="ok" workspace_id="w7" tab_id="w7:t1"
2026-08-27T11:04:13.375931Z  INFO herdr::logging: tab focused event="tab.focus" subsystem="tab" outcome="ok" workspace_id="w7" tab_id="w7:t1"
2026-08-27T11:04:15.027109Z  INFO herdr::logging: workspace focused event="workspace.focus" subsystem="workspace" outcome="ok" workspace_id="w6"
2026-08-27T11:04:15.027239Z  INFO herdr::logging: tab focused event="tab.focus" subsystem="tab" outcome="ok" workspace_id="w6" tab_id="w6:t1"
2026-08-27T11:04:15.473388Z  INFO herdr::logging: workspace focused event="workspace.focus" subsystem="workspace" outcome="ok" workspace_id="w5"
2026-08-27T11:04:15.473524Z  INFO herdr::logging: tab focused event="tab.focus" subsystem="tab" outcome="ok" workspace_id="w5" tab_id="w5:t1"
2026-08-27T11:04:16.071981Z  INFO herdr::logging: workspace focused event="workspace.focus" subsystem="workspace" outcome="ok" workspace_id="w7"
2026-08-27T11:04:16.072137Z  INFO herdr::logging: tab focused event="tab.focus" subsystem="tab" outcome="ok" workspace_id="w7" tab_id="w7:t1"
2026-08-27T11:04:19.021724Z  INFO herdr::logging: tab focused event="tab.focus" subsystem="tab" outcome="ok" workspace_id="w7" tab_id="w7:t1"
2026-08-27T11:04:19.529535Z  INFO herdr::logging: tab focused event="tab.focus" subsystem="tab" outcome="ok" workspace_id="w7" tab_id="w7:t1"
2026-08-27T11:04:24.552727Z  INFO herdr::logging: session saved event="persist.save" subsystem="persist" outcome="ok" path=/Users/wqin/.config/herdr/session.json workspaces=4
2026-08-27T11:04:26.091324Z  INFO herdr::logging: workspace focused event="workspace.focus" subsystem="workspace" outcome="ok" workspace_id="w7"
2026-08-27T11:04:26.091489Z  INFO herdr::logging: tab focused event="tab.focus" subsystem="tab" outcome="ok" workspace_id="w7" tab_id="w7:t1"
2026-08-27T11:04:26.669013Z  INFO herdr::logging: workspace focused event="workspace.focus" subsystem="workspace" outcome="ok" workspace_id="w6"
2026-08-27T11:04:26.669083Z  INFO herdr::logging: tab focused event="tab.focus" subsystem="tab" outcome="ok" workspace_id="w6" tab_id="w6:t1"
2026-08-27T11:04:27.185193Z  INFO herdr::logging: workspace focused event="workspace.focus" subsystem="workspace" outcome="ok" workspace_id="w7"
2026-08-27T11:04:27.185366Z  INFO herdr::logging: tab focused event="tab.focus" subsystem="tab" outcome="ok" workspace_id="w7" tab_id="w7:t1"
2026-08-27T11:04:31.905112Z  INFO herdr::pane: agent changed pane=10 previous_agent=None agent=Some(Codex) process=codex pgid=Some(24166)
2026-08-27T11:04:32.214011Z  INFO herdr::logging: session saved event="persist.save" subsystem="persist" outcome="ok" path=/Users/wqin/.config/herdr/session.json workspaces=4
2026-08-27T11:06:16.314015Z  INFO herdr::logging: workspace focused event="workspace.focus" subsystem="workspace" outcome="ok" workspace_id="w5"
2026-08-27T11:06:16.315117Z  INFO herdr::logging: tab focused event="tab.focus" subsystem="tab" outcome="ok" workspace_id="w5" tab_id="w5:t1"
2026-08-27T11:06:18.183987Z  INFO herdr::logging: workspace focused event="workspace.focus" subsystem="workspace" outcome="ok" workspace_id="w6"
2026-08-27T11:06:18.184059Z  INFO herdr::logging: tab focused event="tab.focus" subsystem="tab" outcome="ok" workspace_id="w6" tab_id="w6:t1"
2026-08-27T11:06:19.331835Z  INFO herdr::logging: workspace focused event="workspace.focus" subsystem="workspace" outcome="ok" workspace_id="w7"
2026-08-27T11:06:19.331899Z  INFO herdr::logging: tab focused event="tab.focus" subsystem="tab" outcome="ok" workspace_id="w7" tab_id="w7:t1"
2026-08-27T11:06:19.698953Z  INFO herdr::logging: workspace focused event="workspace.focus" subsystem="workspace" outcome="ok" workspace_id="w5"
2026-08-27T11:06:19.699011Z  INFO herdr::logging: tab focused event="tab.focus" subsystem="tab" outcome="ok" workspace_id="w5" tab_id="w5:t1"
2026-08-27T11:06:19.980092Z  INFO herdr::logging: workspace focused event="workspace.focus" subsystem="workspace" outcome="ok" workspace_id="w6"
2026-08-27T11:06:19.980148Z  INFO herdr::logging: tab focused event="tab.focus" subsystem="tab" outcome="ok" workspace_id="w6" tab_id="w6:t1"
2026-08-27T11:06:24.554614Z  INFO herdr::logging: workspace focused event="workspace.focus" subsystem="workspace" outcome="ok" workspace_id="w5"
2026-08-27T11:06:24.555663Z  INFO herdr::logging: tab focused event="tab.focus" subsystem="tab" outcome="ok" workspace_id="w5" tab_id="w5:t1"
2026-08-27T11:06:24.984369Z  INFO herdr::logging: workspace focused event="workspace.focus" subsystem="workspace" outcome="ok" workspace_id="w6"
2026-08-27T11:06:24.984505Z  INFO herdr::logging: tab focused event="tab.focus" subsystem="tab" outcome="ok" workspace_id="w6" tab_id="w6:t1"
2026-08-27T11:06:26.295272Z  INFO herdr::logging: tab focused event="tab.focus" subsystem="tab" outcome="ok" workspace_id="w6" tab_id="w6:t2"
2026-08-27T11:06:28.895445Z  INFO herdr::logging: workspace focused event="workspace.focus" subsystem="workspace" outcome="ok" workspace_id="w6"
2026-08-27T11:06:28.895613Z  INFO herdr::logging: tab focused event="tab.focus" subsystem="tab" outcome="ok" workspace_id="w6" tab_id="w6:t2"
2026-08-27T11:06:28.895710Z  INFO herdr::logging: tab focused event="tab.focus" subsystem="tab" outcome="ok" workspace_id="w6" tab_id="w6:t2"
2026-08-27T11:06:28.901363Z  INFO herdr::logging: pane child exited event="pane.exit" subsystem="pane" outcome="completed" pane_id=9 status="ExitStatus { code: 1, signal: None }"
2026-08-27T11:06:28.916519Z  INFO herdr::pane: pane session terminated pane=9 pid=1806 signal=Hangup
2026-08-27T11:06:28.917010Z  WARN herdr::app::actions: PaneDied for unknown pane pane=9
2026-08-27T11:06:29.711227Z  INFO herdr::logging: workspace focused event="workspace.focus" subsystem="workspace" outcome="ok" workspace_id="w5"
2026-08-27T11:06:29.711363Z  INFO herdr::logging: tab focused event="tab.focus" subsystem="tab" outcome="ok" workspace_id="w5" tab_id="w5:t1"
2026-08-27T11:06:32.441520Z  INFO herdr::logging: workspace focused event="workspace.focus" subsystem="workspace" outcome="ok" workspace_id="w5"
2026-08-27T11:06:32.441725Z  INFO herdr::logging: tab focused event="tab.focus" subsystem="tab" outcome="ok" workspace_id="w5" tab_id="w5:t1"
2026-08-27T11:06:32.441853Z  INFO herdr::logging: tab focused event="tab.focus" subsystem="tab" outcome="ok" workspace_id="w5" tab_id="w5:t1"
2026-08-27T11:06:36.839325Z  INFO herdr::logging: tab renamed event="tab.rename" subsystem="tab" outcome="ok" workspace_id="w5" tab_id="w5:t1"
2026-08-27T11:06:38.799238Z  INFO herdr::logging: workspace focused event="workspace.focus" subsystem="workspace" outcome="ok" workspace_id="w7"
2026-08-27T11:06:38.799383Z  INFO herdr::logging: tab focused event="tab.focus" subsystem="tab" outcome="ok" workspace_id="w7" tab_id="w7:t1"
2026-08-27T11:06:41.705484Z  INFO herdr::logging: workspace focused event="workspace.focus" subsystem="workspace" outcome="ok" workspace_id="w7"
2026-08-27T11:06:41.705551Z  INFO herdr::logging: tab focused event="tab.focus" subsystem="tab" outcome="ok" workspace_id="w7" tab_id="w7:t1"
2026-08-27T11:06:41.705592Z  INFO herdr::logging: tab focused event="tab.focus" subsystem="tab" outcome="ok" workspace_id="w7" tab_id="w7:t1"
2026-08-27T11:06:45.300443Z  INFO herdr::logging: tab renamed event="tab.rename" subsystem="tab" outcome="ok" workspace_id="w7" tab_id="w7:t1"
2026-08-27T11:06:47.536504Z  INFO herdr::logging: workspace focused event="workspace.focus" subsystem="workspace" outcome="ok" workspace_id="w6"
2026-08-27T11:06:47.536633Z  INFO herdr::logging: tab focused event="tab.focus" subsystem="tab" outcome="ok" workspace_id="w6" tab_id="w6:t1"
2026-08-27T11:06:49.714293Z  INFO herdr::logging: workspace focused event="workspace.focus" subsystem="workspace" outcome="ok" workspace_id="w6"
2026-08-27T11:06:49.714453Z  INFO herdr::logging: tab focused event="tab.focus" subsystem="tab" outcome="ok" workspace_id="w6" tab_id="w6:t1"
2026-08-27T11:06:49.714553Z  INFO herdr::logging: tab focused event="tab.focus" subsystem="tab" outcome="ok" workspace_id="w6" tab_id="w6:t1"
2026-08-27T11:06:53.430951Z  INFO herdr::logging: tab renamed event="tab.rename" subsystem="tab" outcome="ok" workspace_id="w6" tab_id="w6:t1"
2026-08-27T11:06:55.925110Z  INFO herdr::logging: workspace focused event="workspace.focus" subsystem="workspace" outcome="ok" workspace_id="w7"
2026-08-27T11:06:55.925250Z  INFO herdr::logging: tab focused event="tab.focus" subsystem="tab" outcome="ok" workspace_id="w7" tab_id="w7:t1"
2026-08-27T11:06:58.812617Z  INFO herdr::logging: workspace focused event="workspace.focus" subsystem="workspace" outcome="ok" workspace_id="w7"
2026-08-27T11:06:58.812779Z  INFO herdr::logging: tab focused event="tab.focus" subsystem="tab" outcome="ok" workspace_id="w7" tab_id="w7:t1"
2026-08-27T11:06:58.812873Z  INFO herdr::logging: tab focused event="tab.focus" subsystem="tab" outcome="ok" workspace_id="w7" tab_id="w7:t1"
2026-08-27T11:07:03.834036Z  INFO herdr::logging: session saved event="persist.save" subsystem="persist" outcome="ok" path=/Users/wqin/.config/herdr/session.json workspaces=4
2026-08-27T11:07:13.978712Z  INFO herdr::logging: tab renamed event="tab.rename" subsystem="tab" outcome="ok" workspace_id="w7" tab_id="w7:t1"
2026-08-27T11:07:15.909303Z  INFO herdr::logging: workspace focused event="workspace.focus" subsystem="workspace" outcome="ok" workspace_id="w5"
2026-08-27T11:07:15.909449Z  INFO herdr::logging: tab focused event="tab.focus" subsystem="tab" outcome="ok" workspace_id="w5" tab_id="w5:t1"
2026-08-27T11:07:19.363807Z  INFO herdr::logging: workspace focused event="workspace.focus" subsystem="workspace" outcome="ok" workspace_id="w5"
2026-08-27T11:07:19.363972Z  INFO herdr::logging: tab focused event="tab.focus" subsystem="tab" outcome="ok" workspace_id="w5" tab_id="w5:t1"
2026-08-27T11:07:19.364087Z  INFO herdr::logging: tab focused event="tab.focus" subsystem="tab" outcome="ok" workspace_id="w5" tab_id="w5:t1"
2026-08-27T11:07:24.388735Z  INFO herdr::logging: session saved event="persist.save" subsystem="persist" outcome="ok" path=/Users/wqin/.config/herdr/session.json workspaces=4
2026-08-27T11:07:26.911808Z  INFO herdr::logging: tab renamed event="tab.rename" subsystem="tab" outcome="ok" workspace_id="w5" tab_id="w5:t1"
2026-08-27T11:07:29.019923Z  INFO herdr::logging: workspace focused event="workspace.focus" subsystem="workspace" outcome="ok" workspace_id="w6"
2026-08-27T11:07:29.020073Z  INFO herdr::logging: tab focused event="tab.focus" subsystem="tab" outcome="ok" workspace_id="w6" tab_id="w6:t1"
2026-08-27T11:07:30.927019Z  INFO herdr::logging: workspace focused event="workspace.focus" subsystem="workspace" outcome="ok" workspace_id="w6"
2026-08-27T11:07:30.927240Z  INFO herdr::logging: tab focused event="tab.focus" subsystem="tab" outcome="ok" workspace_id="w6" tab_id="w6:t1"
2026-08-27T11:07:30.927337Z  INFO herdr::logging: tab focused event="tab.focus" subsystem="tab" outcome="ok" workspace_id="w6" tab_id="w6:t1"
2026-08-27T11:07:35.701422Z  INFO herdr::logging: tab renamed event="tab.rename" subsystem="tab" outcome="ok" workspace_id="w6" tab_id="w6:t1"
2026-08-27T11:07:37.642962Z  INFO herdr::logging: workspace focused event="workspace.focus" subsystem="workspace" outcome="ok" workspace_id="w5"
2026-08-27T11:07:37.643100Z  INFO herdr::logging: tab focused event="tab.focus" subsystem="tab" outcome="ok" workspace_id="w5" tab_id="w5:t1"
2026-08-27T11:07:38.029581Z  INFO herdr::logging: workspace focused event="workspace.focus" subsystem="workspace" outcome="ok" workspace_id="w7"
2026-08-27T11:07:38.029718Z  INFO herdr::logging: tab focused event="tab.focus" subsystem="tab" outcome="ok" workspace_id="w7" tab_id="w7:t1"
2026-08-27T11:07:39.454749Z  INFO herdr::logging: workspace focused event="workspace.focus" subsystem="workspace" outcome="ok" workspace_id="w5"
2026-08-27T11:07:39.454900Z  INFO herdr::logging: tab focused event="tab.focus" subsystem="tab" outcome="ok" workspace_id="w5" tab_id="w5:t1"
2026-08-27T11:07:41.923821Z  INFO herdr::logging: workspace focused event="workspace.focus" subsystem="workspace" outcome="ok" workspace_id="w6"
2026-08-27T11:07:41.923967Z  INFO herdr::logging: tab focused event="tab.focus" subsystem="tab" outcome="ok" workspace_id="w6" tab_id="w6:t1"
2026-08-27T11:07:46.955869Z  INFO herdr::logging: session saved event="persist.save" subsystem="persist" outcome="ok" path=/Users/wqin/.config/herdr/session.json workspaces=4
2026-08-27T11:09:22.311135Z  INFO herdr::logging: workspace focused event="workspace.focus" subsystem="workspace" outcome="ok" workspace_id="w7"
2026-08-27T11:09:22.312177Z  INFO herdr::logging: tab focused event="tab.focus" subsystem="tab" outcome="ok" workspace_id="w7" tab_id="w7:t1"
2026-08-27T11:09:27.339685Z  INFO herdr::logging: session saved event="persist.save" subsystem="persist" outcome="ok" path=/Users/wqin/.config/herdr/session.json workspaces=4
2026-08-27T11:09:30.450825Z  INFO herdr::logging: tab focused event="tab.focus" subsystem="tab" outcome="ok" workspace_id="w7" tab_id="w7:t1"
2026-08-27T11:09:35.474880Z  INFO herdr::logging: session saved event="persist.save" subsystem="persist" outcome="ok" path=/Users/wqin/.config/herdr/session.json workspaces=4
2026-08-27T11:12:11.383090Z  INFO herdr::logging: tab focused event="tab.focus" subsystem="tab" outcome="ok" workspace_id="w7" tab_id="w7:t1"
2026-08-27T11:12:16.402857Z  INFO herdr::logging: session saved event="persist.save" subsystem="persist" outcome="ok" path=/Users/wqin/.config/herdr/session.json workspaces=4
2026-08-27T11:15:21.264919Z  INFO herdr::app::actions: copied selection to clipboard
2026-08-27T11:18:53.078108Z  INFO herdr::app::actions: copied selection to clipboard
2026-08-27T11:19:49.041528Z  INFO herdr::logging: checking for updates event="update.check.start" subsystem="update" outcome="started"
2026-08-27T11:21:26.580248Z  INFO herdr::app::actions: copied selection to clipboard
2026-08-27T11:26:10.073193Z  INFO herdr::app::actions: copied selection to clipboard
2026-08-27T11:39:33.991237Z  INFO herdr::app::actions: copied selection to clipboard
2026-08-27T11:40:42.382105Z  INFO herdr::app::actions: copied selection to clipboard
2026-08-27T11:40:44.552829Z  INFO herdr::app::actions: copied selection to clipboard
2026-08-27T11:42:08.957308Z  INFO herdr::app::actions: copied selection to clipboard
2026-08-27T11:43:11.196229Z  INFO herdr::app::actions: copied selection to clipboard
2026-08-27T11:47:11.666214Z  INFO herdr::app::actions: copied selection to clipboard
2026-08-27T11:47:13.408851Z  INFO herdr::app::actions: copied selection to clipboard
2026-08-27T11:49:29.577713Z  INFO herdr::logging: workspace focused event="workspace.focus" subsystem="workspace" outcome="ok" workspace_id="w5"
2026-08-27T11:49:29.579960Z  INFO herdr::logging: tab focused event="tab.focus" subsystem="tab" outcome="ok" workspace_id="w5" tab_id="w5:t1"
2026-08-27T11:49:30.025169Z  INFO herdr::logging: workspace focused event="workspace.focus" subsystem="workspace" outcome="ok" workspace_id="w6"
2026-08-27T11:49:30.025302Z  INFO herdr::logging: tab focused event="tab.focus" subsystem="tab" outcome="ok" workspace_id="w6" tab_id="w6:t1"
2026-08-27T11:49:30.580721Z  INFO herdr::logging: workspace focused event="workspace.focus" subsystem="workspace" outcome="ok" workspace_id="w7"
2026-08-27T11:49:30.580859Z  INFO herdr::logging: tab focused event="tab.focus" subsystem="tab" outcome="ok" workspace_id="w7" tab_id="w7:t1"
2026-08-27T11:49:31.798212Z  INFO herdr::logging: workspace focused event="workspace.focus" subsystem="workspace" outcome="ok" workspace_id="w5"
2026-08-27T11:49:31.798358Z  INFO herdr::logging: tab focused event="tab.focus" subsystem="tab" outcome="ok" workspace_id="w5" tab_id="w5:t1"
2026-08-27T11:49:32.124901Z  INFO herdr::logging: workspace focused event="workspace.focus" subsystem="workspace" outcome="ok" workspace_id="w6"
2026-08-27T11:49:32.125025Z  INFO herdr::logging: tab focused event="tab.focus" subsystem="tab" outcome="ok" workspace_id="w6" tab_id="w6:t1"
2026-08-27T11:49:32.523596Z  INFO herdr::logging: workspace focused event="workspace.focus" subsystem="workspace" outcome="ok" workspace_id="w7"
2026-08-27T11:49:32.523739Z  INFO herdr::logging: tab focused event="tab.focus" subsystem="tab" outcome="ok" workspace_id="w7" tab_id="w7:t1"
2026-08-27T11:49:33.013053Z  INFO herdr::logging: workspace focused event="workspace.focus" subsystem="workspace" outcome="ok" workspace_id="w5"
2026-08-27T11:49:33.013156Z  INFO herdr::logging: tab focused event="tab.focus" subsystem="tab" outcome="ok" workspace_id="w5" tab_id="w5:t1"
2026-08-27T11:49:33.442510Z  INFO herdr::logging: workspace focused event="workspace.focus" subsystem="workspace" outcome="ok" workspace_id="w6"
2026-08-27T11:49:33.442659Z  INFO herdr::logging: tab focused event="tab.focus" subsystem="tab" outcome="ok" workspace_id="w6" tab_id="w6:t1"
2026-08-27T11:49:34.057300Z  INFO herdr::logging: workspace focused event="workspace.focus" subsystem="workspace" outcome="ok" workspace_id="w5"
2026-08-27T11:49:34.057455Z  INFO herdr::logging: tab focused event="tab.focus" subsystem="tab" outcome="ok" workspace_id="w5" tab_id="w5:t1"
2026-08-27T11:49:34.476777Z  INFO herdr::logging: workspace focused event="workspace.focus" subsystem="workspace" outcome="ok" workspace_id="w7"
2026-08-27T11:49:34.476883Z  INFO herdr::logging: tab focused event="tab.focus" subsystem="tab" outcome="ok" workspace_id="w7" tab_id="w7:t1"
2026-08-27T11:49:36.647764Z  INFO herdr::logging: workspace focused event="workspace.focus" subsystem="workspace" outcome="ok" workspace_id="w5"
2026-08-27T11:49:36.647818Z  INFO herdr::logging: tab focused event="tab.focus" subsystem="tab" outcome="ok" workspace_id="w5" tab_id="w5:t1"
2026-08-27T11:49:37.024816Z  INFO herdr::logging: workspace focused event="workspace.focus" subsystem="workspace" outcome="ok" workspace_id="w7"
2026-08-27T11:49:37.024951Z  INFO herdr::logging: tab focused event="tab.focus" subsystem="tab" outcome="ok" workspace_id="w7" tab_id="w7:t1"
2026-08-27T11:49:38.190470Z  INFO herdr::logging: workspace focused event="workspace.focus" subsystem="workspace" outcome="ok" workspace_id="w5"
2026-08-27T11:49:38.190615Z  INFO herdr::logging: tab focused event="tab.focus" subsystem="tab" outcome="ok" workspace_id="w5" tab_id="w5:t1"
2026-08-27T11:49:38.552542Z  INFO herdr::logging: workspace focused event="workspace.focus" subsystem="workspace" outcome="ok" workspace_id="w6"
2026-08-27T11:49:38.552680Z  INFO herdr::logging: tab focused event="tab.focus" subsystem="tab" outcome="ok" workspace_id="w6" tab_id="w6:t1"
2026-08-27T11:49:39.625748Z  INFO herdr::logging: workspace focused event="workspace.focus" subsystem="workspace" outcome="ok" workspace_id="w5"
2026-08-27T11:49:39.625857Z  INFO herdr::logging: tab focused event="tab.focus" subsystem="tab" outcome="ok" workspace_id="w5" tab_id="w5:t1"
2026-08-27T11:49:40.177008Z  INFO herdr::logging: workspace focused event="workspace.focus" subsystem="workspace" outcome="ok" workspace_id="w7"
2026-08-27T11:49:40.177144Z  INFO herdr::logging: tab focused event="tab.focus" subsystem="tab" outcome="ok" workspace_id="w7" tab_id="w7:t1"
2026-08-27T11:49:42.096146Z  INFO herdr::logging: workspace focused event="workspace.focus" subsystem="workspace" outcome="ok" workspace_id="w6"
2026-08-27T11:49:42.096300Z  INFO herdr::logging: tab focused event="tab.focus" subsystem="tab" outcome="ok" workspace_id="w6" tab_id="w6:t1"
2026-08-27T11:49:43.138656Z  INFO herdr::logging: workspace focused event="workspace.focus" subsystem="workspace" outcome="ok" workspace_id="w5"
2026-08-27T11:49:43.138699Z  INFO herdr::logging: tab focused event="tab.focus" subsystem="tab" outcome="ok" workspace_id="w5" tab_id="w5:t1"
2026-08-27T11:49:44.208006Z  INFO herdr::logging: workspace focused event="workspace.focus" subsystem="workspace" outcome="ok" workspace_id="w7"
2026-08-27T11:49:44.208175Z  INFO herdr::logging: tab focused event="tab.focus" subsystem="tab" outcome="ok" workspace_id="w7" tab_id="w7:t1"
2026-08-27T11:49:44.889708Z  INFO herdr::logging: workspace focused event="workspace.focus" subsystem="workspace" outcome="ok" workspace_id="w6"
2026-08-27T11:49:44.889873Z  INFO herdr::logging: tab focused event="tab.focus" subsystem="tab" outcome="ok" workspace_id="w6" tab_id="w6:t1"
2026-08-27T11:49:45.468315Z  INFO herdr::logging: workspace focused event="workspace.focus" subsystem="workspace" outcome="ok" workspace_id="w5"
2026-08-27T11:49:45.468485Z  INFO herdr::logging: tab focused event="tab.focus" subsystem="tab" outcome="ok" workspace_id="w5" tab_id="w5:t1"
2026-08-27T11:49:46.211864Z  INFO herdr::logging: workspace focused event="workspace.focus" subsystem="workspace" outcome="ok" workspace_id="w7"
2026-08-27T11:49:46.212021Z  INFO herdr::logging: tab focused event="tab.focus" subsystem="tab" outcome="ok" workspace_id="w7" tab_id="w7:t1"
2026-08-27T11:49:49.082404Z  INFO herdr::logging: checking for updates event="update.check.start" subsystem="update" outcome="started"
2026-08-27T11:49:55.522624Z  INFO herdr::logging: session saved event="persist.save" subsystem="persist" outcome="ok" path=/Users/wqin/.config/herdr/session.json workspaces=4
2026-08-27T11:50:03.907004Z  INFO herdr::logging: session saved event="persist.save" subsystem="persist" outcome="ok" path=/Users/wqin/.config/herdr/session.json workspaces=4
2026-08-27T11:52:43.092962Z  INFO herdr::app::actions: copied selection to clipboard
2026-08-27T11:52:58.554663Z  INFO herdr::app::actions: copied selection to clipboard
2026-08-27T11:55:26.379269Z  INFO herdr::app::actions: copied selection to clipboard
2026-08-27T12:02:41.667497Z  INFO herdr::app::actions: copied selection to clipboard
2026-08-27T12:03:30.727411Z  INFO herdr::app::actions: copied selection to clipboard
2026-08-27T12:04:15.266146Z  INFO herdr::app::actions: copied selection to clipboard
2026-08-27T12:04:16.037888Z  INFO herdr::logging: tab focused event="tab.focus" subsystem="tab" outcome="ok" workspace_id="w7" tab_id="w7:t1"
2026-08-27T12:04:21.069816Z  INFO herdr::logging: session saved event="persist.save" subsystem="persist" outcome="ok" path=/Users/wqin/.config/herdr/session.json workspaces=4
2026-08-27T12:04:24.455745Z  INFO herdr::logging: tab focused event="tab.focus" subsystem="tab" outcome="ok" workspace_id="w7" tab_id="w7:t1"
2026-08-27T12:04:25.689621Z  INFO herdr::app::actions: copied selection to clipboard
2026-08-27T12:04:26.931485Z  INFO herdr::logging: tab focused event="tab.focus" subsystem="tab" outcome="ok" workspace_id="w7" tab_id="w7:t1"
2026-08-27T12:04:31.958728Z  INFO herdr::logging: session saved event="persist.save" subsystem="persist" outcome="ok" path=/Users/wqin/.config/herdr/session.json workspaces=4
2026-08-27T12:05:37.693629Z  INFO herdr::logging: tab focused event="tab.focus" subsystem="tab" outcome="ok" workspace_id="w7" tab_id="w7:t1"
2026-08-27T12:05:39.065545Z  INFO herdr::app::actions: copied selection to clipboard
2026-08-27T12:05:39.745664Z  INFO herdr::logging: tab focused event="tab.focus" subsystem="tab" outcome="ok" workspace_id="w7" tab_id="w7:t1"
2026-08-27T12:05:44.765573Z  INFO herdr::logging: session saved event="persist.save" subsystem="persist" outcome="ok" path=/Users/wqin/.config/herdr/session.json workspaces=4
2026-08-27T12:06:29.985297Z  INFO herdr::app::actions: copied selection to clipboard
2026-08-27T12:06:31.464860Z  INFO herdr::logging: tab focused event="tab.focus" subsystem="tab" outcome="ok" workspace_id="w7" tab_id="w7:t1"
2026-08-27T12:06:36.475823Z  INFO herdr::logging: session saved event="persist.save" subsystem="persist" outcome="ok" path=/Users/wqin/.config/herdr/session.json workspaces=4
2026-08-27T12:08:30.163764Z  INFO herdr::logging: workspace focused event="workspace.focus" subsystem="workspace" outcome="ok" workspace_id="w5"
2026-08-27T12:08:30.164670Z  INFO herdr::logging: tab focused event="tab.focus" subsystem="tab" outcome="ok" workspace_id="w5" tab_id="w5:t1"
2026-08-27T12:08:35.193069Z  INFO herdr::logging: session saved event="persist.save" subsystem="persist" outcome="ok" path=/Users/wqin/.config/herdr/session.json workspaces=4
2026-08-27T12:09:17.716626Z  INFO herdr::logging: workspace focused event="workspace.focus" subsystem="workspace" outcome="ok" workspace_id="w6"
2026-08-27T12:09:17.716771Z  INFO herdr::logging: tab focused event="tab.focus" subsystem="tab" outcome="ok" workspace_id="w6" tab_id="w6:t1"
2026-08-27T12:09:18.268312Z  INFO herdr::logging: workspace focused event="workspace.focus" subsystem="workspace" outcome="ok" workspace_id="w7"
2026-08-27T12:09:18.268446Z  INFO herdr::logging: tab focused event="tab.focus" subsystem="tab" outcome="ok" workspace_id="w7" tab_id="w7:t1"
2026-08-27T12:09:20.012653Z  INFO herdr::logging: workspace focused event="workspace.focus" subsystem="workspace" outcome="ok" workspace_id="w5"
2026-08-27T12:09:20.012800Z  INFO herdr::logging: tab focused event="tab.focus" subsystem="tab" outcome="ok" workspace_id="w5" tab_id="w5:t1"
2026-08-27T12:09:25.037907Z  INFO herdr::logging: session saved event="persist.save" subsystem="persist" outcome="ok" path=/Users/wqin/.config/herdr/session.json workspaces=4
2026-08-27T12:09:29.255969Z  INFO herdr::app::actions: copied selection to clipboard
2026-08-27T12:09:38.526378Z  INFO herdr::logging: workspace focused event="workspace.focus" subsystem="workspace" outcome="ok" workspace_id="w7"
2026-08-27T12:09:38.528119Z  INFO herdr::logging: tab focused event="tab.focus" subsystem="tab" outcome="ok" workspace_id="w7" tab_id="w7:t1"
2026-08-27T12:09:43.557474Z  INFO herdr::logging: session saved event="persist.save" subsystem="persist" outcome="ok" path=/Users/wqin/.config/herdr/session.json workspaces=4
2026-08-27T12:09:47.166414Z  INFO herdr::app::actions: copied selection to clipboard
2026-08-27T12:09:48.754112Z  INFO herdr::logging: tab focused event="tab.focus" subsystem="tab" outcome="ok" workspace_id="w7" tab_id="w7:t1"
2026-08-27T12:09:52.758784Z  INFO herdr::logging: tab focused event="tab.focus" subsystem="tab" outcome="ok" workspace_id="w7" tab_id="w7:t1"
2026-08-27T12:09:53.600943Z  INFO herdr::app::actions: copied selection to clipboard
2026-08-27T12:09:55.476834Z  INFO herdr::logging: tab focused event="tab.focus" subsystem="tab" outcome="ok" workspace_id="w7" tab_id="w7:t1"
2026-08-27T12:10:00.505948Z  INFO herdr::logging: session saved event="persist.save" subsystem="persist" outcome="ok" path=/Users/wqin/.config/herdr/session.json workspaces=4
2026-08-27T12:10:01.012894Z  INFO herdr::logging: tab focused event="tab.focus" subsystem="tab" outcome="ok" workspace_id="w7" tab_id="w7:t1"
2026-08-27T12:10:02.252952Z  INFO herdr::app::actions: copied selection to clipboard
2026-08-27T12:10:06.043103Z  INFO herdr::logging: session saved event="persist.save" subsystem="persist" outcome="ok" path=/Users/wqin/.config/herdr/session.json workspaces=4
2026-08-27T12:10:25.477465Z  INFO herdr::logging: tab focused event="tab.focus" subsystem="tab" outcome="ok" workspace_id="w7" tab_id="w7:t1"
2026-08-27T12:10:29.360980Z  INFO herdr::logging: tab focused event="tab.focus" subsystem="tab" outcome="ok" workspace_id="w7" tab_id="w7:t1"
2026-08-27T12:10:30.546677Z  INFO herdr::app::actions: copied selection to clipboard
2026-08-27T12:10:33.485248Z  INFO herdr::logging: tab focused event="tab.focus" subsystem="tab" outcome="ok" workspace_id="w7" tab_id="w7:t1"
2026-08-27T12:10:38.501894Z  INFO herdr::logging: session saved event="persist.save" subsystem="persist" outcome="ok" path=/Users/wqin/.config/herdr/session.json workspaces=4
2026-08-27T12:11:23.465703Z  INFO herdr::logging: tab focused event="tab.focus" subsystem="tab" outcome="ok" workspace_id="w7" tab_id="w7:t1"
2026-08-27T12:11:24.652949Z  INFO herdr::app::actions: copied selection to clipboard
2026-08-27T12:11:28.496496Z  INFO herdr::logging: session saved event="persist.save" subsystem="persist" outcome="ok" path=/Users/wqin/.config/herdr/session.json workspaces=4
2026-08-27T12:12:51.348454Z  INFO herdr::app::actions: copied selection to clipboard
2026-08-27T12:12:53.099553Z  INFO herdr::logging: tab focused event="tab.focus" subsystem="tab" outcome="ok" workspace_id="w7" tab_id="w7:t1"
2026-08-27T12:12:57.037031Z  INFO herdr::logging: tab focused event="tab.focus" subsystem="tab" outcome="ok" workspace_id="w7" tab_id="w7:t1"
2026-08-27T12:12:57.998791Z  INFO herdr::app::actions: copied selection to clipboard
2026-08-27T12:12:59.893012Z  INFO herdr::logging: tab focused event="tab.focus" subsystem="tab" outcome="ok" workspace_id="w7" tab_id="w7:t1"
2026-08-27T12:13:04.395244Z  INFO herdr::logging: tab focused event="tab.focus" subsystem="tab" outcome="ok" workspace_id="w7" tab_id="w7:t1"
2026-08-27T12:13:06.494742Z  INFO herdr::app::actions: copied selection to clipboard
2026-08-27T12:13:09.419284Z  INFO herdr::logging: session saved event="persist.save" subsystem="persist" outcome="ok" path=/Users/wqin/.config/herdr/session.json workspaces=4
2026-08-27T12:13:12.324905Z  INFO herdr::logging: tab focused event="tab.focus" subsystem="tab" outcome="ok" workspace_id="w7" tab_id="w7:t1"
2026-08-27T12:13:15.945510Z  INFO herdr::logging: tab focused event="tab.focus" subsystem="tab" outcome="ok" workspace_id="w7" tab_id="w7:t1"
2026-08-27T12:13:16.770469Z  INFO herdr::app::actions: copied selection to clipboard
2026-08-27T12:13:17.865545Z  INFO herdr::logging: tab focused event="tab.focus" subsystem="tab" outcome="ok" workspace_id="w7" tab_id="w7:t1"
2026-08-27T12:13:22.892524Z  INFO herdr::logging: session saved event="persist.save" subsystem="persist" outcome="ok" path=/Users/wqin/.config/herdr/session.json workspaces=4
2026-08-27T12:14:08.937889Z  INFO herdr::logging: session saved event="persist.save" subsystem="persist" outcome="ok" path=/Users/wqin/.config/herdr/session.json workspaces=4
2026-08-27T12:14:11.079646Z  INFO herdr::app::actions: copied selection to clipboard
2026-08-27T12:14:11.598753Z  INFO herdr::logging: tab focused event="tab.focus" subsystem="tab" outcome="ok" workspace_id="w7" tab_id="w7:t1"
2026-08-27T12:14:16.628284Z  INFO herdr::logging: session saved event="persist.save" subsystem="persist" outcome="ok" path=/Users/wqin/.config/herdr/session.json workspaces=4
2026-08-27T12:14:19.366975Z  INFO herdr::logging: workspace focused event="workspace.focus" subsystem="workspace" outcome="ok" workspace_id="w5"
2026-08-27T12:14:19.367077Z  INFO herdr::logging: tab focused event="tab.focus" subsystem="tab" outcome="ok" workspace_id="w5" tab_id="w5:t1"
2026-08-27T12:14:24.393338Z  INFO herdr::logging: session saved event="persist.save" subsystem="persist" outcome="ok" path=/Users/wqin/.config/herdr/session.json workspaces=4
2026-08-27T12:14:25.568907Z  INFO herdr::app::actions: copied selection to clipboard
2026-08-27T12:14:29.123548Z  INFO herdr::pane: agent changed pane=4 previous_agent=Some(Codex) agent=None pgid=Some(1801)
2026-08-27T12:14:31.636102Z  INFO herdr::pane: agent changed pane=4 previous_agent=None agent=Some(Codex) process=codex pgid=Some(11057)
2026-08-27T12:15:29.375867Z  INFO herdr::logging: workspace focused event="workspace.focus" subsystem="workspace" outcome="ok" workspace_id="w7"
2026-08-27T12:15:29.376886Z  INFO herdr::logging: tab focused event="tab.focus" subsystem="tab" outcome="ok" workspace_id="w7" tab_id="w7:t1"
2026-08-27T12:15:34.417211Z  INFO herdr::logging: session saved event="persist.save" subsystem="persist" outcome="ok" path=/Users/wqin/.config/herdr/session.json workspaces=4
2026-08-27T12:15:40.987687Z  INFO herdr::app::actions: copied selection to clipboard
2026-08-27T12:15:47.138946Z  INFO herdr::logging: tab focused event="tab.focus" subsystem="tab" outcome="ok" workspace_id="w7" tab_id="w7:t1"
2026-08-27T12:15:51.367026Z  INFO herdr::logging: tab focused event="tab.focus" subsystem="tab" outcome="ok" workspace_id="w7" tab_id="w7:t1"
2026-08-27T12:15:52.203878Z  INFO herdr::app::actions: copied selection to clipboard
2026-08-27T12:15:53.425021Z  INFO herdr::logging: tab focused event="tab.focus" subsystem="tab" outcome="ok" workspace_id="w7" tab_id="w7:t1"
2026-08-27T12:15:58.419522Z  INFO herdr::logging: tab focused event="tab.focus" subsystem="tab" outcome="ok" workspace_id="w7" tab_id="w7:t1"
2026-08-27T12:15:59.370977Z  INFO herdr::app::actions: copied selection to clipboard
2026-08-27T12:16:03.432653Z  INFO herdr::logging: session saved event="persist.save" subsystem="persist" outcome="ok" path=/Users/wqin/.config/herdr/session.json workspaces=4
2026-08-27T12:16:05.729666Z  INFO herdr::logging: tab focused event="tab.focus" subsystem="tab" outcome="ok" workspace_id="w7" tab_id="w7:t1"
2026-08-27T12:16:08.385025Z  INFO herdr::logging: tab focused event="tab.focus" subsystem="tab" outcome="ok" workspace_id="w7" tab_id="w7:t1"
2026-08-27T12:16:10.090380Z  INFO herdr::app::actions: copied selection to clipboard
2026-08-27T12:16:10.864145Z  INFO herdr::logging: tab focused event="tab.focus" subsystem="tab" outcome="ok" workspace_id="w7" tab_id="w7:t1"
2026-08-27T12:16:15.891057Z  INFO herdr::logging: session saved event="persist.save" subsystem="persist" outcome="ok" path=/Users/wqin/.config/herdr/session.json workspaces=4
2026-08-27T12:16:21.779431Z  INFO herdr::app::actions: copied selection to clipboard
2026-08-27T12:16:23.003741Z  INFO herdr::logging: tab focused event="tab.focus" subsystem="tab" outcome="ok" workspace_id="w7" tab_id="w7:t1"
2026-08-27T12:16:23.117308Z  INFO herdr::app::actions: copied selection to clipboard
2026-08-27T12:16:28.030226Z  INFO herdr::logging: session saved event="persist.save" subsystem="persist" outcome="ok" path=/Users/wqin/.config/herdr/session.json workspaces=4
2026-08-27T12:16:43.799729Z  INFO herdr::logging: tab focused event="tab.focus" subsystem="tab" outcome="ok" workspace_id="w7" tab_id="w7:t1"
2026-08-27T12:16:45.126476Z  INFO herdr::app::actions: copied selection to clipboard
2026-08-27T12:16:45.943671Z  INFO herdr::logging: tab focused event="tab.focus" subsystem="tab" outcome="ok" workspace_id="w7" tab_id="w7:t1"
2026-08-27T12:16:49.484373Z  INFO herdr::logging: workspace focused event="workspace.focus" subsystem="workspace" outcome="ok" workspace_id="w5"
2026-08-27T12:16:49.484530Z  INFO herdr::logging: tab focused event="tab.focus" subsystem="tab" outcome="ok" workspace_id="w5" tab_id="w5:t1"
2026-08-27T12:16:54.514719Z  INFO herdr::logging: session saved event="persist.save" subsystem="persist" outcome="ok" path=/Users/wqin/.config/herdr/session.json workspaces=4
2026-08-27T12:17:23.486960Z  INFO herdr::app::actions: copied selection to clipboard
2026-08-27T12:19:37.190756Z  INFO herdr::logging: workspace focused event="workspace.focus" subsystem="workspace" outcome="ok" workspace_id="w7"
2026-08-27T12:19:37.191752Z  INFO herdr::logging: tab focused event="tab.focus" subsystem="tab" outcome="ok" workspace_id="w7" tab_id="w7:t1"
2026-08-27T12:19:42.217090Z  INFO herdr::logging: session saved event="persist.save" subsystem="persist" outcome="ok" path=/Users/wqin/.config/herdr/session.json workspaces=4
2026-08-27T12:19:42.911068Z  INFO herdr::app::actions: copied selection to clipboard
2026-08-27T12:19:43.808164Z  INFO herdr::logging: tab focused event="tab.focus" subsystem="tab" outcome="ok" workspace_id="w7" tab_id="w7:t1"
2026-08-27T12:19:47.677034Z  INFO herdr::server::headless: client resize client_id=4 cols=111 rows=54 cell_width_px=0 cell_height_px=0
2026-08-27T12:19:48.829562Z  INFO herdr::logging: session saved event="persist.save" subsystem="persist" outcome="ok" path=/Users/wqin/.config/herdr/session.json workspaces=4
2026-08-27T12:19:49.145512Z  INFO herdr::logging: checking for updates event="update.check.start" subsystem="update" outcome="started"
2026-08-27T12:19:59.443114Z  INFO herdr::logging: tab focused event="tab.focus" subsystem="tab" outcome="ok" workspace_id="w7" tab_id="w7:t1"
2026-08-27T12:20:04.457749Z  INFO herdr::logging: session saved event="persist.save" subsystem="persist" outcome="ok" path=/Users/wqin/.config/herdr/session.json workspaces=4
2026-08-27T12:20:17.302863Z  INFO herdr::server::headless: client resize client_id=4 cols=224 rows=54 cell_width_px=0 cell_height_px=0
2026-08-27T12:24:07.341269Z  INFO herdr::logging: workspace focused event="workspace.focus" subsystem="workspace" outcome="ok" workspace_id="w5"
2026-08-27T12:24:07.342278Z  INFO herdr::logging: tab focused event="tab.focus" subsystem="tab" outcome="ok" workspace_id="w5" tab_id="w5:t1"
2026-08-27T12:24:12.358847Z  INFO herdr::logging: session saved event="persist.save" subsystem="persist" outcome="ok" path=/Users/wqin/.config/herdr/session.json workspaces=4
2026-08-27T12:24:26.467230Z  INFO herdr::logging: workspace focused event="workspace.focus" subsystem="workspace" outcome="ok" workspace_id="w7"
2026-08-27T12:24:26.467278Z  INFO herdr::logging: tab focused event="tab.focus" subsystem="tab" outcome="ok" workspace_id="w7" tab_id="w7:t1"
2026-08-27T12:24:31.483540Z  INFO herdr::logging: session saved event="persist.save" subsystem="persist" outcome="ok" path=/Users/wqin/.config/herdr/session.json workspaces=4
2026-08-27T12:24:42.025386Z  INFO herdr::app::actions: copied selection to clipboard
2026-08-27T12:24:43.943389Z  INFO herdr::app::actions: copied selection to clipboard
2026-08-27T12:24:45.126980Z  INFO herdr::logging: tab focused event="tab.focus" subsystem="tab" outcome="ok" workspace_id="w7" tab_id="w7:t1"
2026-08-27T12:24:47.956370Z  INFO herdr::logging: tab focused event="tab.focus" subsystem="tab" outcome="ok" workspace_id="w7" tab_id="w7:t1"
2026-08-27T12:24:48.965557Z  INFO herdr::app::actions: copied selection to clipboard
2026-08-27T12:24:49.726096Z  INFO herdr::logging: tab focused event="tab.focus" subsystem="tab" outcome="ok" workspace_id="w7" tab_id="w7:t1"
2026-08-27T12:24:53.349309Z  INFO herdr::logging: tab focused event="tab.focus" subsystem="tab" outcome="ok" workspace_id="w7" tab_id="w7:t1"
2026-08-27T12:24:54.555880Z  INFO herdr::app::actions: copied selection to clipboard
2026-08-27T12:24:58.356504Z  INFO herdr::logging: session saved event="persist.save" subsystem="persist" outcome="ok" path=/Users/wqin/.config/herdr/session.json workspaces=4
2026-08-27T12:24:59.847958Z  INFO herdr::logging: tab focused event="tab.focus" subsystem="tab" outcome="ok" workspace_id="w7" tab_id="w7:t1"
2026-08-27T12:25:03.184572Z  INFO herdr::logging: tab focused event="tab.focus" subsystem="tab" outcome="ok" workspace_id="w7" tab_id="w7:t1"
2026-08-27T12:25:04.295436Z  INFO herdr::app::actions: copied selection to clipboard
2026-08-27T12:25:05.190646Z  INFO herdr::logging: tab focused event="tab.focus" subsystem="tab" outcome="ok" workspace_id="w7" tab_id="w7:t1"
2026-08-27T12:25:07.226485Z  INFO herdr::server::headless: client resize client_id=4 cols=111 rows=54 cell_width_px=0 cell_height_px=0
2026-08-27T12:25:10.211678Z  INFO herdr::logging: session saved event="persist.save" subsystem="persist" outcome="ok" path=/Users/wqin/.config/herdr/session.json workspaces=4
2026-08-27T12:25:13.588091Z  INFO herdr::logging: tab focused event="tab.focus" subsystem="tab" outcome="ok" workspace_id="w7" tab_id="w7:t1"
2026-08-27T12:25:18.593464Z  INFO herdr::logging: session saved event="persist.save" subsystem="persist" outcome="ok" path=/Users/wqin/.config/herdr/session.json workspaces=4
2026-08-27T12:25:21.376396Z  INFO herdr::server::headless: client resize client_id=4 cols=224 rows=54 cell_width_px=0 cell_height_px=0
2026-08-27T12:25:23.489281Z  INFO herdr::logging: workspace focused event="workspace.focus" subsystem="workspace" outcome="ok" workspace_id="w5"
2026-08-27T12:25:23.489436Z  INFO herdr::logging: tab focused event="tab.focus" subsystem="tab" outcome="ok" workspace_id="w5" tab_id="w5:t1"
2026-08-27T12:25:28.488797Z  INFO herdr::app::actions: copied selection to clipboard
2026-08-27T12:25:28.505193Z  INFO herdr::logging: session saved event="persist.save" subsystem="persist" outcome="ok" path=/Users/wqin/.config/herdr/session.json workspaces=4
2026-08-27T12:33:33.736419Z  INFO herdr::logging: workspace focused event="workspace.focus" subsystem="workspace" outcome="ok" workspace_id="w7"
2026-08-27T12:33:33.737488Z  INFO herdr::logging: tab focused event="tab.focus" subsystem="tab" outcome="ok" workspace_id="w7" tab_id="w7:t1"
2026-08-27T12:33:38.751054Z  INFO herdr::logging: session saved event="persist.save" subsystem="persist" outcome="ok" path=/Users/wqin/.config/herdr/session.json workspaces=4
2026-08-27T12:33:39.424039Z  INFO herdr::app::actions: copied selection to clipboard
2026-08-27T12:33:40.566046Z  INFO herdr::logging: tab focused event="tab.focus" subsystem="tab" outcome="ok" workspace_id="w7" tab_id="w7:t1"
2026-08-27T12:33:44.578502Z  INFO herdr::logging: tab focused event="tab.focus" subsystem="tab" outcome="ok" workspace_id="w7" tab_id="w7:t1"
2026-08-27T12:33:45.840191Z  INFO herdr::app::actions: copied selection to clipboard
2026-08-27T12:33:46.863487Z  INFO herdr::logging: tab focused event="tab.focus" subsystem="tab" outcome="ok" workspace_id="w7" tab_id="w7:t1"
2026-08-27T12:33:50.957811Z  INFO herdr::logging: tab focused event="tab.focus" subsystem="tab" outcome="ok" workspace_id="w7" tab_id="w7:t1"
2026-08-27T12:33:52.107702Z  INFO herdr::app::actions: copied selection to clipboard
2026-08-27T12:33:55.973480Z  INFO herdr::logging: session saved event="persist.save" subsystem="persist" outcome="ok" path=/Users/wqin/.config/herdr/session.json workspaces=4
2026-08-27T12:33:58.065356Z  INFO herdr::logging: tab focused event="tab.focus" subsystem="tab" outcome="ok" workspace_id="w7" tab_id="w7:t1"
2026-08-27T12:34:01.452085Z  INFO herdr::logging: tab focused event="tab.focus" subsystem="tab" outcome="ok" workspace_id="w7" tab_id="w7:t1"
2026-08-27T12:34:02.315768Z  INFO herdr::app::actions: copied selection to clipboard
2026-08-27T12:34:03.884282Z  INFO herdr::app::actions: copied selection to clipboard
2026-08-27T12:34:05.395332Z  INFO herdr::app::actions: copied selection to clipboard
2026-08-27T12:34:06.025461Z  INFO herdr::logging: tab focused event="tab.focus" subsystem="tab" outcome="ok" workspace_id="w7" tab_id="w7:t1"
2026-08-27T12:34:08.701331Z  INFO herdr::server::headless: client resize client_id=4 cols=111 rows=54 cell_width_px=0 cell_height_px=0
2026-08-27T12:34:11.046601Z  INFO herdr::logging: session saved event="persist.save" subsystem="persist" outcome="ok" path=/Users/wqin/.config/herdr/session.json workspaces=4
2026-08-27T12:34:23.676530Z  INFO herdr::logging: tab focused event="tab.focus" subsystem="tab" outcome="ok" workspace_id="w7" tab_id="w7:t1"
2026-08-27T12:34:28.689271Z  INFO herdr::logging: session saved event="persist.save" subsystem="persist" outcome="ok" path=/Users/wqin/.config/herdr/session.json workspaces=4
2026-08-27T12:34:42.599199Z  INFO herdr::server::headless: client resize client_id=4 cols=224 rows=54 cell_width_px=0 cell_height_px=0
2026-08-27T12:42:42.720215Z  INFO herdr::app::actions: copied selection to clipboard
2026-08-27T12:42:43.723616Z  INFO herdr::logging: tab focused event="tab.focus" subsystem="tab" outcome="ok" workspace_id="w7" tab_id="w7:t1"
2026-08-27T12:42:46.848406Z  INFO herdr::server::headless: client resize client_id=4 cols=111 rows=54 cell_width_px=0 cell_height_px=0
2026-08-27T12:42:48.744255Z  INFO herdr::logging: session saved event="persist.save" subsystem="persist" outcome="ok" path=/Users/wqin/.config/herdr/session.json workspaces=4
2026-08-27T12:42:55.611225Z  INFO herdr::logging: tab focused event="tab.focus" subsystem="tab" outcome="ok" workspace_id="w7" tab_id="w7:t1"
2026-08-27T12:42:56.619554Z  INFO herdr::app::actions: copied selection to clipboard
2026-08-27T12:43:00.627897Z  INFO herdr::logging: session saved event="persist.save" subsystem="persist" outcome="ok" path=/Users/wqin/.config/herdr/session.json workspaces=4
2026-08-27T12:43:23.311611Z  INFO herdr::server::headless: client resize client_id=4 cols=224 rows=54 cell_width_px=0 cell_height_px=0
2026-08-27T12:46:06.872448Z  INFO herdr::logging: workspace focused event="workspace.focus" subsystem="workspace" outcome="ok" workspace_id="w5"
2026-08-27T12:46:06.873536Z  INFO herdr::logging: tab focused event="tab.focus" subsystem="tab" outcome="ok" workspace_id="w5" tab_id="w5:t1"
2026-08-27T12:46:11.889154Z  INFO herdr::logging: session saved event="persist.save" subsystem="persist" outcome="ok" path=/Users/wqin/.config/herdr/session.json workspaces=4
2026-08-27T12:46:26.151084Z  INFO herdr::logging: workspace focused event="workspace.focus" subsystem="workspace" outcome="ok" workspace_id="w7"
2026-08-27T12:46:26.151240Z  INFO herdr::logging: tab focused event="tab.focus" subsystem="tab" outcome="ok" workspace_id="w7" tab_id="w7:t1"
2026-08-27T12:46:31.164984Z  INFO herdr::logging: session saved event="persist.save" subsystem="persist" outcome="ok" path=/Users/wqin/.config/herdr/session.json workspaces=4
2026-08-27T12:46:33.174995Z  INFO herdr::logging: workspace focused event="workspace.focus" subsystem="workspace" outcome="ok" workspace_id="w5"
2026-08-27T12:46:33.175141Z  INFO herdr::logging: tab focused event="tab.focus" subsystem="tab" outcome="ok" workspace_id="w5" tab_id="w5:t1"
2026-08-27T12:46:38.191943Z  INFO herdr::logging: session saved event="persist.save" subsystem="persist" outcome="ok" path=/Users/wqin/.config/herdr/session.json workspaces=4
2026-08-27T12:49:49.166638Z  INFO herdr::logging: checking for updates event="update.check.start" subsystem="update" outcome="started"
2026-08-27T12:54:27.157525Z  INFO herdr::logging: workspace focused event="workspace.focus" subsystem="workspace" outcome="ok" workspace_id="w7"
2026-08-27T12:54:27.158543Z  INFO herdr::logging: tab focused event="tab.focus" subsystem="tab" outcome="ok" workspace_id="w7" tab_id="w7:t1"
2026-08-27T12:54:32.166907Z  INFO herdr::logging: session saved event="persist.save" subsystem="persist" outcome="ok" path=/Users/wqin/.config/herdr/session.json workspaces=4
2026-08-27T12:54:33.562377Z  INFO herdr::app::actions: copied selection to clipboard
2026-08-27T12:54:35.039063Z  INFO herdr::logging: tab focused event="tab.focus" subsystem="tab" outcome="ok" workspace_id="w7" tab_id="w7:t1"
2026-08-27T12:54:38.190505Z  INFO herdr::server::headless: client resize client_id=4 cols=111 rows=54 cell_width_px=0 cell_height_px=0
2026-08-27T12:54:40.060545Z  INFO herdr::logging: session saved event="persist.save" subsystem="persist" outcome="ok" path=/Users/wqin/.config/herdr/session.json workspaces=4
2026-08-27T12:54:56.081635Z  INFO herdr::server::headless: client resize client_id=4 cols=224 rows=54 cell_width_px=0 cell_height_px=0
2026-08-27T12:54:59.788217Z  INFO herdr::logging: tab focused event="tab.focus" subsystem="tab" outcome="ok" workspace_id="w7" tab_id="w7:t1"
2026-08-27T12:55:04.804062Z  INFO herdr::logging: session saved event="persist.save" subsystem="persist" outcome="ok" path=/Users/wqin/.config/herdr/session.json workspaces=4
2026-08-27T13:19:49.207885Z  INFO herdr::logging: checking for updates event="update.check.start" subsystem="update" outcome="started"
2026-08-27T13:21:12.688723Z  INFO herdr::logging: workspace focused event="workspace.focus" subsystem="workspace" outcome="ok" workspace_id="w5"
2026-08-27T13:21:12.688790Z  INFO herdr::logging: tab focused event="tab.focus" subsystem="tab" outcome="ok" workspace_id="w5" tab_id="w5:t1"
2026-08-27T13:21:14.545538Z  INFO herdr::logging: workspace focused event="workspace.focus" subsystem="workspace" outcome="ok" workspace_id="w7"
2026-08-27T13:21:14.545680Z  INFO herdr::logging: tab focused event="tab.focus" subsystem="tab" outcome="ok" workspace_id="w7" tab_id="w7:t1"
2026-08-27T13:21:19.563432Z  INFO herdr::logging: session saved event="persist.save" subsystem="persist" outcome="ok" path=/Users/wqin/.config/herdr/session.json workspaces=4
2026-08-27T13:21:32.632553Z  INFO herdr::logging: workspace focused event="workspace.focus" subsystem="workspace" outcome="ok" workspace_id="w5"
2026-08-27T13:21:32.632693Z  INFO herdr::logging: tab focused event="tab.focus" subsystem="tab" outcome="ok" workspace_id="w5" tab_id="w5:t1"
2026-08-27T13:21:37.649875Z  INFO herdr::logging: session saved event="persist.save" subsystem="persist" outcome="ok" path=/Users/wqin/.config/herdr/session.json workspaces=4
2026-08-27T13:22:21.185350Z  INFO herdr::app::actions: copied selection to clipboard
2026-08-27T13:26:48.822432Z  INFO herdr::app::actions: copied selection to clipboard
2026-08-27T13:45:27.958365Z  INFO herdr::app::actions: copied selection to clipboard
2026-08-27T13:45:47.444988Z  INFO herdr::app::actions: copied selection to clipboard
2026-08-27T13:46:24.710750Z  INFO herdr::app::actions: copied selection to clipboard
2026-08-27T13:46:31.076045Z  INFO herdr::app::actions: copied selection to clipboard
2026-08-27T13:48:19.376208Z  INFO herdr::app::actions: copied selection to clipboard
2026-08-27T13:49:49.155950Z  INFO herdr::logging: checking for updates event="update.check.start" subsystem="update" outcome="started"
2026-08-27T13:50:17.972479Z  INFO herdr::app::actions: copied selection to clipboard
2026-08-27T13:51:02.565870Z  INFO herdr::app::actions: copied selection to clipboard
2026-08-27T13:53:46.498073Z  INFO herdr::app::actions: copied selection to clipboard
2026-08-27T13:54:24.857484Z  INFO herdr::app::actions: copied selection to clipboard
2026-08-27T13:54:53.632716Z  INFO herdr::app::actions: copied selection to clipboard
2026-08-27T14:15:05.121773Z  INFO herdr::app::actions: copied selection to clipboard
2026-08-27T14:19:49.236125Z  INFO herdr::logging: checking for updates event="update.check.start" subsystem="update" outcome="started"
2026-08-27T14:34:56.735014Z  INFO herdr::logging: workspace focused event="workspace.focus" subsystem="workspace" outcome="ok" workspace_id="w7"
2026-08-27T14:34:56.736912Z  INFO herdr::logging: tab focused event="tab.focus" subsystem="tab" outcome="ok" workspace_id="w7" tab_id="w7:t1"
2026-08-27T14:35:01.757689Z  INFO herdr::logging: session saved event="persist.save" subsystem="persist" outcome="ok" path=/Users/wqin/.config/herdr/session.json workspaces=4
2026-08-27T14:35:03.549377Z  INFO herdr::app::actions: copied selection to clipboard
2026-08-27T14:35:47.562699Z  INFO herdr::app::actions: copied selection to clipboard
2026-08-27T14:47:02.803455Z  INFO herdr::server::headless: client resize client_id=4 cols=238 rows=55 cell_width_px=0 cell_height_px=0
2026-08-27T14:47:03.028269Z  INFO herdr::server::headless: client resize client_id=4 cols=238 rows=56 cell_width_px=0 cell_height_px=0
2026-08-27T14:47:03.928380Z  INFO herdr::server::headless: client resize client_id=4 cols=224 rows=54 cell_width_px=0 cell_height_px=0
2026-08-27T14:47:06.110659Z  INFO herdr::server::headless: client resize client_id=4 cols=238 rows=55 cell_width_px=0 cell_height_px=0
2026-08-27T14:47:07.670615Z  INFO herdr::server::headless: client resize client_id=4 cols=224 rows=54 cell_width_px=0 cell_height_px=0
2026-08-27T14:50:00.441193Z  INFO herdr::logging: checking for updates event="update.check.start" subsystem="update" outcome="started"
2026-08-27T15:00:27.043339Z  INFO herdr::server::headless: client resize client_id=4 cols=238 rows=55 cell_width_px=0 cell_height_px=0
2026-08-27T15:00:27.148556Z  INFO herdr::server::headless: client resize client_id=4 cols=238 rows=56 cell_width_px=0 cell_height_px=0
2026-08-27T15:00:28.075675Z  INFO herdr::server::headless: client resize client_id=4 cols=224 rows=54 cell_width_px=0 cell_height_px=0
2026-08-27T15:00:28.216606Z  INFO herdr::server::headless: client resize client_id=4 cols=224 rows=54 cell_width_px=0 cell_height_px=0
2026-08-27T15:00:30.452383Z  INFO herdr::server::headless: client resize client_id=4 cols=238 rows=55 cell_width_px=0 cell_height_px=0
2026-08-27T15:00:31.941694Z  INFO herdr::server::headless: client resize client_id=4 cols=224 rows=54 cell_width_px=0 cell_height_px=0
2026-08-27T15:38:01.304656Z  INFO herdr::logging: checking for updates event="update.check.start" subsystem="update" outcome="started"
2026-08-27T16:08:01.216507Z  INFO herdr::logging: checking for updates event="update.check.start" subsystem="update" outcome="started"
2026-08-27T16:38:01.264335Z  INFO herdr::logging: checking for updates event="update.check.start" subsystem="update" outcome="started"
2026-08-27T17:08:01.267612Z  INFO herdr::logging: checking for updates event="update.check.start" subsystem="update" outcome="started"
2026-08-27T17:39:59.866469Z  INFO herdr::logging: checking for updates event="update.check.start" subsystem="update" outcome="started"
2026-08-27T19:11:30.210893Z  INFO herdr::logging: checking for updates event="update.check.start" subsystem="update" outcome="started"
2026-08-27T19:41:30.243046Z  INFO herdr::logging: checking for updates event="update.check.start" subsystem="update" outcome="started"
2026-08-27T20:11:30.179554Z  INFO herdr::logging: checking for updates event="update.check.start" subsystem="update" outcome="started"
2026-08-27T20:41:30.233992Z  INFO herdr::logging: checking for updates event="update.check.start" subsystem="update" outcome="started"
2026-08-27T21:11:30.218207Z  INFO herdr::logging: checking for updates event="update.check.start" subsystem="update" outcome="started"
2026-08-27T21:41:30.187963Z  INFO herdr::logging: checking for updates event="update.check.start" subsystem="update" outcome="started"
2026-08-27T22:19:58.348103Z  INFO herdr::logging: checking for updates event="update.check.start" subsystem="update" outcome="started"
2026-08-27T22:49:58.362167Z  INFO herdr::logging: checking for updates event="update.check.start" subsystem="update" outcome="started"
2026-08-27T23:56:56.506935Z  INFO herdr::logging: checking for updates event="update.check.start" subsystem="update" outcome="started"
2026-08-28T00:26:56.512312Z  INFO herdr::logging: checking for updates event="update.check.start" subsystem="update" outcome="started"
2026-08-28T00:56:56.530033Z  INFO herdr::logging: checking for updates event="update.check.start" subsystem="update" outcome="started"
2026-08-28T01:26:56.548808Z  INFO herdr::logging: checking for updates event="update.check.start" subsystem="update" outcome="started"
2026-08-28T01:56:56.523394Z  INFO herdr::logging: checking for updates event="update.check.start" subsystem="update" outcome="started"
2026-08-28T02:26:56.639282Z  INFO herdr::logging: checking for updates event="update.check.start" subsystem="update" outcome="started"
2026-08-28T02:56:56.686634Z  INFO herdr::logging: checking for updates event="update.check.start" subsystem="update" outcome="started"
2026-08-28T03:26:56.654468Z  INFO herdr::logging: checking for updates event="update.check.start" subsystem="update" outcome="started"
2026-08-28T03:56:56.671405Z  INFO herdr::logging: checking for updates event="update.check.start" subsystem="update" outcome="started"
2026-08-28T04:26:56.709514Z  INFO herdr::logging: checking for updates event="update.check.start" subsystem="update" outcome="started"
2026-08-28T04:56:56.579661Z  INFO herdr::logging: checking for updates event="update.check.start" subsystem="update" outcome="started"
2026-08-28T05:26:56.599486Z  INFO herdr::logging: checking for updates event="update.check.start" subsystem="update" outcome="started"
2026-08-28T05:56:56.627468Z  INFO herdr::logging: checking for updates event="update.check.start" subsystem="update" outcome="started"
2026-08-28T06:26:56.622242Z  INFO herdr::logging: checking for updates event="update.check.start" subsystem="update" outcome="started"
2026-08-28T06:56:56.705536Z  INFO herdr::logging: checking for updates event="update.check.start" subsystem="update" outcome="started"
2026-08-28T07:26:56.679829Z  INFO herdr::logging: checking for updates event="update.check.start" subsystem="update" outcome="started"
2026-08-28T07:56:56.722064Z  INFO herdr::logging: checking for updates event="update.check.start" subsystem="update" outcome="started"
2026-08-28T08:26:56.762479Z  INFO herdr::logging: checking for updates event="update.check.start" subsystem="update" outcome="started"
2026-08-28T08:56:56.802256Z  INFO herdr::logging: checking for updates event="update.check.start" subsystem="update" outcome="started"
2026-08-28T09:26:56.772000Z  INFO herdr::logging: checking for updates event="update.check.start" subsystem="update" outcome="started"
2026-08-28T09:56:56.785752Z  INFO herdr::logging: checking for updates event="update.check.start" subsystem="update" outcome="started"
2026-08-28T10:26:56.850231Z  INFO herdr::logging: checking for updates event="update.check.start" subsystem="update" outcome="started"
2026-08-28T10:56:56.858799Z  INFO herdr::logging: checking for updates event="update.check.start" subsystem="update" outcome="started"
2026-08-28T11:26:56.847141Z  INFO herdr::logging: checking for updates event="update.check.start" subsystem="update" outcome="started"
2026-08-28T11:56:56.887888Z  INFO herdr::logging: checking for updates event="update.check.start" subsystem="update" outcome="started"
2026-08-28T12:26:56.858330Z  INFO herdr::logging: checking for updates event="update.check.start" subsystem="update" outcome="started"
2026-08-28T12:56:56.866618Z  INFO herdr::logging: checking for updates event="update.check.start" subsystem="update" outcome="started"
2026-08-28T13:26:56.905876Z  INFO herdr::logging: checking for updates event="update.check.start" subsystem="update" outcome="started"
2026-08-28T13:56:56.949491Z  INFO herdr::logging: checking for updates event="update.check.start" subsystem="update" outcome="started"
2026-08-28T14:26:56.864256Z  INFO herdr::logging: checking for updates event="update.check.start" subsystem="update" outcome="started"
2026-08-28T14:27:07.361346Z  INFO herdr::pane: agent changed pane=7 previous_agent=None agent=Some(Codex) process=codex pgid=Some(2521)
2026-08-28T14:27:07.361359Z  INFO herdr::pane: agent changed pane=10 previous_agent=None agent=Some(Codex) process=codex pgid=Some(24166)
2026-08-28T14:27:07.361355Z  INFO herdr::pane: agent changed pane=4 previous_agent=None agent=Some(Codex) process=codex pgid=Some(11057)
2026-08-28T14:56:56.889415Z  INFO herdr::logging: checking for updates event="update.check.start" subsystem="update" outcome="started"
2026-08-28T15:26:56.945156Z  INFO herdr::logging: checking for updates event="update.check.start" subsystem="update" outcome="started"
2026-08-28T15:56:56.965223Z  INFO herdr::logging: checking for updates event="update.check.start" subsystem="update" outcome="started"
2026-08-28T16:26:56.935706Z  INFO herdr::logging: checking for updates event="update.check.start" subsystem="update" outcome="started"
2026-08-28T16:56:56.923949Z  INFO herdr::logging: checking for updates event="update.check.start" subsystem="update" outcome="started"
2026-08-28T17:26:56.970984Z  INFO herdr::logging: checking for updates event="update.check.start" subsystem="update" outcome="started"
2026-08-28T17:56:56.918480Z  INFO herdr::logging: checking for updates event="update.check.start" subsystem="update" outcome="started"
2026-08-28T18:26:56.878760Z  INFO herdr::logging: checking for updates event="update.check.start" subsystem="update" outcome="started"
2026-08-28T18:56:56.876306Z  INFO herdr::logging: checking for updates event="update.check.start" subsystem="update" outcome="started"
2026-08-28T19:26:56.905678Z  INFO herdr::logging: checking for updates event="update.check.start" subsystem="update" outcome="started"
2026-08-28T19:56:56.902592Z  INFO herdr::logging: checking for updates event="update.check.start" subsystem="update" outcome="started"
2026-08-28T20:41:15.117393Z  INFO herdr::logging: checking for updates event="update.check.start" subsystem="update" outcome="started"
2026-08-28T21:11:15.172618Z  INFO herdr::logging: checking for updates event="update.check.start" subsystem="update" outcome="started"
2026-08-28T21:43:41.687166Z  INFO herdr::logging: checking for updates event="update.check.start" subsystem="update" outcome="started"
2026-08-28T22:13:41.699471Z  INFO herdr::logging: checking for updates event="update.check.start" subsystem="update" outcome="started"
2026-08-28T23:13:58.176741Z  INFO herdr::logging: checking for updates event="update.check.start" subsystem="update" outcome="started"
2026-08-29T00:18:01.740264Z  INFO herdr::logging: checking for updates event="update.check.start" subsystem="update" outcome="started"
2026-08-29T00:43:19.817423Z  INFO herdr::server::headless: client resize client_id=4 cols=238 rows=55 cell_width_px=0 cell_height_px=0
2026-08-29T00:43:20.902146Z  INFO herdr::server::headless: client resize client_id=4 cols=224 rows=54 cell_width_px=0 cell_height_px=0
2026-08-29T00:43:23.175481Z  INFO herdr::server::headless: client resize client_id=4 cols=238 rows=55 cell_width_px=0 cell_height_px=0
2026-08-29T00:43:24.627402Z  INFO herdr::server::headless: client resize client_id=4 cols=224 rows=54 cell_width_px=0 cell_height_px=0
2026-08-29T00:48:01.828322Z  INFO herdr::logging: checking for updates event="update.check.start" subsystem="update" outcome="started"
2026-08-29T00:55:18.551955Z  INFO herdr::logging: tab focused event="tab.focus" subsystem="tab" outcome="ok" workspace_id="w7" tab_id="w7:t1"
2026-08-29T00:55:23.569157Z  INFO herdr::logging: session saved event="persist.save" subsystem="persist" outcome="ok" path=/Users/wqin/.config/herdr/session.json workspaces=4
2026-08-29T00:56:47.169264Z  INFO herdr::logging: tab focused event="tab.focus" subsystem="tab" outcome="ok" workspace_id="w7" tab_id="w7:t1"
2026-08-29T00:56:52.186014Z  INFO herdr::logging: session saved event="persist.save" subsystem="persist" outcome="ok" path=/Users/wqin/.config/herdr/session.json workspaces=4
2026-08-29T00:56:58.993883Z  INFO herdr::logging: tab focused event="tab.focus" subsystem="tab" outcome="ok" workspace_id="w7" tab_id="w7:t1"
2026-08-29T00:57:04.009228Z  INFO herdr::logging: session saved event="persist.save" subsystem="persist" outcome="ok" path=/Users/wqin/.config/herdr/session.json workspaces=4
2026-08-29T00:59:57.117486Z  INFO herdr::server::headless: client resize client_id=4 cols=111 rows=52 cell_width_px=0 cell_height_px=0
2026-08-29T01:00:29.564531Z  INFO herdr::server::headless: client resize client_id=4 cols=224 rows=52 cell_width_px=0 cell_height_px=0
2026-08-29T01:02:54.873689Z  INFO herdr::server::headless: client resize client_id=4 cols=224 rows=52 cell_width_px=0 cell_height_px=0
2026-08-29T01:04:08.734205Z  INFO herdr::server::headless: client resize client_id=4 cols=224 rows=52 cell_width_px=0 cell_height_px=0
2026-08-29T01:09:20.534848Z  INFO herdr::logging: spawning pane terminal event="pane.spawn.start" subsystem="pane" outcome="started" pane_id=12 rows=51 cols=96 scrollback_limit_bytes=10000000
2026-08-29T01:09:20.542387Z  INFO herdr::logging: pane child spawned event="pane.spawned" subsystem="pane" outcome="ok" pane_id=12 pid=45463
2026-08-29T01:09:20.543301Z  INFO herdr::logging: workspace created event="workspace.create" subsystem="workspace" outcome="ok" workspace_id="w8" pane_id=12
2026-08-29T01:09:20.543345Z  INFO herdr::logging: workspace focused event="workspace.focus" subsystem="workspace" outcome="ok" workspace_id="w8"
2026-08-29T01:09:20.543418Z  INFO herdr::logging: tab focused event="tab.focus" subsystem="tab" outcome="ok" workspace_id="w8" tab_id="w8:t1"
2026-08-29T01:09:25.568765Z  INFO herdr::logging: session saved event="persist.save" subsystem="persist" outcome="ok" path=/Users/wqin/.config/herdr/session.json workspaces=5
2026-08-29T01:09:42.198000Z  INFO herdr::pane: agent changed pane=12 previous_agent=None agent=Some(Codex) process=codex pgid=Some(46175)
2026-08-29T01:11:36.275888Z  INFO herdr::logging: workspace focused event="workspace.focus" subsystem="workspace" outcome="ok" workspace_id="w5"
2026-08-29T01:11:36.276056Z  INFO herdr::logging: tab focused event="tab.focus" subsystem="tab" outcome="ok" workspace_id="w5" tab_id="w5:t1"
2026-08-29T01:11:37.220216Z  INFO herdr::logging: tab focused event="tab.focus" subsystem="tab" outcome="ok" workspace_id="w5" tab_id="w5:t1"
2026-08-29T01:11:39.574287Z  INFO herdr::logging: workspace focused event="workspace.focus" subsystem="workspace" outcome="ok" workspace_id="w7"
2026-08-29T01:11:39.574442Z  INFO herdr::logging: tab focused event="tab.focus" subsystem="tab" outcome="ok" workspace_id="w7" tab_id="w7:t1"
2026-08-29T01:11:40.408582Z  INFO herdr::logging: tab focused event="tab.focus" subsystem="tab" outcome="ok" workspace_id="w7" tab_id="w7:t1"
2026-08-29T01:11:45.423977Z  INFO herdr::logging: session saved event="persist.save" subsystem="persist" outcome="ok" path=/Users/wqin/.config/herdr/session.json workspaces=5
2026-08-29T01:13:28.007872Z  INFO herdr::server::headless: client resize client_id=4 cols=224 rows=52 cell_width_px=0 cell_height_px=0
2026-08-29T01:14:15.287060Z  INFO herdr::server::headless: client resize client_id=4 cols=224 rows=52 cell_width_px=0 cell_height_px=0
2026-08-29T01:18:01.831190Z  INFO herdr::logging: checking for updates event="update.check.start" subsystem="update" outcome="started"
2026-08-29T01:22:19.276325Z  INFO herdr::logging: workspace focused event="workspace.focus" subsystem="workspace" outcome="ok" workspace_id="w6"
2026-08-29T01:22:19.276599Z  INFO herdr::logging: tab focused event="tab.focus" subsystem="tab" outcome="ok" workspace_id="w6" tab_id="w6:t1"
2026-08-29T01:22:24.290003Z  INFO herdr::logging: session saved event="persist.save" subsystem="persist" outcome="ok" path=/Users/wqin/.config/herdr/session.json workspaces=5
2026-08-29T01:22:26.285783Z  INFO herdr::pane: agent changed pane=7 previous_agent=Some(Codex) agent=None pgid=Some(1804)
2026-08-29T01:22:32.328608Z  INFO herdr::logging: workspace focused event="workspace.focus" subsystem="workspace" outcome="ok" workspace_id="w7"
2026-08-29T01:22:32.328847Z  INFO herdr::logging: tab focused event="tab.focus" subsystem="tab" outcome="ok" workspace_id="w7" tab_id="w7:t1"
2026-08-29T01:22:33.812458Z  INFO herdr::logging: workspace focused event="workspace.focus" subsystem="workspace" outcome="ok" workspace_id="w8"
2026-08-29T01:22:33.812653Z  INFO herdr::logging: tab focused event="tab.focus" subsystem="tab" outcome="ok" workspace_id="w8" tab_id="w8:t1"
2026-08-29T01:22:34.590874Z  INFO herdr::logging: workspace focused event="workspace.focus" subsystem="workspace" outcome="ok" workspace_id="w5"
2026-08-29T01:22:34.591013Z  INFO herdr::logging: tab focused event="tab.focus" subsystem="tab" outcome="ok" workspace_id="w5" tab_id="w5:t1"
2026-08-29T01:22:36.478198Z  INFO herdr::logging: workspace focused event="workspace.focus" subsystem="workspace" outcome="ok" workspace_id="w8"
2026-08-29T01:22:36.478384Z  INFO herdr::logging: tab focused event="tab.focus" subsystem="tab" outcome="ok" workspace_id="w8" tab_id="w8:t1"
2026-08-29T01:22:40.559913Z  INFO herdr::logging: workspace closed event="workspace.close" subsystem="workspace" outcome="ok" workspace_id="w8"
2026-08-29T01:22:40.563184Z  INFO herdr::logging: pane child exited event="pane.exit" subsystem="pane" outcome="completed" pane_id=12 status="ExitStatus { code: 1, signal: None }"
2026-08-29T01:22:40.584097Z  INFO herdr::pane: pane session terminated pane=12 pid=45463 signal=Hangup
2026-08-29T01:22:40.584552Z  WARN herdr::app::actions: PaneDied for unknown pane pane=12
2026-08-29T01:22:41.992554Z  INFO herdr::logging: workspace focused event="workspace.focus" subsystem="workspace" outcome="ok" workspace_id="w6"
2026-08-29T01:22:41.992706Z  INFO herdr::logging: tab focused event="tab.focus" subsystem="tab" outcome="ok" workspace_id="w6" tab_id="w6:t1"
2026-08-29T01:22:42.586718Z  INFO herdr::logging: workspace focused event="workspace.focus" subsystem="workspace" outcome="ok" workspace_id="w7"
2026-08-29T01:22:42.586885Z  INFO herdr::logging: tab focused event="tab.focus" subsystem="tab" outcome="ok" workspace_id="w7" tab_id="w7:t1"
2026-08-29T01:22:43.008188Z  INFO herdr::logging: workspace focused event="workspace.focus" subsystem="workspace" outcome="ok" workspace_id="w5"
2026-08-29T01:22:43.008355Z  INFO herdr::logging: tab focused event="tab.focus" subsystem="tab" outcome="ok" workspace_id="w5" tab_id="w5:t1"
2026-08-29T01:22:43.417569Z  INFO herdr::logging: workspace focused event="workspace.focus" subsystem="workspace" outcome="ok" workspace_id="w4"
2026-08-29T01:22:43.417730Z  INFO herdr::logging: tab focused event="tab.focus" subsystem="tab" outcome="ok" workspace_id="w4" tab_id="w4:t1"
2026-08-29T01:22:45.247259Z  INFO herdr::logging: workspace focused event="workspace.focus" subsystem="workspace" outcome="ok" workspace_id="w6"
2026-08-29T01:22:45.247361Z  INFO herdr::logging: tab focused event="tab.focus" subsystem="tab" outcome="ok" workspace_id="w6" tab_id="w6:t1"
2026-08-29T01:22:45.858679Z  INFO herdr::logging: workspace focused event="workspace.focus" subsystem="workspace" outcome="ok" workspace_id="w7"
2026-08-29T01:22:45.858835Z  INFO herdr::logging: tab focused event="tab.focus" subsystem="tab" outcome="ok" workspace_id="w7" tab_id="w7:t1"
2026-08-29T01:22:48.904273Z  INFO herdr::logging: workspace focused event="workspace.focus" subsystem="workspace" outcome="ok" workspace_id="w5"
2026-08-29T01:22:48.904418Z  INFO herdr::logging: tab focused event="tab.focus" subsystem="tab" outcome="ok" workspace_id="w5" tab_id="w5:t1"
2026-08-29T01:22:53.202559Z  INFO herdr::logging: workspace focused event="workspace.focus" subsystem="workspace" outcome="ok" workspace_id="w6"
2026-08-29T01:22:53.202723Z  INFO herdr::logging: tab focused event="tab.focus" subsystem="tab" outcome="ok" workspace_id="w6" tab_id="w6:t1"
2026-08-29T01:22:56.431693Z  INFO herdr::pane: agent changed pane=7 previous_agent=None agent=Some(Codex) process=codex pgid=Some(62793)
2026-08-29T01:22:58.219531Z  INFO herdr::logging: session saved event="persist.save" subsystem="persist" outcome="ok" path=/Users/wqin/.config/herdr/session.json workspaces=4
2026-08-29T01:26:35.097637Z  INFO herdr::app::actions: copied selection to clipboard
2026-08-29T01:28:18.229555Z  INFO herdr::logging: tab focused event="tab.focus" subsystem="tab" outcome="ok" workspace_id="w6" tab_id="w6:t1"
2026-08-29T01:28:23.244224Z  INFO herdr::logging: session saved event="persist.save" subsystem="persist" outcome="ok" path=/Users/wqin/.config/herdr/session.json workspaces=4
2026-08-29T01:29:20.124982Z  INFO herdr::logging: tab focused event="tab.focus" subsystem="tab" outcome="ok" workspace_id="w6" tab_id="w6:t1"
2026-08-29T01:29:25.147246Z  INFO herdr::logging: session saved event="persist.save" subsystem="persist" outcome="ok" path=/Users/wqin/.config/herdr/session.json workspaces=4
2026-08-29T01:31:29.168205Z  INFO herdr::logging: tab focused event="tab.focus" subsystem="tab" outcome="ok" workspace_id="w6" tab_id="w6:t1"
2026-08-29T01:31:34.180062Z  INFO herdr::logging: session saved event="persist.save" subsystem="persist" outcome="ok" path=/Users/wqin/.config/herdr/session.json workspaces=4
2026-08-29T01:31:37.406178Z  INFO herdr::pane: agent changed pane=8 previous_agent=None agent=Some(Codex) process=codex pgid=Some(72742)
2026-08-29T01:32:42.600258Z  INFO herdr::pane: agent changed pane=8 previous_agent=Some(Codex) agent=None pgid=Some(1805)
2026-08-29T01:32:58.721815Z  INFO herdr::logging: tab focused event="tab.focus" subsystem="tab" outcome="ok" workspace_id="w6" tab_id="w6:t1"
2026-08-29T01:33:03.736550Z  INFO herdr::logging: session saved event="persist.save" subsystem="persist" outcome="ok" path=/Users/wqin/.config/herdr/session.json workspaces=4
2026-08-29T01:33:59.044907Z  INFO herdr::app::actions: copied selection to clipboard
2026-08-29T01:34:52.944284Z  INFO herdr::app::actions: copied selection to clipboard
2026-08-29T01:34:57.492834Z  INFO herdr::pane: agent changed pane=7 previous_agent=Some(Codex) agent=None pgid=Some(1804)
2026-08-29T01:35:00.006259Z  INFO herdr::pane: agent changed pane=7 previous_agent=None agent=Some(Codex) process=codex pgid=Some(76881)
2026-08-29T01:35:36.374900Z  INFO herdr::app::actions: copied selection to clipboard
2026-08-29T01:36:02.919060Z  INFO herdr::logging: tab focused event="tab.focus" subsystem="tab" outcome="ok" workspace_id="w6" tab_id="w6:t1"
2026-08-29T01:36:07.925005Z  INFO herdr::logging: session saved event="persist.save" subsystem="persist" outcome="ok" path=/Users/wqin/.config/herdr/session.json workspaces=4
2026-08-29T01:36:08.002087Z  INFO herdr::pane: agent changed pane=8 previous_agent=None agent=Some(Codex) process=codex pgid=Some(77916)
2026-08-29T01:36:25.812234Z  INFO herdr::pane: agent changed pane=8 previous_agent=Some(Codex) agent=None pgid=Some(1805)
2026-08-29T01:38:32.379468Z  INFO herdr::pane: agent changed pane=8 previous_agent=None agent=Some(Codex) process=codex pgid=Some(81163)
2026-08-29T01:39:47.598825Z  INFO herdr::app::actions: copied selection to clipboard
2026-08-29T01:39:50.301988Z  INFO herdr::pane: agent changed pane=8 previous_agent=Some(Codex) agent=None pgid=Some(1805)
2026-08-29T01:40:48.070892Z  INFO herdr::pane: agent changed pane=8 previous_agent=None agent=Some(Codex) process=codex pgid=Some(84001)
2026-08-29T01:42:25.511303Z  INFO herdr::logging: tab focused event="tab.focus" subsystem="tab" outcome="ok" workspace_id="w6" tab_id="w6:t1"
2026-08-29T01:42:27.985626Z  INFO herdr::app::actions: copied selection to clipboard
2026-08-29T01:42:28.663744Z  INFO herdr::logging: tab focused event="tab.focus" subsystem="tab" outcome="ok" workspace_id="w6" tab_id="w6:t1"
2026-08-29T01:42:33.680985Z  INFO herdr::logging: session saved event="persist.save" subsystem="persist" outcome="ok" path=/Users/wqin/.config/herdr/session.json workspaces=4
2026-08-29T01:43:49.525464Z  INFO herdr::pane: agent changed pane=8 previous_agent=Some(Codex) agent=None pgid=Some(1805)
2026-08-29T01:44:33.719467Z  INFO herdr::pane: agent changed pane=8 previous_agent=None agent=Some(Codex) process=codex pgid=Some(88556)
2026-08-29T01:45:32.912713Z  INFO herdr::app::actions: copied selection to clipboard
2026-08-29T01:46:24.269726Z  INFO herdr::pane: agent changed pane=8 previous_agent=Some(Codex) agent=None pgid=Some(1805)
2026-08-29T01:46:26.846412Z  INFO herdr::app::actions: copied selection to clipboard
2026-08-29T01:46:48.912552Z  INFO herdr::app::actions: copied selection to clipboard
2026-08-29T01:48:01.855574Z  INFO herdr::logging: checking for updates event="update.check.start" subsystem="update" outcome="started"
2026-08-29T01:48:24.892966Z  INFO herdr::app::actions: copied selection to clipboard
2026-08-29T01:48:40.399518Z  INFO herdr::pane: agent changed pane=8 previous_agent=None agent=Some(Codex) process=codex pgid=Some(94683)
2026-08-29T01:50:45.907835Z  INFO herdr::app::actions: copied selection to clipboard
2026-08-29T01:50:50.091958Z  INFO herdr::logging: spawning pane terminal event="pane.spawn.start" subsystem="pane" outcome="started" pane_id=13 rows=51 cols=99 scrollback_limit_bytes=10000000
2026-08-29T01:50:50.094759Z  INFO herdr::logging: pane child spawned event="pane.spawned" subsystem="pane" outcome="ok" pane_id=13 pid=98630
2026-08-29T01:50:50.094895Z  INFO herdr::logging: tab focused event="tab.focus" subsystem="tab" outcome="ok" workspace_id="w6" tab_id="w6:t3"
2026-08-29T01:50:55.116993Z  INFO herdr::logging: session saved event="persist.save" subsystem="persist" outcome="ok" path=/Users/wqin/.config/herdr/session.json workspaces=4
2026-08-29T01:51:21.934623Z  INFO herdr::logging: tab focused event="tab.focus" subsystem="tab" outcome="ok" workspace_id="w6" tab_id="w6:t1"
2026-08-29T01:51:26.946747Z  INFO herdr::logging: session saved event="persist.save" subsystem="persist" outcome="ok" path=/Users/wqin/.config/herdr/session.json workspaces=4
2026-08-29T01:52:17.639183Z  INFO herdr::logging: tab focused event="tab.focus" subsystem="tab" outcome="ok" workspace_id="w6" tab_id="w6:t1"
2026-08-29T01:52:18.094361Z  INFO herdr::logging: tab focused event="tab.focus" subsystem="tab" outcome="ok" workspace_id="w6" tab_id="w6:t3"
2026-08-29T01:52:20.720610Z  INFO herdr::logging: workspace focused event="workspace.focus" subsystem="workspace" outcome="ok" workspace_id="w6"
2026-08-29T01:52:20.720772Z  INFO herdr::logging: tab focused event="tab.focus" subsystem="tab" outcome="ok" workspace_id="w6" tab_id="w6:t3"
2026-08-29T01:52:20.720955Z  INFO herdr::logging: tab focused event="tab.focus" subsystem="tab" outcome="ok" workspace_id="w6" tab_id="w6:t3"
2026-08-29T01:52:20.723754Z  INFO herdr::logging: pane child exited event="pane.exit" subsystem="pane" outcome="completed" pane_id=13 status="ExitStatus { code: 1, signal: None }"
2026-08-29T01:52:20.746526Z  INFO herdr::pane: pane session terminated pane=13 pid=98630 signal=Hangup
2026-08-29T01:52:20.747120Z  WARN herdr::app::actions: PaneDied for unknown pane pane=13
2026-08-29T01:52:22.169103Z  INFO herdr::logging: tab focused event="tab.focus" subsystem="tab" outcome="ok" workspace_id="w6" tab_id="w6:t1"
2026-08-29T01:52:27.187638Z  INFO herdr::logging: session saved event="persist.save" subsystem="persist" outcome="ok" path=/Users/wqin/.config/herdr/session.json workspaces=4
2026-08-29T01:53:02.351740Z  INFO herdr::app::actions: copied selection to clipboard
2026-08-29T01:53:13.022265Z  INFO herdr::pane: agent changed pane=8 previous_agent=Some(Codex) agent=None pgid=Some(1805)
2026-08-29T01:53:14.026620Z  INFO herdr::pane: agent changed pane=8 previous_agent=None agent=Some(Codex) process=codex pgid=Some(2419)
2026-08-29T01:53:21.274080Z  INFO herdr::pane: agent changed pane=8 previous_agent=Some(Codex) agent=None pgid=Some(1805)
2026-08-29T01:53:23.785734Z  INFO herdr::pane: agent changed pane=8 previous_agent=None agent=Some(Codex) process=codex pgid=Some(2641)
2026-08-29T01:53:53.765266Z  INFO herdr::app::actions: copied selection to clipboard
2026-08-29T01:54:50.681498Z  INFO herdr::app::actions: copied selection to clipboard
2026-08-29T01:55:30.289563Z  INFO herdr::app::actions: copied selection to clipboard
2026-08-29T01:55:32.652850Z  INFO herdr::app::actions: copied selection to clipboard
2026-08-29T01:56:08.282215Z  INFO herdr::app::actions: copied selection to clipboard
2026-08-29T01:56:10.199732Z  INFO herdr::logging: tab focused event="tab.focus" subsystem="tab" outcome="ok" workspace_id="w6" tab_id="w6:t1"
2026-08-29T01:56:12.233623Z  INFO herdr::logging: workspace focused event="workspace.focus" subsystem="workspace" outcome="ok" workspace_id="w5"
2026-08-29T01:56:12.233719Z  INFO herdr::logging: tab focused event="tab.focus" subsystem="tab" outcome="ok" workspace_id="w5" tab_id="w5:t1"
2026-08-29T01:56:14.870547Z  INFO herdr::logging: workspace focused event="workspace.focus" subsystem="workspace" outcome="ok" workspace_id="w6"
2026-08-29T01:56:14.870695Z  INFO herdr::logging: tab focused event="tab.focus" subsystem="tab" outcome="ok" workspace_id="w6" tab_id="w6:t1"
2026-08-29T01:56:19.890816Z  INFO herdr::logging: session saved event="persist.save" subsystem="persist" outcome="ok" path=/Users/wqin/.config/herdr/session.json workspaces=4
2026-08-29T01:57:05.588379Z  INFO herdr::app::actions: copied selection to clipboard
2026-08-29T01:57:37.389549Z  INFO herdr::app::actions: copied selection to clipboard
2026-08-29T01:58:51.138902Z  INFO herdr::app::actions: copied selection to clipboard
2026-08-29T01:58:55.716153Z  INFO herdr::app::actions: copied selection to clipboard
2026-08-29T01:59:11.667437Z  INFO herdr::app::actions: copied selection to clipboard
2026-08-29T02:00:15.584444Z  INFO herdr::app::actions: copied selection to clipboard
2026-08-29T02:00:18.371706Z  INFO herdr::pane: agent changed pane=8 previous_agent=Some(Codex) agent=None pgid=Some(1805)
2026-08-29T02:00:20.381060Z  INFO herdr::pane: agent changed pane=8 previous_agent=None agent=Some(Codex) process=codex pgid=Some(11068)
2026-08-29T02:02:15.485267Z  INFO herdr::pane: agent changed pane=8 previous_agent=Some(Codex) agent=None pgid=Some(1805)
2026-08-29T02:02:16.490411Z  INFO herdr::pane: agent changed pane=8 previous_agent=None agent=Some(Codex) process=codex pgid=Some(13622)
2026-08-29T02:02:24.584317Z  INFO herdr::logging: workspace focused event="workspace.focus" subsystem="workspace" outcome="ok" workspace_id="w5"
2026-08-29T02:02:24.584446Z  INFO herdr::logging: tab focused event="tab.focus" subsystem="tab" outcome="ok" workspace_id="w5" tab_id="w5:t1"
2026-08-29T02:02:28.269399Z  INFO herdr::app::actions: copied selection to clipboard
2026-08-29T02:02:29.206669Z  INFO herdr::logging: workspace focused event="workspace.focus" subsystem="workspace" outcome="ok" workspace_id="w6"
2026-08-29T02:02:29.206702Z  INFO herdr::logging: tab focused event="tab.focus" subsystem="tab" outcome="ok" workspace_id="w6" tab_id="w6:t1"
2026-08-29T02:02:34.214781Z  INFO herdr::logging: session saved event="persist.save" subsystem="persist" outcome="ok" path=/Users/wqin/.config/herdr/session.json workspaces=4
2026-08-29T02:02:46.322230Z  INFO herdr::logging: tab focused event="tab.focus" subsystem="tab" outcome="ok" workspace_id="w6" tab_id="w6:t1"
2026-08-29T02:02:49.213018Z  INFO herdr::app::actions: copied selection to clipboard
2026-08-29T02:02:51.347596Z  INFO herdr::logging: session saved event="persist.save" subsystem="persist" outcome="ok" path=/Users/wqin/.config/herdr/session.json workspaces=4
2026-08-29T02:05:19.203569Z  INFO herdr::logging: tab focused event="tab.focus" subsystem="tab" outcome="ok" workspace_id="w6" tab_id="w6:t1"
2026-08-29T02:05:24.226136Z  INFO herdr::logging: session saved event="persist.save" subsystem="persist" outcome="ok" path=/Users/wqin/.config/herdr/session.json workspaces=4
2026-08-29T02:10:15.866636Z  INFO herdr::logging: workspace focused event="workspace.focus" subsystem="workspace" outcome="ok" workspace_id="w5"
2026-08-29T02:10:15.867749Z  INFO herdr::logging: tab focused event="tab.focus" subsystem="tab" outcome="ok" workspace_id="w5" tab_id="w5:t1"
2026-08-29T02:10:16.934389Z  INFO herdr::logging: workspace focused event="workspace.focus" subsystem="workspace" outcome="ok" workspace_id="w7"
2026-08-29T02:10:16.934499Z  INFO herdr::logging: tab focused event="tab.focus" subsystem="tab" outcome="ok" workspace_id="w7" tab_id="w7:t1"
2026-08-29T02:10:17.417561Z  INFO herdr::logging: workspace focused event="workspace.focus" subsystem="workspace" outcome="ok" workspace_id="w6"
2026-08-29T02:10:17.417734Z  INFO herdr::logging: tab focused event="tab.focus" subsystem="tab" outcome="ok" workspace_id="w6" tab_id="w6:t1"
2026-08-29T02:10:22.439451Z  INFO herdr::logging: session saved event="persist.save" subsystem="persist" outcome="ok" path=/Users/wqin/.config/herdr/session.json workspaces=4
2026-08-29T02:10:29.833119Z  INFO herdr::logging: workspace focused event="workspace.focus" subsystem="workspace" outcome="ok" workspace_id="w5"
2026-08-29T02:10:29.833252Z  INFO herdr::logging: tab focused event="tab.focus" subsystem="tab" outcome="ok" workspace_id="w5" tab_id="w5:t1"
2026-08-29T02:10:34.858037Z  INFO herdr::logging: session saved event="persist.save" subsystem="persist" outcome="ok" path=/Users/wqin/.config/herdr/session.json workspaces=4
2026-08-29T02:12:14.507154Z  INFO herdr::logging: workspace focused event="workspace.focus" subsystem="workspace" outcome="ok" workspace_id="w7"
2026-08-29T02:12:14.507339Z  INFO herdr::logging: tab focused event="tab.focus" subsystem="tab" outcome="ok" workspace_id="w7" tab_id="w7:t1"
2026-08-29T02:12:15.163012Z  INFO herdr::logging: workspace focused event="workspace.focus" subsystem="workspace" outcome="ok" workspace_id="w5"
2026-08-29T02:12:15.163158Z  INFO herdr::logging: tab focused event="tab.focus" subsystem="tab" outcome="ok" workspace_id="w5" tab_id="w5:t1"
2026-08-29T02:12:16.230318Z  INFO herdr::logging: workspace focused event="workspace.focus" subsystem="workspace" outcome="ok" workspace_id="w7"
2026-08-29T02:12:16.230465Z  INFO herdr::logging: tab focused event="tab.focus" subsystem="tab" outcome="ok" workspace_id="w7" tab_id="w7:t1"
2026-08-29T02:12:21.252927Z  INFO herdr::logging: session saved event="persist.save" subsystem="persist" outcome="ok" path=/Users/wqin/.config/herdr/session.json workspaces=4
2026-08-29T02:18:01.878138Z  INFO herdr::logging: checking for updates event="update.check.start" subsystem="update" outcome="started"
2026-08-29T02:48:01.899148Z  INFO herdr::logging: checking for updates event="update.check.start" subsystem="update" outcome="started"
2026-08-29T03:18:01.794545Z  INFO herdr::logging: checking for updates event="update.check.start" subsystem="update" outcome="started"
2026-08-29T03:48:01.778524Z  INFO herdr::logging: checking for updates event="update.check.start" subsystem="update" outcome="started"
2026-08-29T04:18:01.818782Z  INFO herdr::logging: checking for updates event="update.check.start" subsystem="update" outcome="started"
2026-08-29T04:48:01.843573Z  INFO herdr::logging: checking for updates event="update.check.start" subsystem="update" outcome="started"
2026-08-29T05:18:01.871784Z  INFO herdr::logging: checking for updates event="update.check.start" subsystem="update" outcome="started"
2026-08-29T05:25:54.889255Z  INFO herdr::logging: workspace focused event="workspace.focus" subsystem="workspace" outcome="ok" workspace_id="w6"
2026-08-29T05:25:54.889498Z  INFO herdr::logging: tab focused event="tab.focus" subsystem="tab" outcome="ok" workspace_id="w6" tab_id="w6:t1"
2026-08-29T05:25:59.919801Z  INFO herdr::logging: session saved event="persist.save" subsystem="persist" outcome="ok" path=/Users/wqin/.config/herdr/session.json workspaces=4
2026-08-29T05:48:01.907125Z  INFO herdr::logging: checking for updates event="update.check.start" subsystem="update" outcome="started"
2026-08-29T06:18:01.853651Z  INFO herdr::logging: checking for updates event="update.check.start" subsystem="update" outcome="started"
2026-08-29T06:23:33.901647Z  INFO herdr::logging: tab focused event="tab.focus" subsystem="tab" outcome="ok" workspace_id="w6" tab_id="w6:t1"
2026-08-29T06:23:38.930685Z  INFO herdr::logging: session saved event="persist.save" subsystem="persist" outcome="ok" path=/Users/wqin/.config/herdr/session.json workspaces=4
2026-08-29T06:23:42.428266Z  INFO herdr::logging: tab focused event="tab.focus" subsystem="tab" outcome="ok" workspace_id="w6" tab_id="w6:t1"
2026-08-29T06:23:46.069789Z  INFO herdr::logging: tab focused event="tab.focus" subsystem="tab" outcome="ok" workspace_id="w6" tab_id="w6:t1"
2026-08-29T06:23:51.089574Z  INFO herdr::logging: session saved event="persist.save" subsystem="persist" outcome="ok" path=/Users/wqin/.config/herdr/session.json workspaces=4
2026-08-29T06:24:04.555380Z  INFO herdr::server::headless: client resize client_id=4 cols=111 rows=52 cell_width_px=0 cell_height_px=0
2026-08-29T06:24:15.456453Z  INFO herdr::server::headless: client resize client_id=4 cols=224 rows=52 cell_width_px=0 cell_height_px=0
2026-08-29T06:25:52.062483Z  INFO herdr::logging: tab focused event="tab.focus" subsystem="tab" outcome="ok" workspace_id="w6" tab_id="w6:t1"
2026-08-29T06:25:57.083459Z  INFO herdr::logging: session saved event="persist.save" subsystem="persist" outcome="ok" path=/Users/wqin/.config/herdr/session.json workspaces=4
2026-08-29T06:48:01.896002Z  INFO herdr::logging: checking for updates event="update.check.start" subsystem="update" outcome="started"
2026-08-29T06:56:41.834729Z  INFO herdr::logging: tab focused event="tab.focus" subsystem="tab" outcome="ok" workspace_id="w6" tab_id="w6:t1"
2026-08-29T06:56:46.876645Z  INFO herdr::logging: session saved event="persist.save" subsystem="persist" outcome="ok" path=/Users/wqin/.config/herdr/session.json workspaces=4
2026-08-29T06:58:38.023632Z  INFO herdr::logging: tab focused event="tab.focus" subsystem="tab" outcome="ok" workspace_id="w6" tab_id="w6:t1"
2026-08-29T06:58:38.930114Z  INFO herdr::logging: workspace focused event="workspace.focus" subsystem="workspace" outcome="ok" workspace_id="w5"
2026-08-29T06:58:38.930269Z  INFO herdr::logging: tab focused event="tab.focus" subsystem="tab" outcome="ok" workspace_id="w5" tab_id="w5:t1"
2026-08-29T06:58:39.492308Z  INFO herdr::logging: workspace focused event="workspace.focus" subsystem="workspace" outcome="ok" workspace_id="w6"
2026-08-29T06:58:39.492447Z  INFO herdr::logging: tab focused event="tab.focus" subsystem="tab" outcome="ok" workspace_id="w6" tab_id="w6:t1"
2026-08-29T06:58:39.923171Z  INFO herdr::logging: tab focused event="tab.focus" subsystem="tab" outcome="ok" workspace_id="w6" tab_id="w6:t1"
2026-08-29T06:58:40.436441Z  INFO herdr::logging: tab focused event="tab.focus" subsystem="tab" outcome="ok" workspace_id="w6" tab_id="w6:t1"
2026-08-29T06:58:40.900320Z  INFO herdr::logging: tab focused event="tab.focus" subsystem="tab" outcome="ok" workspace_id="w6" tab_id="w6:t1"
2026-08-29T06:58:41.368613Z  INFO herdr::logging: tab focused event="tab.focus" subsystem="tab" outcome="ok" workspace_id="w6" tab_id="w6:t1"
2026-08-29T06:58:41.867194Z  INFO herdr::logging: workspace focused event="workspace.focus" subsystem="workspace" outcome="ok" workspace_id="w5"
2026-08-29T06:58:41.867365Z  INFO herdr::logging: tab focused event="tab.focus" subsystem="tab" outcome="ok" workspace_id="w5" tab_id="w5:t1"
2026-08-29T06:58:42.618048Z  INFO herdr::logging: workspace focused event="workspace.focus" subsystem="workspace" outcome="ok" workspace_id="w7"
2026-08-29T06:58:42.618194Z  INFO herdr::logging: tab focused event="tab.focus" subsystem="tab" outcome="ok" workspace_id="w7" tab_id="w7:t1"
2026-08-29T06:58:43.448891Z  INFO herdr::logging: workspace focused event="workspace.focus" subsystem="workspace" outcome="ok" workspace_id="w5"
2026-08-29T06:58:43.449039Z  INFO herdr::logging: tab focused event="tab.focus" subsystem="tab" outcome="ok" workspace_id="w5" tab_id="w5:t1"
2026-08-29T06:58:43.919885Z  INFO herdr::logging: workspace focused event="workspace.focus" subsystem="workspace" outcome="ok" workspace_id="w4"
2026-08-29T06:58:43.920055Z  INFO herdr::logging: tab focused event="tab.focus" subsystem="tab" outcome="ok" workspace_id="w4" tab_id="w4:t1"
2026-08-29T06:58:48.949689Z  INFO herdr::logging: session saved event="persist.save" subsystem="persist" outcome="ok" path=/Users/wqin/.config/herdr/session.json workspaces=4
2026-08-29T06:58:49.399233Z  INFO herdr::pane: agent changed pane=2 previous_agent=None agent=Some(Codex) process=codex pgid=Some(27894)
2026-08-29T07:02:17.913545Z  INFO herdr::app::actions: copied selection to clipboard
2026-08-29T07:02:19.336871Z  INFO herdr::app::actions: copied selection to clipboard
2026-08-29T07:18:01.948235Z  INFO herdr::logging: checking for updates event="update.check.start" subsystem="update" outcome="started"
2026-08-29T07:48:01.937243Z  INFO herdr::logging: checking for updates event="update.check.start" subsystem="update" outcome="started"
2026-08-29T08:18:01.871089Z  INFO herdr::logging: checking for updates event="update.check.start" subsystem="update" outcome="started"
2026-08-29T08:48:01.820054Z  INFO herdr::logging: checking for updates event="update.check.start" subsystem="update" outcome="started"
2026-08-29T09:33:31.516728Z  INFO herdr::logging: checking for updates event="update.check.start" subsystem="update" outcome="started"
2026-08-29T09:59:39.530109Z  INFO herdr::server::headless: client resize client_id=4 cols=238 rows=55 cell_width_px=0 cell_height_px=0
2026-08-29T09:59:39.644180Z  INFO herdr::server::headless: client resize client_id=4 cols=238 rows=55 cell_width_px=0 cell_height_px=0
2026-08-29T09:59:40.242101Z  INFO herdr::server::headless: client resize client_id=4 cols=199 rows=55 cell_width_px=0 cell_height_px=0
2026-08-29T09:59:40.608699Z  INFO herdr::server::headless: client resize client_id=4 cols=199 rows=55 cell_width_px=0 cell_height_px=0
2026-08-29T09:59:41.326377Z  INFO herdr::server::headless: client resize client_id=4 cols=224 rows=52 cell_width_px=0 cell_height_px=0
2026-08-29T09:59:43.618945Z  INFO herdr::server::headless: client resize client_id=4 cols=199 rows=54 cell_width_px=0 cell_height_px=0
2026-08-29T09:59:45.039806Z  INFO herdr::server::headless: client resize client_id=4 cols=224 rows=52 cell_width_px=0 cell_height_px=0
2026-08-29T09:59:45.257039Z  INFO herdr::server::headless: client resize client_id=4 cols=224 rows=52 cell_width_px=0 cell_height_px=0
2026-08-29T10:03:31.515985Z  INFO herdr::logging: checking for updates event="update.check.start" subsystem="update" outcome="started"
2026-08-29T10:54:32.289761Z  INFO herdr::logging: checking for updates event="update.check.start" subsystem="update" outcome="started"
2026-08-29T11:16:51.515086Z  INFO herdr::server::headless: client resize client_id=4 cols=238 rows=55 cell_width_px=0 cell_height_px=0
2026-08-29T11:16:52.415955Z  INFO herdr::server::headless: client resize client_id=4 cols=199 rows=54 cell_width_px=0 cell_height_px=0
2026-08-29T11:16:52.521052Z  INFO herdr::server::headless: client resize client_id=4 cols=199 rows=54 cell_width_px=0 cell_height_px=0
2026-08-29T11:16:53.299825Z  INFO herdr::server::headless: client resize client_id=4 cols=224 rows=52 cell_width_px=0 cell_height_px=0
2026-08-29T11:16:55.658454Z  INFO herdr::server::headless: client resize client_id=4 cols=199 rows=54 cell_width_px=0 cell_height_px=0
2026-08-29T11:16:57.111779Z  INFO herdr::server::headless: client resize client_id=4 cols=224 rows=52 cell_width_px=0 cell_height_px=0
2026-08-29T11:16:57.196737Z  INFO herdr::server::headless: client resize client_id=4 cols=224 rows=52 cell_width_px=0 cell_height_px=0
2026-08-29T11:24:32.300758Z  INFO herdr::logging: checking for updates event="update.check.start" subsystem="update" outcome="started"
2026-08-29T11:46:03.034205Z  INFO herdr::logging: workspace focused event="workspace.focus" subsystem="workspace" outcome="ok" workspace_id="w6"
2026-08-29T11:46:03.034850Z  INFO herdr::logging: tab focused event="tab.focus" subsystem="tab" outcome="ok" workspace_id="w6" tab_id="w6:t1"
2026-08-29T11:46:04.625693Z  INFO herdr::logging: tab focused event="tab.focus" subsystem="tab" outcome="ok" workspace_id="w6" tab_id="w6:t1"
2026-08-29T11:46:09.652366Z  INFO herdr::logging: session saved event="persist.save" subsystem="persist" outcome="ok" path=/Users/wqin/.config/herdr/session.json workspaces=4
2026-08-29T11:47:21.731576Z  INFO herdr::logging: workspace focused event="workspace.focus" subsystem="workspace" outcome="ok" workspace_id="w4"
2026-08-29T11:47:21.733899Z  INFO herdr::logging: tab focused event="tab.focus" subsystem="tab" outcome="ok" workspace_id="w4" tab_id="w4:t1"
2026-08-29T11:47:24.192332Z  INFO herdr::logging: workspace focused event="workspace.focus" subsystem="workspace" outcome="ok" workspace_id="w6"
2026-08-29T11:47:24.192476Z  INFO herdr::logging: tab focused event="tab.focus" subsystem="tab" outcome="ok" workspace_id="w6" tab_id="w6:t1"
2026-08-29T11:47:25.924678Z  INFO herdr::logging: workspace focused event="workspace.focus" subsystem="workspace" outcome="ok" workspace_id="w4"
2026-08-29T11:47:25.924811Z  INFO herdr::logging: tab focused event="tab.focus" subsystem="tab" outcome="ok" workspace_id="w4" tab_id="w4:t1"
2026-08-29T11:47:28.305595Z  INFO herdr::logging: workspace focused event="workspace.focus" subsystem="workspace" outcome="ok" workspace_id="w6"
2026-08-29T11:47:28.305752Z  INFO herdr::logging: tab focused event="tab.focus" subsystem="tab" outcome="ok" workspace_id="w6" tab_id="w6:t1"
2026-08-29T11:47:33.329063Z  INFO herdr::logging: session saved event="persist.save" subsystem="persist" outcome="ok" path=/Users/wqin/.config/herdr/session.json workspaces=4
2026-08-29T11:47:41.113449Z  INFO herdr::logging: workspace focused event="workspace.focus" subsystem="workspace" outcome="ok" workspace_id="w4"
2026-08-29T11:47:41.113591Z  INFO herdr::logging: tab focused event="tab.focus" subsystem="tab" outcome="ok" workspace_id="w4" tab_id="w4:t1"
2026-08-29T11:47:41.709609Z  INFO herdr::logging: workspace focused event="workspace.focus" subsystem="workspace" outcome="ok" workspace_id="w6"
2026-08-29T11:47:41.709761Z  INFO herdr::logging: tab focused event="tab.focus" subsystem="tab" outcome="ok" workspace_id="w6" tab_id="w6:t1"
2026-08-29T11:47:44.301521Z  INFO herdr::logging: workspace focused event="workspace.focus" subsystem="workspace" outcome="ok" workspace_id="w4"
2026-08-29T11:47:44.301742Z  INFO herdr::logging: tab focused event="tab.focus" subsystem="tab" outcome="ok" workspace_id="w4" tab_id="w4:t1"
2026-08-29T11:47:49.324824Z  INFO herdr::logging: session saved event="persist.save" subsystem="persist" outcome="ok" path=/Users/wqin/.config/herdr/session.json workspaces=4
2026-08-29T11:49:05.431153Z  INFO herdr::logging: workspace focused event="workspace.focus" subsystem="workspace" outcome="ok" workspace_id="w6"
2026-08-29T11:49:05.433432Z  INFO herdr::logging: tab focused event="tab.focus" subsystem="tab" outcome="ok" workspace_id="w6" tab_id="w6:t1"
2026-08-29T11:49:10.459708Z  INFO herdr::logging: session saved event="persist.save" subsystem="persist" outcome="ok" path=/Users/wqin/.config/herdr/session.json workspaces=4
2026-08-29T11:50:19.386611Z  INFO herdr::app::actions: copied selection to clipboard
2026-08-29T11:50:56.625934Z  INFO herdr::logging: workspace focused event="workspace.focus" subsystem="workspace" outcome="ok" workspace_id="w4"
2026-08-29T11:50:56.626099Z  INFO herdr::logging: tab focused event="tab.focus" subsystem="tab" outcome="ok" workspace_id="w4" tab_id="w4:t1"
2026-08-29T11:51:01.656411Z  INFO herdr::logging: session saved event="persist.save" subsystem="persist" outcome="ok" path=/Users/wqin/.config/herdr/session.json workspaces=4
2026-08-29T11:52:47.847894Z  INFO herdr::app::actions: copied selection to clipboard
2026-08-29T11:54:32.312904Z  INFO herdr::logging: checking for updates event="update.check.start" subsystem="update" outcome="started"
2026-08-29T11:55:12.064684Z  INFO herdr::server::headless: client resize client_id=4 cols=111 rows=52 cell_width_px=0 cell_height_px=0
2026-08-29T11:56:41.133432Z  INFO herdr::server::headless: client resize client_id=4 cols=224 rows=52 cell_width_px=0 cell_height_px=0
2026-08-29T12:07:23.935849Z  INFO herdr::app::actions: copied selection to clipboard
2026-08-29T12:07:32.107213Z  INFO herdr::app::actions: copied selection to clipboard
2026-08-29T12:14:58.617339Z  INFO herdr::logging: workspace focused event="workspace.focus" subsystem="workspace" outcome="ok" workspace_id="w6"
2026-08-29T12:14:58.619188Z  INFO herdr::logging: tab focused event="tab.focus" subsystem="tab" outcome="ok" workspace_id="w6" tab_id="w6:t1"
2026-08-29T12:15:03.645643Z  INFO herdr::logging: session saved event="persist.save" subsystem="persist" outcome="ok" path=/Users/wqin/.config/herdr/session.json workspaces=4
2026-08-29T12:16:08.991469Z  INFO herdr::logging: workspace focused event="workspace.focus" subsystem="workspace" outcome="ok" workspace_id="w4"
2026-08-29T12:16:08.993648Z  INFO herdr::logging: tab focused event="tab.focus" subsystem="tab" outcome="ok" workspace_id="w4" tab_id="w4:t1"
2026-08-29T12:16:14.021397Z  INFO herdr::logging: session saved event="persist.save" subsystem="persist" outcome="ok" path=/Users/wqin/.config/herdr/session.json workspaces=4
2026-08-29T12:17:19.177880Z  INFO herdr::logging: workspace focused event="workspace.focus" subsystem="workspace" outcome="ok" workspace_id="w6"
2026-08-29T12:17:19.180844Z  INFO herdr::logging: tab focused event="tab.focus" subsystem="tab" outcome="ok" workspace_id="w6" tab_id="w6:t1"
2026-08-29T12:17:20.592663Z  INFO herdr::logging: workspace focused event="workspace.focus" subsystem="workspace" outcome="ok" workspace_id="w4"
2026-08-29T12:17:20.592806Z  INFO herdr::logging: tab focused event="tab.focus" subsystem="tab" outcome="ok" workspace_id="w4" tab_id="w4:t1"
2026-08-29T12:17:25.616775Z  INFO herdr::logging: session saved event="persist.save" subsystem="persist" outcome="ok" path=/Users/wqin/.config/herdr/session.json workspaces=4
2026-08-29T12:18:07.386758Z  INFO herdr::logging: workspace focused event="workspace.focus" subsystem="workspace" outcome="ok" workspace_id="w6"
2026-08-29T12:18:07.389572Z  INFO herdr::logging: tab focused event="tab.focus" subsystem="tab" outcome="ok" workspace_id="w6" tab_id="w6:t1"
2026-08-29T12:18:12.419319Z  INFO herdr::logging: session saved event="persist.save" subsystem="persist" outcome="ok" path=/Users/wqin/.config/herdr/session.json workspaces=4
2026-08-29T12:23:44.234107Z  INFO herdr::logging: workspace focused event="workspace.focus" subsystem="workspace" outcome="ok" workspace_id="w4"
2026-08-29T12:23:44.237105Z  INFO herdr::logging: tab focused event="tab.focus" subsystem="tab" outcome="ok" workspace_id="w4" tab_id="w4:t1"
2026-08-29T12:23:49.261453Z  INFO herdr::logging: session saved event="persist.save" subsystem="persist" outcome="ok" path=/Users/wqin/.config/herdr/session.json workspaces=4
2026-08-29T12:24:32.304613Z  INFO herdr::logging: checking for updates event="update.check.start" subsystem="update" outcome="started"
2026-08-29T12:54:32.344691Z  INFO herdr::logging: checking for updates event="update.check.start" subsystem="update" outcome="started"
2026-08-29T13:04:35.123887Z  INFO herdr::app::actions: copied selection to clipboard
2026-08-29T13:04:45.169589Z  INFO herdr::app::actions: copied selection to clipboard
2026-08-29T13:24:32.342778Z  INFO herdr::logging: checking for updates event="update.check.start" subsystem="update" outcome="started"
2026-08-29T13:38:54.839991Z  INFO herdr::pane: agent changed pane=2 previous_agent=Some(Codex) agent=None pgid=Some(1799)
2026-08-29T13:38:56.521252Z  INFO herdr::logging: workspace focused event="workspace.focus" subsystem="workspace" outcome="ok" workspace_id="w6"
2026-08-29T13:38:56.521405Z  INFO herdr::logging: tab focused event="tab.focus" subsystem="tab" outcome="ok" workspace_id="w6" tab_id="w6:t1"
2026-08-29T13:38:57.507579Z  INFO herdr::logging: tab focused event="tab.focus" subsystem="tab" outcome="ok" workspace_id="w6" tab_id="w6:t1"
2026-08-29T13:38:58.059675Z  INFO herdr::logging: tab focused event="tab.focus" subsystem="tab" outcome="ok" workspace_id="w6" tab_id="w6:t1"
2026-08-29T13:38:59.656633Z  INFO herdr::logging: tab focused event="tab.focus" subsystem="tab" outcome="ok" workspace_id="w6" tab_id="w6:t1"
2026-08-29T13:39:04.684982Z  INFO herdr::logging: session saved event="persist.save" subsystem="persist" outcome="ok" path=/Users/wqin/.config/herdr/session.json workspaces=4
2026-08-29T13:39:59.827022Z  INFO herdr::logging: tab focused event="tab.focus" subsystem="tab" outcome="ok" workspace_id="w6" tab_id="w6:t1"
2026-08-29T13:40:02.353534Z  INFO herdr::pane: agent changed pane=8 previous_agent=Some(Codex) agent=None pgid=Some(1805)
2026-08-29T13:40:02.518533Z  INFO herdr::logging: workspace focused event="workspace.focus" subsystem="workspace" outcome="ok" workspace_id="w5"
2026-08-29T13:40:02.518688Z  INFO herdr::logging: tab focused event="tab.focus" subsystem="tab" outcome="ok" workspace_id="w5" tab_id="w5:t1"
2026-08-29T13:40:07.486528Z  INFO herdr::pane: agent changed pane=4 previous_agent=Some(Codex) agent=None pgid=Some(1801)
2026-08-29T13:40:07.536252Z  INFO herdr::logging: session saved event="persist.save" subsystem="persist" outcome="ok" path=/Users/wqin/.config/herdr/session.json workspaces=4
2026-08-29T13:40:07.880497Z  INFO herdr::logging: workspace focused event="workspace.focus" subsystem="workspace" outcome="ok" workspace_id="w6"
2026-08-29T13:40:07.880637Z  INFO herdr::logging: tab focused event="tab.focus" subsystem="tab" outcome="ok" workspace_id="w6" tab_id="w6:t1"
2026-08-29T13:40:12.905194Z  INFO herdr::logging: session saved event="persist.save" subsystem="persist" outcome="ok" path=/Users/wqin/.config/herdr/session.json workspaces=4
2026-08-29T14:12:29.399173Z  INFO herdr::logging: checking for updates event="update.check.start" subsystem="update" outcome="started"
2026-08-29T14:51:04.198153Z  INFO herdr::logging: checking for updates event="update.check.start" subsystem="update" outcome="started"
2026-08-29T15:21:04.230856Z  INFO herdr::logging: checking for updates event="update.check.start" subsystem="update" outcome="started"
2026-08-29T16:00:13.246420Z  INFO herdr::logging: checking for updates event="update.check.start" subsystem="update" outcome="started"
2026-08-29T16:30:13.266094Z  INFO herdr::logging: checking for updates event="update.check.start" subsystem="update" outcome="started"
2026-08-29T17:16:19.363869Z  INFO herdr::logging: checking for updates event="update.check.start" subsystem="update" outcome="started"
2026-08-29T17:46:19.326832Z  INFO herdr::logging: checking for updates event="update.check.start" subsystem="update" outcome="started"
2026-08-29T19:49:21.035874Z  INFO herdr::logging: checking for updates event="update.check.start" subsystem="update" outcome="started"
2026-08-29T20:19:20.992059Z  INFO herdr::logging: checking for updates event="update.check.start" subsystem="update" outcome="started"
2026-08-29T21:39:37.912285Z  INFO herdr::logging: checking for updates event="update.check.start" subsystem="update" outcome="started"
2026-08-29T22:09:37.844958Z  INFO herdr::logging: checking for updates event="update.check.start" subsystem="update" outcome="started"
2026-08-29T23:20:06.226401Z  INFO herdr::logging: checking for updates event="update.check.start" subsystem="update" outcome="started"
2026-08-29T23:50:06.266287Z  INFO herdr::logging: checking for updates event="update.check.start" subsystem="update" outcome="started"
2026-08-30T00:36:14.897438Z  INFO herdr::logging: checking for updates event="update.check.start" subsystem="update" outcome="started"
2026-08-30T01:31:28.878765Z  INFO herdr::logging: checking for updates event="update.check.start" subsystem="update" outcome="started"
2026-08-30T02:15:36.703535Z  INFO herdr::logging: checking for updates event="update.check.start" subsystem="update" outcome="started"
2026-08-30T02:45:36.674331Z  INFO herdr::logging: checking for updates event="update.check.start" subsystem="update" outcome="started"
2026-08-30T03:53:27.356348Z  INFO herdr::logging: checking for updates event="update.check.start" subsystem="update" outcome="started"
2026-08-30T04:23:27.313242Z  INFO herdr::logging: checking for updates event="update.check.start" subsystem="update" outcome="started"
2026-08-30T04:33:20.792065Z  INFO herdr::server::headless: client resize client_id=4 cols=238 rows=55 cell_width_px=0 cell_height_px=0
2026-08-30T04:33:21.629125Z  INFO herdr::server::headless: client resize client_id=4 cols=199 rows=54 cell_width_px=0 cell_height_px=0
2026-08-30T04:33:21.701259Z  INFO herdr::server::headless: client resize client_id=4 cols=199 rows=54 cell_width_px=0 cell_height_px=0
2026-08-30T04:33:22.445343Z  INFO herdr::server::headless: client resize client_id=4 cols=224 rows=52 cell_width_px=0 cell_height_px=0
2026-08-30T04:33:22.654311Z  INFO herdr::server::headless: client resize client_id=4 cols=224 rows=52 cell_width_px=0 cell_height_px=0
2026-08-30T04:33:24.824204Z  INFO herdr::server::headless: client resize client_id=4 cols=198 rows=60 cell_width_px=0 cell_height_px=0
2026-08-30T04:33:26.272197Z  INFO herdr::server::headless: client resize client_id=4 cols=186 rows=54 cell_width_px=0 cell_height_px=0
2026-08-30T04:33:26.330908Z  INFO herdr::server::headless: client resize client_id=4 cols=224 rows=52 cell_width_px=0 cell_height_px=0
2026-08-30T04:36:58.366078Z  INFO herdr::app::actions: copied selection to clipboard
2026-08-30T04:53:27.412739Z  INFO herdr::logging: checking for updates event="update.check.start" subsystem="update" outcome="started"
2026-08-30T05:21:18.950804Z  INFO herdr::logging: workspace focused event="workspace.focus" subsystem="workspace" outcome="ok" workspace_id="w4"
2026-08-30T05:21:18.951830Z  INFO herdr::logging: tab focused event="tab.focus" subsystem="tab" outcome="ok" workspace_id="w4" tab_id="w4:t1"
2026-08-30T05:21:19.358152Z  INFO herdr::logging: workspace focused event="workspace.focus" subsystem="workspace" outcome="ok" workspace_id="w5"
2026-08-30T05:21:19.358318Z  INFO herdr::logging: tab focused event="tab.focus" subsystem="tab" outcome="ok" workspace_id="w5" tab_id="w5:t1"
2026-08-30T05:21:24.386471Z  INFO herdr::logging: session saved event="persist.save" subsystem="persist" outcome="ok" path=/Users/wqin/.config/herdr/session.json workspaces=4
2026-08-30T05:23:27.491133Z  INFO herdr::logging: checking for updates event="update.check.start" subsystem="update" outcome="started"
2026-08-30T05:53:27.473055Z  INFO herdr::logging: checking for updates event="update.check.start" subsystem="update" outcome="started"
2026-08-30T06:23:27.514486Z  INFO herdr::logging: checking for updates event="update.check.start" subsystem="update" outcome="started"
2026-08-30T06:53:27.550510Z  INFO herdr::logging: checking for updates event="update.check.start" subsystem="update" outcome="started"
2026-08-30T07:22:02.991035Z  INFO herdr::server::headless: client resize client_id=4 cols=198 rows=60 cell_width_px=0 cell_height_px=0
2026-08-30T07:22:04.464009Z  INFO herdr::server::headless: client resize client_id=4 cols=224 rows=52 cell_width_px=0 cell_height_px=0
2026-08-30T07:23:27.580164Z  INFO herdr::logging: checking for updates event="update.check.start" subsystem="update" outcome="started"
2026-08-30T07:53:27.528897Z  INFO herdr::logging: checking for updates event="update.check.start" subsystem="update" outcome="started"
2026-08-30T08:23:27.558447Z  INFO herdr::logging: checking for updates event="update.check.start" subsystem="update" outcome="started"
2026-08-30T08:43:15.752763Z  INFO herdr::logging: workspace focused event="workspace.focus" subsystem="workspace" outcome="ok" workspace_id="w6"
2026-08-30T08:43:15.756739Z  INFO herdr::logging: tab focused event="tab.focus" subsystem="tab" outcome="ok" workspace_id="w6" tab_id="w6:t1"
2026-08-30T08:43:20.788183Z  INFO herdr::logging: session saved event="persist.save" subsystem="persist" outcome="ok" path=/Users/wqin/.config/herdr/session.json workspaces=4
2026-08-30T08:43:22.945037Z  INFO herdr::pane: agent changed pane=7 previous_agent=Some(Codex) agent=None pgid=Some(1804)
2026-08-30T08:43:23.350592Z  INFO herdr::logging: workspace focused event="workspace.focus" subsystem="workspace" outcome="ok" workspace_id="w7"
2026-08-30T08:43:23.350725Z  INFO herdr::logging: tab focused event="tab.focus" subsystem="tab" outcome="ok" workspace_id="w7" tab_id="w7:t1"
2026-08-30T08:43:25.663432Z  INFO herdr::pane: agent changed pane=10 previous_agent=Some(Codex) agent=None pgid=Some(23375)
2026-08-30T08:43:28.370081Z  INFO herdr::logging: session saved event="persist.save" subsystem="persist" outcome="ok" path=/Users/wqin/.config/herdr/session.json workspaces=4
2026-08-30T08:47:28.093624Z  INFO herdr::logging: tab focused event="tab.focus" subsystem="tab" outcome="ok" workspace_id="w7" tab_id="w7:t1"
2026-08-30T08:47:33.119360Z  INFO herdr::logging: session saved event="persist.save" subsystem="persist" outcome="ok" path=/Users/wqin/.config/herdr/session.json workspaces=4
2026-08-30T08:53:27.542985Z  INFO herdr::logging: checking for updates event="update.check.start" subsystem="update" outcome="started"
2026-08-30T09:04:22.389995Z  INFO herdr::logging: workspace focused event="workspace.focus" subsystem="workspace" outcome="ok" workspace_id="w6"
2026-08-30T09:04:22.390162Z  INFO herdr::logging: tab focused event="tab.focus" subsystem="tab" outcome="ok" workspace_id="w6" tab_id="w6:t1"
2026-08-30T09:04:22.787142Z  INFO herdr::logging: workspace focused event="workspace.focus" subsystem="workspace" outcome="ok" workspace_id="w5"
2026-08-30T09:04:22.787314Z  INFO herdr::logging: tab focused event="tab.focus" subsystem="tab" outcome="ok" workspace_id="w5" tab_id="w5:t1"
2026-08-30T09:04:23.416207Z  INFO herdr::logging: workspace focused event="workspace.focus" subsystem="workspace" outcome="ok" workspace_id="w4"
2026-08-30T09:04:23.416372Z  INFO herdr::logging: tab focused event="tab.focus" subsystem="tab" outcome="ok" workspace_id="w4" tab_id="w4:t1"
2026-08-30T09:04:27.018668Z  INFO herdr::pane: agent changed pane=2 previous_agent=None agent=Some(Codex) process=codex pgid=Some(64364)
2026-08-30T09:04:28.443557Z  INFO herdr::logging: session saved event="persist.save" subsystem="persist" outcome="ok" path=/Users/wqin/.config/herdr/session.json workspaces=4
2026-08-30T09:08:10.251312Z  INFO herdr::app::actions: copied selection to clipboard
2026-08-30T09:10:16.577075Z  INFO herdr::pane: agent changed pane=2 previous_agent=Some(Codex) agent=None pgid=Some(1799)
2026-08-30T09:10:28.117949Z  INFO herdr::logging: workspace focused event="workspace.focus" subsystem="workspace" outcome="ok" workspace_id="w7"
2026-08-30T09:10:28.118120Z  INFO herdr::logging: tab focused event="tab.focus" subsystem="tab" outcome="ok" workspace_id="w7" tab_id="w7:t1"
2026-08-30T09:10:29.029559Z  INFO herdr::logging: workspace focused event="workspace.focus" subsystem="workspace" outcome="ok" workspace_id="w6"
2026-08-30T09:10:29.029728Z  INFO herdr::logging: tab focused event="tab.focus" subsystem="tab" outcome="ok" workspace_id="w6" tab_id="w6:t1"
2026-08-30T09:10:29.569720Z  INFO herdr::logging: workspace focused event="workspace.focus" subsystem="workspace" outcome="ok" workspace_id="w5"
2026-08-30T09:10:29.569894Z  INFO herdr::logging: tab focused event="tab.focus" subsystem="tab" outcome="ok" workspace_id="w5" tab_id="w5:t1"
2026-08-30T09:10:32.222342Z  INFO herdr::logging: workspace focused event="workspace.focus" subsystem="workspace" outcome="ok" workspace_id="w4"
2026-08-30T09:10:32.222521Z  INFO herdr::logging: tab focused event="tab.focus" subsystem="tab" outcome="ok" workspace_id="w4" tab_id="w4:t1"
2026-08-30T09:10:33.308560Z  INFO herdr::logging: workspace focused event="workspace.focus" subsystem="workspace" outcome="ok" workspace_id="w5"
2026-08-30T09:10:33.308724Z  INFO herdr::logging: tab focused event="tab.focus" subsystem="tab" outcome="ok" workspace_id="w5" tab_id="w5:t1"
2026-08-30T09:10:36.946527Z  INFO herdr::logging: workspace focused event="workspace.focus" subsystem="workspace" outcome="ok" workspace_id="w6"
2026-08-30T09:10:36.946702Z  INFO herdr::logging: tab focused event="tab.focus" subsystem="tab" outcome="ok" workspace_id="w6" tab_id="w6:t1"
2026-08-30T09:10:41.970008Z  INFO herdr::logging: session saved event="persist.save" subsystem="persist" outcome="ok" path=/Users/wqin/.config/herdr/session.json workspaces=4
2026-08-30T09:23:27.551513Z  INFO herdr::logging: checking for updates event="update.check.start" subsystem="update" outcome="started"
2026-08-30T09:36:08.780862Z  INFO herdr::pane: agent changed pane=7 previous_agent=None agent=Some(Codex) process=codex pgid=Some(97686)
2026-08-30T09:39:46.805133Z  INFO herdr::app::actions: copied selection to clipboard
2026-08-30T09:40:39.403084Z  INFO herdr::app::actions: copied selection to clipboard
2026-08-30T09:40:40.625039Z  INFO herdr::logging: tab focused event="tab.focus" subsystem="tab" outcome="ok" workspace_id="w6" tab_id="w6:t1"
2026-08-30T09:40:45.654377Z  INFO herdr::logging: session saved event="persist.save" subsystem="persist" outcome="ok" path=/Users/wqin/.config/herdr/session.json workspaces=4
2026-08-30T09:41:06.116387Z  INFO herdr::logging: tab focused event="tab.focus" subsystem="tab" outcome="ok" workspace_id="w6" tab_id="w6:t1"
2026-08-30T09:41:11.141345Z  INFO herdr::logging: session saved event="persist.save" subsystem="persist" outcome="ok" path=/Users/wqin/.config/herdr/session.json workspaces=4
2026-08-30T09:43:00.609005Z  INFO herdr::app::actions: copied selection to clipboard
2026-08-30T09:43:03.105095Z  INFO herdr::app::actions: copied selection to clipboard
2026-08-30T09:43:07.177148Z  INFO herdr::pane: agent changed pane=7 previous_agent=Some(Codex) agent=None pgid=Some(1804)
2026-08-30T09:43:08.683848Z  INFO herdr::pane: agent changed pane=7 previous_agent=None agent=Some(Codex) process=codex pgid=Some(7715)
2026-08-30T09:45:53.434381Z  INFO herdr::app::actions: copied selection to clipboard
2026-08-30T09:53:27.529554Z  INFO herdr::logging: checking for updates event="update.check.start" subsystem="update" outcome="started"
2026-08-30T09:59:19.240346Z  INFO herdr::app::actions: copied selection to clipboard
2026-08-30T10:04:41.761412Z  INFO herdr::app::actions: copied selection to clipboard
2026-08-30T10:06:29.028001Z  INFO herdr::app::actions: copied selection to clipboard
2026-08-30T10:10:36.684542Z  INFO herdr::app::actions: copied selection to clipboard
2026-08-30T10:11:48.692430Z  INFO herdr::app::actions: copied selection to clipboard
2026-08-30T10:12:14.534262Z  INFO herdr::app::actions: copied selection to clipboard
2026-08-30T10:12:47.254747Z  INFO herdr::app::actions: copied selection to clipboard
2026-08-30T10:12:59.447754Z  INFO herdr::app::actions: copied selection to clipboard
2026-08-30T10:13:09.244824Z  INFO herdr::app::actions: copied selection to clipboard
2026-08-30T10:13:36.254953Z  INFO herdr::app::actions: copied selection to clipboard
2026-08-30T10:13:48.952811Z  INFO herdr::app::actions: copied selection to clipboard
2026-08-30T10:14:19.748062Z  INFO herdr::app::actions: copied selection to clipboard
2026-08-30T10:14:21.642123Z  INFO herdr::logging: tab focused event="tab.focus" subsystem="tab" outcome="ok" workspace_id="w6" tab_id="w6:t1"
2026-08-30T10:14:26.670238Z  INFO herdr::logging: session saved event="persist.save" subsystem="persist" outcome="ok" path=/Users/wqin/.config/herdr/session.json workspaces=4
2026-08-30T10:14:37.955601Z  INFO herdr::app::actions: copied selection to clipboard
2026-08-30T10:14:38.852541Z  INFO herdr::logging: tab focused event="tab.focus" subsystem="tab" outcome="ok" workspace_id="w6" tab_id="w6:t1"
2026-08-30T10:14:43.878679Z  INFO herdr::logging: session saved event="persist.save" subsystem="persist" outcome="ok" path=/Users/wqin/.config/herdr/session.json workspaces=4
2026-08-30T10:18:32.122023Z  INFO herdr::app::actions: copied selection to clipboard
2026-08-30T10:18:33.478258Z  INFO herdr::logging: tab focused event="tab.focus" subsystem="tab" outcome="ok" workspace_id="w6" tab_id="w6:t1"
2026-08-30T10:18:38.502785Z  INFO herdr::logging: session saved event="persist.save" subsystem="persist" outcome="ok" path=/Users/wqin/.config/herdr/session.json workspaces=4
2026-08-30T10:18:39.273486Z  INFO herdr::logging: tab focused event="tab.focus" subsystem="tab" outcome="ok" workspace_id="w6" tab_id="w6:t1"
2026-08-30T10:18:41.929271Z  INFO herdr::app::actions: copied selection to clipboard
2026-08-30T10:18:42.751093Z  INFO herdr::logging: tab focused event="tab.focus" subsystem="tab" outcome="ok" workspace_id="w6" tab_id="w6:t1"
2026-08-30T10:18:47.778218Z  INFO herdr::logging: session saved event="persist.save" subsystem="persist" outcome="ok" path=/Users/wqin/.config/herdr/session.json workspaces=4
2026-08-30T10:19:15.795407Z  INFO herdr::logging: tab focused event="tab.focus" subsystem="tab" outcome="ok" workspace_id="w6" tab_id="w6:t1"
2026-08-30T10:19:19.477329Z  INFO herdr::app::actions: copied selection to clipboard
2026-08-30T10:19:20.823563Z  INFO herdr::logging: session saved event="persist.save" subsystem="persist" outcome="ok" path=/Users/wqin/.config/herdr/session.json workspaces=4
2026-08-30T10:20:42.559222Z  INFO herdr::app::actions: copied selection to clipboard
2026-08-30T10:23:27.592629Z  INFO herdr::logging: checking for updates event="update.check.start" subsystem="update" outcome="started"
2026-08-30T10:26:39.552067Z  INFO herdr::app::actions: copied selection to clipboard
2026-08-30T10:32:53.463806Z  INFO herdr::pane: agent changed pane=7 previous_agent=Some(Codex) agent=None pgid=Some(1804)
2026-08-30T10:32:54.970377Z  INFO herdr::pane: agent changed pane=7 previous_agent=None agent=Some(Codex) process=codex pgid=Some(69754)
2026-08-30T10:38:25.268255Z  INFO herdr::logging: tab focused event="tab.focus" subsystem="tab" outcome="ok" workspace_id="w6" tab_id="w6:t1"
2026-08-30T10:38:30.298938Z  INFO herdr::logging: session saved event="persist.save" subsystem="persist" outcome="ok" path=/Users/wqin/.config/herdr/session.json workspaces=4
2026-08-30T10:38:30.759542Z  INFO herdr::logging: tab focused event="tab.focus" subsystem="tab" outcome="ok" workspace_id="w6" tab_id="w6:t1"
2026-08-30T10:38:35.789216Z  INFO herdr::logging: session saved event="persist.save" subsystem="persist" outcome="ok" path=/Users/wqin/.config/herdr/session.json workspaces=4
2026-08-30T10:53:27.554370Z  INFO herdr::logging: checking for updates event="update.check.start" subsystem="update" outcome="started"
2026-08-30T11:11:10.565058Z  INFO herdr::pane: agent changed pane=7 previous_agent=Some(Codex) agent=None pgid=Some(1804)
2026-08-30T11:12:07.126686Z  INFO herdr::server::headless: client resize client_id=4 cols=238 rows=55 cell_width_px=0 cell_height_px=0
2026-08-30T11:12:08.078136Z  INFO herdr::server::headless: client resize client_id=4 cols=198 rows=60 cell_width_px=0 cell_height_px=0
2026-08-30T11:12:08.755585Z  INFO herdr::server::headless: client resize client_id=4 cols=224 rows=52 cell_width_px=0 cell_height_px=0
2026-08-30T11:12:09.071953Z  INFO herdr::server::headless: client resize client_id=4 cols=224 rows=52 cell_width_px=0 cell_height_px=0
2026-08-30T11:12:11.137028Z  INFO herdr::server::headless: client resize client_id=4 cols=198 rows=60 cell_width_px=0 cell_height_px=0
2026-08-30T11:12:12.543944Z  INFO herdr::server::headless: client resize client_id=4 cols=224 rows=52 cell_width_px=0 cell_height_px=0
2026-08-30T11:12:12.649728Z  INFO herdr::server::headless: client resize client_id=4 cols=224 rows=52 cell_width_px=0 cell_height_px=0
2026-08-30T11:17:22.173503Z  INFO herdr::server::headless: client resize client_id=4 cols=238 rows=55 cell_width_px=0 cell_height_px=0
2026-08-30T11:17:22.939319Z  INFO herdr::server::headless: client resize client_id=4 cols=198 rows=60 cell_width_px=0 cell_height_px=0
2026-08-30T11:17:23.009075Z  INFO herdr::server::headless: client resize client_id=4 cols=198 rows=60 cell_width_px=0 cell_height_px=0
2026-08-30T11:17:23.729051Z  INFO herdr::server::headless: client resize client_id=4 cols=224 rows=52 cell_width_px=0 cell_height_px=0
2026-08-30T11:17:26.003050Z  INFO herdr::server::headless: client resize client_id=4 cols=198 rows=60 cell_width_px=0 cell_height_px=0
2026-08-30T11:17:26.070847Z  INFO herdr::server::headless: client resize client_id=4 cols=199 rows=54 cell_width_px=0 cell_height_px=0
2026-08-30T11:17:26.171918Z  INFO herdr::server::headless: client resize client_id=4 cols=198 rows=60 cell_width_px=0 cell_height_px=0
2026-08-30T11:17:27.512088Z  INFO herdr::server::headless: client resize client_id=4 cols=186 rows=54 cell_width_px=0 cell_height_px=0
2026-08-30T11:17:27.614403Z  INFO herdr::server::headless: client resize client_id=4 cols=224 rows=52 cell_width_px=0 cell_height_px=0
2026-08-30T11:36:19.400532Z  INFO herdr::server::headless: client resize client_id=4 cols=238 rows=55 cell_width_px=0 cell_height_px=0
2026-08-30T11:36:20.146551Z  INFO herdr::server::headless: client resize client_id=4 cols=198 rows=60 cell_width_px=0 cell_height_px=0
2026-08-30T11:36:20.248400Z  INFO herdr::server::headless: client resize client_id=4 cols=198 rows=60 cell_width_px=0 cell_height_px=0
2026-08-30T11:36:20.813396Z  INFO herdr::server::headless: client resize client_id=4 cols=224 rows=52 cell_width_px=0 cell_height_px=0
2026-08-30T11:36:20.928808Z  INFO herdr::server::headless: client resize client_id=4 cols=224 rows=52 cell_width_px=0 cell_height_px=0
2026-08-30T11:36:23.307681Z  INFO herdr::server::headless: client resize client_id=4 cols=198 rows=60 cell_width_px=0 cell_height_px=0
2026-08-30T11:36:24.749757Z  INFO herdr::server::headless: client resize client_id=4 cols=224 rows=52 cell_width_px=0 cell_height_px=0
2026-08-30T11:37:25.097961Z  INFO herdr::logging: checking for updates event="update.check.start" subsystem="update" outcome="started"
2026-08-30T11:37:58.432150Z  INFO herdr::server::headless: client resize client_id=4 cols=238 rows=55 cell_width_px=0 cell_height_px=0
2026-08-30T11:37:59.329734Z  INFO herdr::server::headless: client resize client_id=4 cols=198 rows=60 cell_width_px=0 cell_height_px=0
2026-08-30T11:38:00.232900Z  INFO herdr::server::headless: client resize client_id=4 cols=224 rows=52 cell_width_px=0 cell_height_px=0
2026-08-30T11:38:02.420175Z  INFO herdr::server::headless: client resize client_id=4 cols=238 rows=54 cell_width_px=0 cell_height_px=0
2026-08-30T11:38:02.507939Z  INFO herdr::server::headless: client resize client_id=4 cols=198 rows=60 cell_width_px=0 cell_height_px=0
2026-08-30T11:38:03.980915Z  INFO herdr::server::headless: client resize client_id=4 cols=224 rows=52 cell_width_px=0 cell_height_px=0
2026-08-30T11:39:49.460438Z  INFO herdr::server::headless: client resize client_id=4 cols=238 rows=55 cell_width_px=0 cell_height_px=0
2026-08-30T11:39:49.544554Z  INFO herdr::server::headless: client resize client_id=4 cols=238 rows=55 cell_width_px=0 cell_height_px=0
2026-08-30T11:39:50.361132Z  INFO herdr::server::headless: client resize client_id=4 cols=198 rows=60 cell_width_px=0 cell_height_px=0
2026-08-30T11:39:51.233056Z  INFO herdr::server::headless: client resize client_id=4 cols=224 rows=52 cell_width_px=0 cell_height_px=0
2026-08-30T11:39:51.469147Z  INFO herdr::server::headless: client resize client_id=4 cols=224 rows=52 cell_width_px=0 cell_height_px=0
2026-08-30T11:39:53.447301Z  INFO herdr::server::headless: client resize client_id=4 cols=238 rows=54 cell_width_px=0 cell_height_px=0
2026-08-30T11:39:53.527347Z  INFO herdr::server::headless: client resize client_id=4 cols=198 rows=60 cell_width_px=0 cell_height_px=0
2026-08-30T11:39:55.116744Z  INFO herdr::server::headless: client resize client_id=4 cols=224 rows=52 cell_width_px=0 cell_height_px=0
2026-08-30T12:24:29.997647Z  INFO herdr::logging: checking for updates event="update.check.start" subsystem="update" outcome="started"
2026-08-30T12:54:30.003903Z  INFO herdr::logging: checking for updates event="update.check.start" subsystem="update" outcome="started"
2026-08-30T13:25:20.763782Z  INFO herdr::logging: checking for updates event="update.check.start" subsystem="update" outcome="started"
2026-08-30T13:55:20.821890Z  INFO herdr::logging: checking for updates event="update.check.start" subsystem="update" outcome="started"
2026-08-30T14:38:58.047829Z  INFO herdr::logging: checking for updates event="update.check.start" subsystem="update" outcome="started"
2026-08-30T15:08:58.042960Z  INFO herdr::logging: checking for updates event="update.check.start" subsystem="update" outcome="started"
2026-08-30T15:50:03.038244Z  INFO herdr::logging: checking for updates event="update.check.start" subsystem="update" outcome="started"
2026-08-30T16:20:03.025236Z  INFO herdr::logging: checking for updates event="update.check.start" subsystem="update" outcome="started"
2026-08-30T16:50:03.071310Z  INFO herdr::logging: checking for updates event="update.check.start" subsystem="update" outcome="started"
2026-08-30T18:23:36.966248Z  INFO herdr::logging: checking for updates event="update.check.start" subsystem="update" outcome="started"
2026-08-30T18:53:37.025332Z  INFO herdr::logging: checking for updates event="update.check.start" subsystem="update" outcome="started"
2026-08-30T22:30:45.111811Z  INFO herdr::logging: checking for updates event="update.check.start" subsystem="update" outcome="started"
2026-08-30T23:00:45.152457Z  INFO herdr::logging: checking for updates event="update.check.start" subsystem="update" outcome="started"
2026-08-30T23:30:45.093169Z  INFO herdr::logging: checking for updates event="update.check.start" subsystem="update" outcome="started"
2026-08-31T00:00:45.135690Z  INFO herdr::logging: checking for updates event="update.check.start" subsystem="update" outcome="started"
2026-08-31T00:38:39.446866Z  INFO herdr::logging: checking for updates event="update.check.start" subsystem="update" outcome="started"
2026-08-31T00:49:46.842196Z  INFO herdr::server::headless: client resize client_id=4 cols=238 rows=55 cell_width_px=0 cell_height_px=0
2026-08-31T00:49:47.709034Z  INFO herdr::server::headless: client resize client_id=4 cols=198 rows=60 cell_width_px=0 cell_height_px=0
2026-08-31T00:49:48.540104Z  INFO herdr::server::headless: client resize client_id=4 cols=198 rows=56 cell_width_px=0 cell_height_px=0
2026-08-31T00:49:48.645456Z  INFO herdr::server::headless: client resize client_id=4 cols=224 rows=52 cell_width_px=0 cell_height_px=0
2026-08-31T00:49:50.873856Z  INFO herdr::server::headless: client resize client_id=4 cols=198 rows=60 cell_width_px=0 cell_height_px=0
2026-08-31T00:49:50.976030Z  INFO herdr::server::headless: client resize client_id=4 cols=198 rows=60 cell_width_px=0 cell_height_px=0
2026-08-31T00:49:52.347973Z  INFO herdr::server::headless: client resize client_id=4 cols=224 rows=52 cell_width_px=0 cell_height_px=0
2026-08-31T01:03:42.218153Z  INFO herdr::pane: agent changed pane=7 previous_agent=None agent=Some(Codex) process=codex pgid=Some(62430)
2026-08-31T01:03:46.750199Z  INFO herdr::pane: agent changed pane=7 previous_agent=Some(Codex) agent=None pgid=Some(1804)
2026-08-31T01:04:00.316028Z  INFO herdr::pane: agent changed pane=7 previous_agent=None agent=Some(Codex) process=codex pgid=Some(63048)
2026-08-31T01:08:39.466567Z  INFO herdr::logging: checking for updates event="update.check.start" subsystem="update" outcome="started"
2026-08-31T01:10:11.262695Z  INFO herdr::app::actions: copied selection to clipboard
2026-08-31T01:10:29.166492Z  INFO herdr::pane: agent changed pane=7 previous_agent=Some(Codex) agent=None pgid=Some(1804)
2026-08-31T01:28:25.439327Z  INFO herdr::logging: workspace focused event="workspace.focus" subsystem="workspace" outcome="ok" workspace_id="w5"
2026-08-31T01:28:25.441996Z  INFO herdr::logging: tab focused event="tab.focus" subsystem="tab" outcome="ok" workspace_id="w5" tab_id="w5:t1"
2026-08-31T01:28:30.478183Z  INFO herdr::logging: session saved event="persist.save" subsystem="persist" outcome="ok" path=/Users/wqin/.config/herdr/session.json workspaces=4
2026-08-31T01:29:06.397182Z  INFO herdr::pane: agent changed pane=4 previous_agent=None agent=Some(Codex) process=codex pgid=Some(89044)
2026-08-31T01:38:39.474353Z  INFO herdr::logging: checking for updates event="update.check.start" subsystem="update" outcome="started"
2026-08-31T02:02:04.351618Z  INFO herdr::app::actions: copied selection to clipboard
2026-08-31T02:08:39.428260Z  INFO herdr::logging: checking for updates event="update.check.start" subsystem="update" outcome="started"
2026-08-31T02:38:39.397971Z  INFO herdr::logging: checking for updates event="update.check.start" subsystem="update" outcome="started"
2026-08-31T03:08:39.461122Z  INFO herdr::logging: checking for updates event="update.check.start" subsystem="update" outcome="started"
2026-08-31T03:38:39.466198Z  INFO herdr::logging: checking for updates event="update.check.start" subsystem="update" outcome="started"
2026-08-31T04:10:24.970076Z  INFO herdr::server::headless: client resize client_id=4 cols=238 rows=55 cell_width_px=0 cell_height_px=0
2026-08-31T04:10:25.067753Z  INFO herdr::server::headless: client resize client_id=4 cols=238 rows=55 cell_width_px=0 cell_height_px=0
2026-08-31T04:10:25.752368Z  INFO herdr::server::headless: client resize client_id=4 cols=198 rows=60 cell_width_px=0 cell_height_px=0
2026-08-31T04:10:26.631425Z  INFO herdr::server::headless: client resize client_id=4 cols=198 rows=56 cell_width_px=0 cell_height_px=0
2026-08-31T04:10:27.146724Z  INFO herdr::server::headless: client resize client_id=4 cols=224 rows=52 cell_width_px=0 cell_height_px=0
2026-08-31T04:10:28.962644Z  INFO herdr::server::headless: client resize client_id=4 cols=198 rows=60 cell_width_px=0 cell_height_px=0
2026-08-31T04:10:29.229464Z  INFO herdr::server::headless: client resize client_id=4 cols=198 rows=60 cell_width_px=0 cell_height_px=0
2026-08-31T04:10:30.440882Z  INFO herdr::server::headless: client resize client_id=4 cols=224 rows=52 cell_width_px=0 cell_height_px=0
2026-08-31T04:32:48.037238Z  INFO herdr::logging: checking for updates event="update.check.start" subsystem="update" outcome="started"
2026-08-31T05:02:48.009248Z  INFO herdr::logging: checking for updates event="update.check.start" subsystem="update" outcome="started"
2026-08-31T05:32:48.046771Z  INFO herdr::logging: checking for updates event="update.check.start" subsystem="update" outcome="started"
2026-08-31T05:41:57.059135Z  INFO herdr::pane: agent changed pane=4 previous_agent=Some(Codex) agent=None pgid=Some(1801)
2026-08-31T06:02:48.141580Z  INFO herdr::logging: checking for updates event="update.check.start" subsystem="update" outcome="started"
2026-08-31T06:05:27.742623Z  INFO herdr::logging: tab focused event="tab.focus" subsystem="tab" outcome="ok" workspace_id="w5" tab_id="w5:t1"
2026-08-31T06:05:32.773867Z  INFO herdr::logging: session saved event="persist.save" subsystem="persist" outcome="ok" path=/Users/wqin/.config/herdr/session.json workspaces=4
2026-08-31T06:32:48.196874Z  INFO herdr::logging: checking for updates event="update.check.start" subsystem="update" outcome="started"
2026-08-31T06:45:02.829776Z  INFO herdr::logging: workspace focused event="workspace.focus" subsystem="workspace" outcome="ok" workspace_id="w7"
2026-08-31T06:45:02.830994Z  INFO herdr::logging: tab focused event="tab.focus" subsystem="tab" outcome="ok" workspace_id="w7" tab_id="w7:t1"
2026-08-31T06:45:05.427588Z  INFO herdr::logging: tab focused event="tab.focus" subsystem="tab" outcome="ok" workspace_id="w7" tab_id="w7:t1"
2026-08-31T06:45:10.458813Z  INFO herdr::logging: session saved event="persist.save" subsystem="persist" outcome="ok" path=/Users/wqin/.config/herdr/session.json workspaces=4
2026-08-31T06:45:11.917432Z  INFO herdr::app::actions: copied selection to clipboard
2026-08-31T06:45:12.770615Z  INFO herdr::logging: tab focused event="tab.focus" subsystem="tab" outcome="ok" workspace_id="w7" tab_id="w7:t1"
2026-08-31T06:45:17.798112Z  INFO herdr::logging: session saved event="persist.save" subsystem="persist" outcome="ok" path=/Users/wqin/.config/herdr/session.json workspaces=4
2026-08-31T06:45:21.524107Z  INFO herdr::server::headless: client resize client_id=4 cols=111 rows=52 cell_width_px=0 cell_height_px=0
2026-08-31T06:45:31.371026Z  INFO herdr::server::headless: client resize client_id=4 cols=224 rows=52 cell_width_px=0 cell_height_px=0
2026-08-31T06:45:33.392481Z  INFO herdr::logging: tab focused event="tab.focus" subsystem="tab" outcome="ok" workspace_id="w7" tab_id="w7:t1"
2026-08-31T06:45:35.551467Z  INFO herdr::app::actions: copied selection to clipboard
2026-08-31T06:45:38.405275Z  INFO herdr::logging: session saved event="persist.save" subsystem="persist" outcome="ok" path=/Users/wqin/.config/herdr/session.json workspaces=4
2026-08-31T06:45:38.575317Z  INFO herdr::logging: tab focused event="tab.focus" subsystem="tab" outcome="ok" workspace_id="w7" tab_id="w7:t1"
2026-08-31T06:45:43.600960Z  INFO herdr::logging: session saved event="persist.save" subsystem="persist" outcome="ok" path=/Users/wqin/.config/herdr/session.json workspaces=4
2026-08-31T06:46:19.699097Z  INFO herdr::server::headless: client resize client_id=4 cols=111 rows=52 cell_width_px=0 cell_height_px=0
2026-08-31T06:46:55.236540Z  INFO herdr::server::headless: client resize client_id=4 cols=224 rows=52 cell_width_px=0 cell_height_px=0
2026-08-31T06:46:56.459464Z  INFO herdr::logging: tab focused event="tab.focus" subsystem="tab" outcome="ok" workspace_id="w7" tab_id="w7:t1"
2026-08-31T06:47:00.440948Z  INFO herdr::pane: agent changed pane=10 previous_agent=None agent=Some(Codex) process=codex pgid=Some(83190)
2026-08-31T06:47:01.486771Z  INFO herdr::logging: session saved event="persist.save" subsystem="persist" outcome="ok" path=/Users/wqin/.config/herdr/session.json workspaces=4
2026-08-31T06:50:58.455353Z  INFO herdr::logging: tab focused event="tab.focus" subsystem="tab" outcome="ok" workspace_id="w7" tab_id="w7:t1"
2026-08-31T06:51:01.993922Z  INFO herdr::server::headless: client resize client_id=4 cols=111 rows=52 cell_width_px=0 cell_height_px=0
2026-08-31T06:51:03.488924Z  INFO herdr::logging: session saved event="persist.save" subsystem="persist" outcome="ok" path=/Users/wqin/.config/herdr/session.json workspaces=4
2026-08-31T06:51:22.292435Z  INFO herdr::server::headless: client resize client_id=4 cols=224 rows=52 cell_width_px=0 cell_height_px=0
2026-08-31T06:51:23.166173Z  INFO herdr::logging: tab focused event="tab.focus" subsystem="tab" outcome="ok" workspace_id="w7" tab_id="w7:t1"
2026-08-31T06:51:28.191360Z  INFO herdr::logging: session saved event="persist.save" subsystem="persist" outcome="ok" path=/Users/wqin/.config/herdr/session.json workspaces=4
2026-08-31T06:52:24.770519Z  INFO herdr::server::headless: client resize client_id=4 cols=111 rows=52 cell_width_px=0 cell_height_px=0
2026-08-31T06:52:54.009891Z  INFO herdr::server::headless: client resize client_id=4 cols=224 rows=52 cell_width_px=0 cell_height_px=0
2026-08-31T06:53:33.016403Z  INFO herdr::app::actions: copied selection to clipboard
2026-08-31T06:53:37.686762Z  INFO herdr::app::actions: copied selection to clipboard
2026-08-31T06:53:42.327124Z  INFO herdr::app::actions: copied selection to clipboard
2026-08-31T06:53:55.348566Z  INFO herdr::app::actions: copied selection to clipboard
2026-08-31T07:02:48.192905Z  INFO herdr::logging: checking for updates event="update.check.start" subsystem="update" outcome="started"
2026-08-31T07:32:48.172373Z  INFO herdr::logging: checking for updates event="update.check.start" subsystem="update" outcome="started"
2026-08-31T08:02:48.205003Z  INFO herdr::logging: checking for updates event="update.check.start" subsystem="update" outcome="started"
2026-08-31T08:32:48.207600Z  INFO herdr::logging: checking for updates event="update.check.start" subsystem="update" outcome="started"
2026-08-31T09:02:48.127802Z  INFO herdr::logging: checking for updates event="update.check.start" subsystem="update" outcome="started"
2026-08-31T09:32:48.119297Z  INFO herdr::logging: checking for updates event="update.check.start" subsystem="update" outcome="started"
2026-08-31T09:39:08.842883Z  INFO herdr::app::actions: copied selection to clipboard
2026-08-31T09:40:02.184656Z  INFO herdr::server::headless: client resize client_id=4 cols=111 rows=52 cell_width_px=0 cell_height_px=0
2026-08-31T09:40:02.286913Z  INFO herdr::server::headless: client resize client_id=4 cols=224 rows=52 cell_width_px=0 cell_height_px=0
2026-08-31T09:40:02.390629Z  INFO herdr::server::headless: client resize client_id=4 cols=111 rows=52 cell_width_px=0 cell_height_px=0
2026-08-31T09:42:43.972382Z  INFO herdr::server::headless: client resize client_id=4 cols=81 rows=52 cell_width_px=0 cell_height_px=0
2026-08-31T09:42:44.077382Z  INFO herdr::server::headless: client resize client_id=4 cols=74 rows=52 cell_width_px=0 cell_height_px=0
2026-08-31T09:42:44.182387Z  INFO herdr::server::headless: client resize client_id=4 cols=70 rows=52 cell_width_px=0 cell_height_px=0
2026-08-31T09:42:44.285432Z  INFO herdr::server::headless: client resize client_id=4 cols=67 rows=52 cell_width_px=0 cell_height_px=0
2026-08-31T09:42:44.390024Z  INFO herdr::server::headless: client resize client_id=4 cols=66 rows=52 cell_width_px=0 cell_height_px=0
2026-08-31T09:42:44.495002Z  INFO herdr::server::headless: client resize client_id=4 cols=65 rows=52 cell_width_px=0 cell_height_px=0
2026-08-31T09:44:11.799617Z  INFO herdr::server::headless: client resize client_id=4 cols=224 rows=52 cell_width_px=0 cell_height_px=0
2026-08-31T09:44:22.777473Z  INFO herdr::app::actions: copied double-clicked token to clipboard
2026-08-31T09:53:14.426080Z  INFO herdr::server::headless: client detached client_id=4
2026-08-31T09:53:14.430683Z  INFO herdr::server::headless: client disconnected client_id=4
2026-08-31T09:53:24.653070Z  INFO herdr::server::headless: server shutdown initiated
2026-08-31T09:53:24.708238Z  INFO herdr::server::headless: completing server shutdown
2026-08-31T09:53:24.769773Z  INFO herdr::logging: session saved event="persist.save" subsystem="persist" outcome="ok" path=/Users/wqin/.config/herdr/session.json workspaces=4
2026-08-31T09:53:24.769915Z  INFO herdr::server::headless: headless server exiting
2026-08-31T09:53:24.775457Z  INFO herdr::logging: pane child exited event="pane.exit" subsystem="pane" outcome="completed" pane_id=3 status="ExitStatus { code: 1, signal: None }"
2026-08-31T09:53:24.793421Z  INFO herdr::pane: pane session terminated pane=3 pid=1800 signal=Hangup
2026-08-31T09:53:24.798461Z  INFO herdr::logging: pane child exited event="pane.exit" subsystem="pane" outcome="completed" pane_id=5 status="ExitStatus { code: 1, signal: None }"
2026-08-31T09:53:24.818850Z  INFO herdr::pane: pane session terminated pane=5 pid=1802 signal=Hangup
2026-08-31T09:53:24.822635Z  INFO herdr::logging: pane child exited event="pane.exit" subsystem="pane" outcome="completed" pane_id=7 status="ExitStatus { code: 1, signal: None }"
2026-08-31T09:53:24.844100Z  INFO herdr::pane: pane session terminated pane=7 pid=1804 signal=Hangup
2026-08-31T09:53:24.848593Z  INFO herdr::logging: pane child exited event="pane.exit" subsystem="pane" outcome="completed" pane_id=1 status="ExitStatus { code: 1, signal: None }"
2026-08-31T09:53:24.869775Z  INFO herdr::pane: pane session terminated pane=1 pid=1798 signal=Hangup
2026-08-31T09:53:24.873491Z  INFO herdr::logging: pane child exited event="pane.exit" subsystem="pane" outcome="completed" pane_id=2 status="ExitStatus { code: 1, signal: None }"
2026-08-31T09:53:24.894986Z  INFO herdr::pane: pane session terminated pane=2 pid=1799 signal=Hangup
2026-08-31T09:53:24.898741Z  INFO herdr::logging: pane child exited event="pane.exit" subsystem="pane" outcome="completed" pane_id=10 status="ExitStatus { code: 1, signal: None }"
2026-08-31T09:53:24.920363Z  INFO herdr::pane: pane session terminated pane=10 pid=23375 signal=Hangup
2026-08-31T09:53:24.924291Z  INFO herdr::logging: pane child exited event="pane.exit" subsystem="pane" outcome="completed" pane_id=4 status="ExitStatus { code: 1, signal: None }"
2026-08-31T09:53:24.945798Z  INFO herdr::pane: pane session terminated pane=4 pid=1801 signal=Hangup
2026-08-31T09:53:24.949178Z  INFO herdr::logging: pane child exited event="pane.exit" subsystem="pane" outcome="completed" pane_id=11 status="ExitStatus { code: 1, signal: None }"
2026-08-31T09:53:24.971081Z  INFO herdr::pane: pane session terminated pane=11 pid=23833 signal=Hangup
2026-08-31T09:53:24.975119Z  INFO herdr::logging: pane child exited event="pane.exit" subsystem="pane" outcome="completed" pane_id=8 status="ExitStatus { code: 1, signal: None }"
2026-08-31T09:53:24.996372Z  INFO herdr::pane: pane session terminated pane=8 pid=1805 signal=Hangup
2026-08-31T09:53:25.000294Z  INFO herdr::logging: pane child exited event="pane.exit" subsystem="pane" outcome="completed" pane_id=6 status="ExitStatus { code: 1, signal: None }"
2026-08-31T09:53:25.017676Z  INFO herdr::pane: pane session terminated pane=6 pid=1803 signal=Hangup
2026-08-31T09:53:25.021252Z  INFO herdr::logging: herdr exiting event="app.shutdown" subsystem="server" outcome="completed" pid=1797
2026-08-31T11:04:46.662967Z  INFO herdr::platform::macos: raised server file descriptor soft limit previous=256 target=8192
2026-08-31T11:04:46.664264Z  INFO herdr::api::server: api server listening path=/Users/wqin/.config/herdr/herdr.sock
2026-08-31T11:04:46.680888Z  INFO herdr::logging: spawning pane terminal event="pane.spawn.start" subsystem="pane" outcome="started" pane_id=1 rows=24 cols=80 scrollback_limit_bytes=10000000
2026-08-31T11:04:46.685709Z  INFO herdr::logging: pane child spawned event="pane.spawned" subsystem="pane" outcome="ok" pane_id=1 pid=67263
2026-08-31T11:04:46.686164Z  INFO herdr::logging: spawning pane terminal event="pane.spawn.start" subsystem="pane" outcome="started" pane_id=2 rows=24 cols=80 scrollback_limit_bytes=10000000
2026-08-31T11:04:46.690780Z  INFO herdr::logging: pane child spawned event="pane.spawned" subsystem="pane" outcome="ok" pane_id=2 pid=67264
2026-08-31T11:04:46.690901Z  INFO herdr::logging: spawning pane terminal event="pane.spawn.start" subsystem="pane" outcome="started" pane_id=3 rows=24 cols=80 scrollback_limit_bytes=10000000
2026-08-31T11:04:46.692074Z  INFO herdr::logging: pane child spawned event="pane.spawned" subsystem="pane" outcome="ok" pane_id=3 pid=67265
2026-08-31T11:04:46.692562Z  INFO herdr::logging: spawning pane terminal event="pane.spawn.start" subsystem="pane" outcome="started" pane_id=4 rows=24 cols=80 scrollback_limit_bytes=10000000
2026-08-31T11:04:46.694050Z  INFO herdr::logging: pane child spawned event="pane.spawned" subsystem="pane" outcome="ok" pane_id=4 pid=67266
2026-08-31T11:04:46.694197Z  INFO herdr::logging: spawning pane terminal event="pane.spawn.start" subsystem="pane" outcome="started" pane_id=5 rows=24 cols=80 scrollback_limit_bytes=10000000
2026-08-31T11:04:46.695571Z  INFO herdr::logging: pane child spawned event="pane.spawned" subsystem="pane" outcome="ok" pane_id=5 pid=67267
2026-08-31T11:04:46.695657Z  INFO herdr::logging: spawning pane terminal event="pane.spawn.start" subsystem="pane" outcome="started" pane_id=6 rows=24 cols=80 scrollback_limit_bytes=10000000
2026-08-31T11:04:46.697085Z  INFO herdr::logging: pane child spawned event="pane.spawned" subsystem="pane" outcome="ok" pane_id=6 pid=67268
2026-08-31T11:04:46.697384Z  INFO herdr::logging: spawning pane terminal event="pane.spawn.start" subsystem="pane" outcome="started" pane_id=7 rows=24 cols=80 scrollback_limit_bytes=10000000
2026-08-31T11:04:46.699991Z  INFO herdr::logging: pane child spawned event="pane.spawned" subsystem="pane" outcome="ok" pane_id=7 pid=67269
2026-08-31T11:04:46.700103Z  INFO herdr::logging: spawning pane terminal event="pane.spawn.start" subsystem="pane" outcome="started" pane_id=8 rows=24 cols=80 scrollback_limit_bytes=10000000
2026-08-31T11:04:46.703078Z  INFO herdr::logging: pane child spawned event="pane.spawned" subsystem="pane" outcome="ok" pane_id=8 pid=67270
2026-08-31T11:04:46.703264Z  INFO herdr::logging: spawning pane terminal event="pane.spawn.start" subsystem="pane" outcome="started" pane_id=9 rows=24 cols=80 scrollback_limit_bytes=10000000
2026-08-31T11:04:46.705811Z  INFO herdr::logging: pane child spawned event="pane.spawned" subsystem="pane" outcome="ok" pane_id=9 pid=67271
2026-08-31T11:04:46.705910Z  INFO herdr::logging: spawning pane terminal event="pane.spawn.start" subsystem="pane" outcome="started" pane_id=10 rows=24 cols=80 scrollback_limit_bytes=10000000
2026-08-31T11:04:46.707275Z  INFO herdr::logging: pane child spawned event="pane.spawned" subsystem="pane" outcome="ok" pane_id=10 pid=67272
2026-08-31T11:04:46.708185Z  INFO herdr::logging: session restore evaluated event="persist.restore" subsystem="persist" outcome="ok" workspaces=4
2026-08-31T11:04:46.708250Z  INFO herdr::app: using pane scrollback configuration pane_scrollback_limit_bytes=10000000
2026-08-31T11:04:46.737055Z  INFO herdr::logging: checking for updates event="update.check.start" subsystem="update" outcome="started"
2026-08-31T11:04:46.770838Z  INFO herdr::server::headless: restored session already has workspaces; ignoring startup cwd cwd=/Users/wqin
2026-08-31T11:04:46.771248Z  INFO herdr::server::headless: client protocol socket listening path=/Users/wqin/.config/herdr/herdr-client.sock
2026-08-31T11:04:46.771294Z  INFO herdr::server::headless: herdr server started api_socket=/Users/wqin/.config/herdr/herdr.sock client_socket=/Users/wqin/.config/herdr/herdr-client.sock
2026-08-31T11:04:46.772463Z  INFO herdr::logging: herdr starting event="app.startup" subsystem="server" outcome="started" pid=67261
2026-08-31T11:04:47.044806Z  INFO herdr::server::headless: client connected client_id=2 cols=224 rows=52 cell_width_px=0 cell_height_px=0 render_encoding=SemanticFrame
2026-08-31T11:04:55.030417Z  INFO herdr::logging: workspace focused event="workspace.focus" subsystem="workspace" outcome="ok" workspace_id="w6"
2026-08-31T11:04:55.030569Z  INFO herdr::logging: tab focused event="tab.focus" subsystem="tab" outcome="ok" workspace_id="w6" tab_id="w6:t1"
2026-08-31T11:04:57.806295Z  INFO herdr::pane: agent changed pane=7 previous_agent=None agent=Some(Codex) process=codex pgid=Some(68113)
2026-08-31T11:05:00.062010Z  INFO herdr::logging: session saved event="persist.save" subsystem="persist" outcome="ok" path=/Users/wqin/.config/herdr/session.json workspaces=4
2026-08-31T11:05:23.484369Z  INFO herdr::server::headless: client resize client_id=2 cols=111 rows=52 cell_width_px=0 cell_height_px=0
2026-08-31T11:05:37.062030Z  INFO herdr::server::headless: client resize client_id=2 cols=224 rows=52 cell_width_px=0 cell_height_px=0
2026-08-31T11:05:47.940303Z  INFO herdr::pane: agent changed pane=7 previous_agent=Some(Codex) agent=None pgid=Some(67269)
2026-08-31T11:05:48.945846Z  INFO herdr::pane: agent changed pane=7 previous_agent=None agent=Some(Codex) process=codex pgid=Some(69058)
2026-08-31T11:16:15.067464Z  INFO herdr::logging: tab focused event="tab.focus" subsystem="tab" outcome="ok" workspace_id="w6" tab_id="w6:t1"
2026-08-31T11:16:20.090453Z  INFO herdr::logging: session saved event="persist.save" subsystem="persist" outcome="ok" path=/Users/wqin/.config/herdr/session.json workspaces=4
2026-08-31T11:34:20.257485Z  INFO herdr::logging: tab focused event="tab.focus" subsystem="tab" outcome="ok" workspace_id="w6" tab_id="w6:t1"
2026-08-31T11:34:25.291377Z  INFO herdr::logging: session saved event="persist.save" subsystem="persist" outcome="ok" path=/Users/wqin/.config/herdr/session.json workspaces=4
2026-08-31T11:34:35.268881Z  INFO herdr::pane: agent changed pane=7 previous_agent=Some(Codex) agent=None pgid=Some(67269)
2026-08-31T11:34:46.745477Z  INFO herdr::logging: checking for updates event="update.check.start" subsystem="update" outcome="started"
2026-08-31T11:35:52.653540Z  INFO herdr::pane: agent changed pane=7 previous_agent=None agent=Some(Codex) process=codex pgid=Some(98304)
2026-08-31T11:46:33.396685Z  INFO herdr::server::headless: client resize client_id=2 cols=238 rows=55 cell_width_px=0 cell_height_px=0
2026-08-31T11:46:33.501522Z  INFO herdr::server::headless: client resize client_id=2 cols=238 rows=55 cell_width_px=0 cell_height_px=0
2026-08-31T11:46:34.179226Z  INFO herdr::server::headless: client resize client_id=2 cols=198 rows=60 cell_width_px=0 cell_height_px=0
2026-08-31T11:46:34.885525Z  INFO herdr::server::headless: client resize client_id=2 cols=224 rows=52 cell_width_px=0 cell_height_px=0
2026-08-31T11:46:37.144752Z  INFO herdr::server::headless: client resize client_id=2 cols=198 rows=60 cell_width_px=0 cell_height_px=0
2026-08-31T11:46:37.250374Z  INFO herdr::server::headless: client resize client_id=2 cols=198 rows=60 cell_width_px=0 cell_height_px=0
2026-08-31T11:46:37.569076Z  INFO herdr::server::headless: client resize client_id=2 cols=198 rows=60 cell_width_px=0 cell_height_px=0
2026-08-31T11:46:38.729827Z  INFO herdr::server::headless: client resize client_id=2 cols=224 rows=52 cell_width_px=0 cell_height_px=0
2026-08-31T12:01:27.723785Z  INFO herdr::server::headless: client resize client_id=2 cols=111 rows=52 cell_width_px=0 cell_height_px=0
2026-08-31T12:01:39.012783Z  INFO herdr::server::headless: client resize client_id=2 cols=224 rows=52 cell_width_px=0 cell_height_px=0
2026-08-31T12:04:59.939223Z  INFO herdr::logging: checking for updates event="update.check.start" subsystem="update" outcome="started"
2026-08-31T12:09:57.314415Z  INFO herdr::server::headless: client resize client_id=2 cols=111 rows=52 cell_width_px=0 cell_height_px=0
2026-08-31T12:10:12.863768Z  INFO herdr::server::headless: client resize client_id=2 cols=224 rows=52 cell_width_px=0 cell_height_px=0
2026-08-31T12:10:16.429666Z  INFO herdr::app::actions: copied selection to clipboard
2026-08-31T12:13:47.988112Z  INFO herdr::logging: tab focused event="tab.focus" subsystem="tab" outcome="ok" workspace_id="w6" tab_id="w6:t1"
2026-08-31T12:13:52.459200Z  INFO herdr::pane: agent changed pane=8 previous_agent=None agent=Some(Codex) process=codex pgid=Some(34700)
2026-08-31T12:13:53.010270Z  INFO herdr::logging: session saved event="persist.save" subsystem="persist" outcome="ok" path=/Users/wqin/.config/herdr/session.json workspaces=4
2026-08-31T12:16:21.004385Z  INFO herdr::pane: agent changed pane=8 previous_agent=Some(Codex) agent=None pgid=Some(67270)
2026-08-31T12:16:26.033027Z  INFO herdr::pane: agent changed pane=8 previous_agent=None agent=Some(Codex) process=codex pgid=Some(36886)
2026-08-31T12:18:13.165397Z  INFO herdr::logging: tab focused event="tab.focus" subsystem="tab" outcome="ok" workspace_id="w6" tab_id="w6:t1"
2026-08-31T12:18:18.186539Z  INFO herdr::logging: session saved event="persist.save" subsystem="persist" outcome="ok" path=/Users/wqin/.config/herdr/session.json workspaces=4
2026-08-31T12:22:06.237144Z  INFO herdr::app::actions: copied selection to clipboard
2026-08-31T12:29:44.414362Z  INFO herdr::logging: tab focused event="tab.focus" subsystem="tab" outcome="ok" workspace_id="w6" tab_id="w6:t1"
2026-08-31T12:29:48.863806Z  INFO herdr::pane: agent changed pane=8 previous_agent=Some(Codex) agent=None pgid=Some(67270)
2026-08-31T12:29:49.441488Z  INFO herdr::logging: session saved event="persist.save" subsystem="persist" outcome="ok" path=/Users/wqin/.config/herdr/session.json workspaces=4
2026-08-31T12:31:26.589538Z  INFO herdr::logging: tab focused event="tab.focus" subsystem="tab" outcome="ok" workspace_id="w6" tab_id="w6:t1"
2026-08-31T12:31:31.612606Z  INFO herdr::logging: session saved event="persist.save" subsystem="persist" outcome="ok" path=/Users/wqin/.config/herdr/session.json workspaces=4
2026-08-31T12:34:59.959379Z  INFO herdr::logging: checking for updates event="update.check.start" subsystem="update" outcome="started"
2026-08-31T13:01:13.750569Z  INFO herdr::server::headless: client resize client_id=2 cols=198 rows=60 cell_width_px=0 cell_height_px=0
2026-08-31T13:01:14.827188Z  INFO herdr::server::headless: client resize client_id=2 cols=224 rows=52 cell_width_px=0 cell_height_px=0
2026-08-31T13:04:34.399997Z  INFO herdr::app::actions: copied selection to clipboard
2026-08-31T13:05:00.020893Z  INFO herdr::logging: checking for updates event="update.check.start" subsystem="update" outcome="started"
2026-08-31T13:05:18.196299Z  INFO herdr::app::actions: copied selection to clipboard
2026-08-31T13:05:30.422320Z  INFO herdr::app::actions: copied selection to clipboard
2026-08-31T13:05:32.239129Z  INFO herdr::app::actions: copied selection to clipboard
2026-08-31T13:05:37.588650Z  INFO herdr::app::actions: copied selection to clipboard
2026-08-31T13:05:50.966968Z  INFO herdr::app::actions: copied selection to clipboard
2026-08-31T13:06:14.118686Z  INFO herdr::app::actions: copied selection to clipboard
2026-08-31T13:31:11.352026Z  INFO herdr::server::headless: client resize client_id=2 cols=238 rows=54 cell_width_px=0 cell_height_px=0
2026-08-31T13:31:11.464149Z  INFO herdr::server::headless: client resize client_id=2 cols=238 rows=54 cell_width_px=0 cell_height_px=0
2026-08-31T13:31:12.195083Z  INFO herdr::server::headless: client resize client_id=2 cols=198 rows=60 cell_width_px=0 cell_height_px=0
2026-08-31T13:31:12.297412Z  INFO herdr::server::headless: client resize client_id=2 cols=198 rows=60 cell_width_px=0 cell_height_px=0
2026-08-31T13:31:12.930501Z  INFO herdr::server::headless: client resize client_id=2 cols=224 rows=52 cell_width_px=0 cell_height_px=0
2026-08-31T13:31:15.221322Z  INFO herdr::server::headless: client resize client_id=2 cols=198 rows=60 cell_width_px=0 cell_height_px=0
2026-08-31T13:31:16.792910Z  INFO herdr::server::headless: client resize client_id=2 cols=224 rows=52 cell_width_px=0 cell_height_px=0
2026-08-31T13:35:22.227919Z  INFO herdr::logging: checking for updates event="update.check.start" subsystem="update" outcome="started"
2026-08-31T13:41:47.577007Z  INFO herdr::server::headless: client resize client_id=2 cols=238 rows=55 cell_width_px=0 cell_height_px=0
2026-08-31T13:41:48.432598Z  INFO herdr::server::headless: client resize client_id=2 cols=198 rows=60 cell_width_px=0 cell_height_px=0
2026-08-31T13:41:48.574275Z  INFO herdr::server::headless: client resize client_id=2 cols=198 rows=60 cell_width_px=0 cell_height_px=0
2026-08-31T13:41:49.378296Z  INFO herdr::server::headless: client resize client_id=2 cols=224 rows=52 cell_width_px=0 cell_height_px=0
2026-08-31T13:41:49.552942Z  INFO herdr::server::headless: client resize client_id=2 cols=224 rows=52 cell_width_px=0 cell_height_px=0
2026-08-31T13:41:51.605486Z  INFO herdr::server::headless: client resize client_id=2 cols=198 rows=60 cell_width_px=0 cell_height_px=0
2026-08-31T13:41:51.686104Z  INFO herdr::server::headless: client resize client_id=2 cols=198 rows=60 cell_width_px=0 cell_height_px=0
2026-08-31T13:41:53.101082Z  INFO herdr::server::headless: client resize client_id=2 cols=224 rows=52 cell_width_px=0 cell_height_px=0
2026-08-31T13:57:46.525107Z  INFO herdr::server::headless: client resize client_id=2 cols=238 rows=54 cell_width_px=0 cell_height_px=0
2026-08-31T13:57:46.625120Z  INFO herdr::server::headless: client resize client_id=2 cols=238 rows=55 cell_width_px=0 cell_height_px=0
2026-08-31T13:57:47.513935Z  INFO herdr::server::headless: client resize client_id=2 cols=198 rows=60 cell_width_px=0 cell_height_px=0
2026-08-31T13:57:48.141023Z  INFO herdr::server::headless: client resize client_id=2 cols=198 rows=56 cell_width_px=0 cell_height_px=0
2026-08-31T13:57:48.314610Z  INFO herdr::server::headless: client resize client_id=2 cols=224 rows=52 cell_width_px=0 cell_height_px=0
2026-08-31T13:57:48.526258Z  INFO herdr::server::headless: client resize client_id=2 cols=224 rows=52 cell_width_px=0 cell_height_px=0
2026-08-31T13:57:50.538714Z  INFO herdr::server::headless: client resize client_id=2 cols=198 rows=60 cell_width_px=0 cell_height_px=0
2026-08-31T13:57:50.652932Z  INFO herdr::server::headless: client resize client_id=2 cols=198 rows=60 cell_width_px=0 cell_height_px=0
2026-08-31T13:57:52.059803Z  INFO herdr::server::headless: client resize client_id=2 cols=224 rows=52 cell_width_px=0 cell_height_px=0
2026-08-31T14:05:17.303813Z  INFO herdr::app::actions: copied selection to clipboard
2026-08-31T14:09:25.208602Z  INFO herdr::logging: checking for updates event="update.check.start" subsystem="update" outcome="started"
2026-08-31T14:39:25.238708Z  INFO herdr::logging: checking for updates event="update.check.start" subsystem="update" outcome="started"
2026-08-31T15:09:25.271834Z  INFO herdr::logging: checking for updates event="update.check.start" subsystem="update" outcome="started"
2026-08-31T15:39:25.250868Z  INFO herdr::logging: checking for updates event="update.check.start" subsystem="update" outcome="started"
2026-08-31T16:09:25.250172Z  INFO herdr::logging: checking for updates event="update.check.start" subsystem="update" outcome="started"
2026-08-31T16:39:25.190694Z  INFO herdr::logging: checking for updates event="update.check.start" subsystem="update" outcome="started"
2026-08-31T17:09:25.238313Z  INFO herdr::logging: checking for updates event="update.check.start" subsystem="update" outcome="started"
2026-08-31T17:39:25.208898Z  INFO herdr::logging: checking for updates event="update.check.start" subsystem="update" outcome="started"
2026-08-31T18:09:25.189026Z  INFO herdr::logging: checking for updates event="update.check.start" subsystem="update" outcome="started"
2026-08-31T18:39:25.163376Z  INFO herdr::logging: checking for updates event="update.check.start" subsystem="update" outcome="started"
2026-08-31T19:09:25.160910Z  INFO herdr::logging: checking for updates event="update.check.start" subsystem="update" outcome="started"
2026-08-31T19:39:25.232309Z  INFO herdr::logging: checking for updates event="update.check.start" subsystem="update" outcome="started"
2026-08-31T20:09:25.306453Z  INFO herdr::logging: checking for updates event="update.check.start" subsystem="update" outcome="started"
2026-08-31T20:39:25.295062Z  INFO herdr::logging: checking for updates event="update.check.start" subsystem="update" outcome="started"
2026-08-31T21:09:25.325442Z  INFO herdr::logging: checking for updates event="update.check.start" subsystem="update" outcome="started"
2026-08-31T21:39:25.346682Z  INFO herdr::logging: checking for updates event="update.check.start" subsystem="update" outcome="started"
2026-08-31T22:09:25.384350Z  INFO herdr::logging: checking for updates event="update.check.start" subsystem="update" outcome="started"
2026-08-31T22:39:25.349764Z  INFO herdr::logging: checking for updates event="update.check.start" subsystem="update" outcome="started"
2026-08-31T23:09:25.323899Z  INFO herdr::logging: checking for updates event="update.check.start" subsystem="update" outcome="started"
2026-08-31T23:39:25.350571Z  INFO herdr::logging: checking for updates event="update.check.start" subsystem="update" outcome="started"
2026-09-01T00:09:25.369754Z  INFO herdr::logging: checking for updates event="update.check.start" subsystem="update" outcome="started"
2026-09-01T00:39:25.338485Z  INFO herdr::logging: checking for updates event="update.check.start" subsystem="update" outcome="started"
2026-09-01T01:09:25.309512Z  INFO herdr::logging: checking for updates event="update.check.start" subsystem="update" outcome="started"
2026-09-01T01:39:25.398366Z  INFO herdr::logging: checking for updates event="update.check.start" subsystem="update" outcome="started"
2026-09-01T02:09:25.415982Z  INFO herdr::logging: checking for updates event="update.check.start" subsystem="update" outcome="started"
2026-09-01T02:25:00.277878Z  INFO herdr::app::actions: copied selection to clipboard
2026-09-01T02:25:03.665047Z  INFO herdr::pane: agent changed pane=7 previous_agent=Some(Codex) agent=None pgid=Some(67269)
2026-09-01T02:25:05.675762Z  INFO herdr::pane: agent changed pane=7 previous_agent=None agent=Some(Codex) process=codex pgid=Some(49084)
2026-09-01T02:39:25.408717Z  INFO herdr::logging: checking for updates event="update.check.start" subsystem="update" outcome="started"
2026-09-01T02:40:25.001909Z  INFO herdr::pane: agent changed pane=7 previous_agent=Some(Codex) agent=None pgid=Some(67269)
2026-09-01T02:40:26.511009Z  INFO herdr::pane: agent changed pane=7 previous_agent=None agent=Some(Codex) process=codex pgid=Some(61973)
2026-09-01T03:09:25.380788Z  INFO herdr::logging: checking for updates event="update.check.start" subsystem="update" outcome="started"
2026-09-01T03:11:59.737506Z  INFO herdr::logging: workspace focused event="workspace.focus" subsystem="workspace" outcome="ok" workspace_id="w7"
2026-09-01T03:11:59.737900Z  INFO herdr::logging: tab focused event="tab.focus" subsystem="tab" outcome="ok" workspace_id="w7" tab_id="w7:t1"
2026-09-01T03:12:04.774468Z  INFO herdr::logging: session saved event="persist.save" subsystem="persist" outcome="ok" path=/Users/wqin/.config/herdr/session.json workspaces=4
2026-09-01T03:12:28.632171Z  INFO herdr::logging: workspace focused event="workspace.focus" subsystem="workspace" outcome="ok" workspace_id="w6"
2026-09-01T03:12:28.632206Z  INFO herdr::logging: tab focused event="tab.focus" subsystem="tab" outcome="ok" workspace_id="w6" tab_id="w6:t1"
2026-09-01T03:12:33.661856Z  INFO herdr::logging: session saved event="persist.save" subsystem="persist" outcome="ok" path=/Users/wqin/.config/herdr/session.json workspaces=4
2026-09-01T03:39:25.382987Z  INFO herdr::logging: checking for updates event="update.check.start" subsystem="update" outcome="started"
2026-09-01T04:06:27.313312Z  INFO herdr::server::headless: client resize client_id=2 cols=238 rows=55 cell_width_px=0 cell_height_px=0
2026-09-01T04:06:28.069934Z  INFO herdr::server::headless: client resize client_id=2 cols=198 rows=60 cell_width_px=0 cell_height_px=0
2026-09-01T04:06:28.177501Z  INFO herdr::server::headless: client resize client_id=2 cols=198 rows=60 cell_width_px=0 cell_height_px=0
2026-09-01T04:06:28.909941Z  INFO herdr::server::headless: client resize client_id=2 cols=224 rows=52 cell_width_px=0 cell_height_px=0
2026-09-01T04:06:29.110411Z  INFO herdr::server::headless: client resize client_id=2 cols=224 rows=52 cell_width_px=0 cell_height_px=0
2026-09-01T04:06:31.212353Z  INFO herdr::server::headless: client resize client_id=2 cols=198 rows=60 cell_width_px=0 cell_height_px=0
2026-09-01T04:06:31.520628Z  INFO herdr::server::headless: client resize client_id=2 cols=198 rows=60 cell_width_px=0 cell_height_px=0
2026-09-01T04:06:32.656371Z  INFO herdr::server::headless: client resize client_id=2 cols=186 rows=54 cell_width_px=0 cell_height_px=0
2026-09-01T04:06:32.760467Z  INFO herdr::server::headless: client resize client_id=2 cols=224 rows=52 cell_width_px=0 cell_height_px=0
2026-09-01T04:09:42.616318Z  INFO herdr::server::headless: client resize client_id=2 cols=111 rows=52 cell_width_px=0 cell_height_px=0
2026-09-01T04:10:19.948830Z  INFO herdr::server::headless: client resize client_id=2 cols=224 rows=52 cell_width_px=0 cell_height_px=0
2026-09-01T04:10:39.126645Z  INFO herdr::pane: agent changed pane=7 previous_agent=Some(Codex) agent=None pgid=Some(67269)
2026-09-01T04:10:41.139888Z  INFO herdr::pane: agent changed pane=7 previous_agent=None agent=Some(Codex) process=codex pgid=Some(34666)
2026-09-01T04:19:11.018921Z  INFO herdr::logging: checking for updates event="update.check.start" subsystem="update" outcome="started"
2026-09-01T04:44:15.619881Z  INFO herdr::logging: workspace focused event="workspace.focus" subsystem="workspace" outcome="ok" workspace_id="w7"
2026-09-01T04:44:15.620920Z  INFO herdr::logging: tab focused event="tab.focus" subsystem="tab" outcome="ok" workspace_id="w7" tab_id="w7:t1"
2026-09-01T04:44:20.037673Z  INFO herdr::pane: agent changed pane=9 previous_agent=None agent=Some(Codex) process=codex pgid=Some(65693)
2026-09-01T04:44:20.642909Z  INFO herdr::logging: session saved event="persist.save" subsystem="persist" outcome="ok" path=/Users/wqin/.config/herdr/session.json workspaces=4
2026-09-01T04:44:27.801878Z  INFO herdr::logging: tab focused event="tab.focus" subsystem="tab" outcome="ok" workspace_id="w7" tab_id="w7:t1"
2026-09-01T04:44:32.828509Z  INFO herdr::logging: session saved event="persist.save" subsystem="persist" outcome="ok" path=/Users/wqin/.config/herdr/session.json workspaces=4
2026-09-01T04:44:47.539970Z  INFO herdr::app::actions: copied selection to clipboard
2026-09-01T04:44:52.111585Z  INFO herdr::server::headless: client resize client_id=2 cols=111 rows=52 cell_width_px=0 cell_height_px=0
2026-09-01T04:45:19.839346Z  INFO herdr::server::headless: client resize client_id=2 cols=224 rows=52 cell_width_px=0 cell_height_px=0
2026-09-01T04:45:23.187862Z  INFO herdr::logging: tab focused event="tab.focus" subsystem="tab" outcome="ok" workspace_id="w7" tab_id="w7:t1"
2026-09-01T04:45:28.207971Z  INFO herdr::logging: session saved event="persist.save" subsystem="persist" outcome="ok" path=/Users/wqin/.config/herdr/session.json workspaces=4
2026-09-01T04:49:11.016290Z  INFO herdr::logging: checking for updates event="update.check.start" subsystem="update" outcome="started"
2026-09-01T05:19:06.285703Z  INFO herdr::logging: workspace focused event="workspace.focus" subsystem="workspace" outcome="ok" workspace_id="w6"
2026-09-01T05:19:06.286423Z  INFO herdr::logging: tab focused event="tab.focus" subsystem="tab" outcome="ok" workspace_id="w6" tab_id="w6:t1"
2026-09-01T05:19:11.074394Z  INFO herdr::logging: checking for updates event="update.check.start" subsystem="update" outcome="started"
2026-09-01T05:19:11.294847Z  INFO herdr::logging: session saved event="persist.save" subsystem="persist" outcome="ok" path=/Users/wqin/.config/herdr/session.json workspaces=4
2026-09-01T05:30:02.539929Z  INFO herdr::app::actions: copied selection to clipboard
2026-09-01T05:41:45.207812Z  INFO herdr::pane: agent changed pane=7 previous_agent=Some(Codex) agent=None pgid=Some(67269)
2026-09-01T05:41:59.271177Z  INFO herdr::pane: agent changed pane=7 previous_agent=None agent=Some(Codex) process=codex pgid=Some(21188)
2026-09-01T05:49:11.066170Z  INFO herdr::logging: checking for updates event="update.check.start" subsystem="update" outcome="started"
2026-09-01T05:49:29.948953Z  INFO herdr::pane: agent changed pane=7 previous_agent=Some(Codex) agent=None pgid=Some(67269)
2026-09-01T05:49:32.963586Z  INFO herdr::pane: agent changed pane=7 previous_agent=None agent=Some(Codex) process=codex pgid=Some(30686)
2026-09-01T05:52:50.991081Z  INFO herdr::logging: workspace focused event="workspace.focus" subsystem="workspace" outcome="ok" workspace_id="w7"
2026-09-01T05:52:50.993092Z  INFO herdr::logging: tab focused event="tab.focus" subsystem="tab" outcome="ok" workspace_id="w7" tab_id="w7:t1"
2026-09-01T05:52:56.024780Z  INFO herdr::logging: session saved event="persist.save" subsystem="persist" outcome="ok" path=/Users/wqin/.config/herdr/session.json workspaces=4
2026-09-01T05:53:31.160121Z  INFO herdr::server::headless: client resize client_id=2 cols=111 rows=52 cell_width_px=0 cell_height_px=0
2026-09-01T05:53:35.132629Z  INFO herdr::server::headless: client resize client_id=2 cols=74 rows=52 cell_width_px=0 cell_height_px=0
2026-09-01T05:53:37.099929Z  INFO herdr::server::headless: client resize client_id=2 cols=73 rows=52 cell_width_px=0 cell_height_px=0
2026-09-01T05:53:37.204965Z  INFO herdr::server::headless: client resize client_id=2 cols=74 rows=52 cell_width_px=0 cell_height_px=0
2026-09-01T05:53:47.415885Z  INFO herdr::server::headless: client resize client_id=2 cols=111 rows=52 cell_width_px=0 cell_height_px=0
2026-09-01T05:54:07.691595Z  INFO herdr::server::headless: client resize client_id=2 cols=224 rows=52 cell_width_px=0 cell_height_px=0
2026-09-01T06:06:21.808302Z  INFO herdr::server::headless: client resize client_id=2 cols=238 rows=55 cell_width_px=0 cell_height_px=0
2026-09-01T06:06:22.724411Z  INFO herdr::server::headless: client resize client_id=2 cols=198 rows=60 cell_width_px=0 cell_height_px=0
2026-09-01T06:06:23.743860Z  INFO herdr::server::headless: client resize client_id=2 cols=224 rows=52 cell_width_px=0 cell_height_px=0
2026-09-01T06:06:25.952310Z  INFO herdr::server::headless: client resize client_id=2 cols=199 rows=54 cell_width_px=0 cell_height_px=0
2026-09-01T06:06:26.068654Z  INFO herdr::server::headless: client resize client_id=2 cols=198 rows=60 cell_width_px=0 cell_height_px=0
2026-09-01T06:06:27.430357Z  INFO herdr::server::headless: client resize client_id=2 cols=224 rows=52 cell_width_px=0 cell_height_px=0
2026-09-01T06:06:27.537834Z  INFO herdr::server::headless: client resize client_id=2 cols=224 rows=52 cell_width_px=0 cell_height_px=0
2026-09-01T06:20:42.398052Z  INFO herdr::logging: checking for updates event="update.check.start" subsystem="update" outcome="started"
2026-09-01T06:50:42.454851Z  INFO herdr::logging: checking for updates event="update.check.start" subsystem="update" outcome="started"
2026-09-01T06:53:18.221458Z  INFO herdr::logging: workspace focused event="workspace.focus" subsystem="workspace" outcome="ok" workspace_id="w6"
2026-09-01T06:53:18.221889Z  INFO herdr::logging: tab focused event="tab.focus" subsystem="tab" outcome="ok" workspace_id="w6" tab_id="w6:t1"
2026-09-01T06:53:21.281931Z  INFO herdr::logging: workspace focused event="workspace.focus" subsystem="workspace" outcome="ok" workspace_id="w5"
2026-09-01T06:53:21.282065Z  INFO herdr::logging: tab focused event="tab.focus" subsystem="tab" outcome="ok" workspace_id="w5" tab_id="w5:t1"
2026-09-01T06:53:22.820046Z  INFO herdr::logging: tab focused event="tab.focus" subsystem="tab" outcome="ok" workspace_id="w5" tab_id="w5:t1"
2026-09-01T06:53:25.271842Z  INFO herdr::pane: agent changed pane=4 previous_agent=None agent=Some(Codex) process=codex pgid=Some(93625)
2026-09-01T06:53:27.832157Z  INFO herdr::logging: session saved event="persist.save" subsystem="persist" outcome="ok" path=/Users/wqin/.config/herdr/session.json workspaces=4
2026-09-01T06:53:31.029776Z  INFO herdr::logging: tab focused event="tab.focus" subsystem="tab" outcome="ok" workspace_id="w5" tab_id="w5:t1"
2026-09-01T06:53:31.036532Z  INFO herdr::logging: pane child exited event="pane.exit" subsystem="pane" outcome="completed" pane_id=6 status="ExitStatus { code: 1, signal: None }"
2026-09-01T06:53:31.054131Z  INFO herdr::pane: pane session terminated pane=6 pid=67268 signal=Hangup
2026-09-01T06:53:31.055545Z  WARN herdr::app::actions: PaneDied for unknown pane pane=6
2026-09-01T06:53:32.775493Z  INFO herdr::logging: workspace focused event="workspace.focus" subsystem="workspace" outcome="ok" workspace_id="w6"
2026-09-01T06:53:32.775546Z  INFO herdr::logging: tab focused event="tab.focus" subsystem="tab" outcome="ok" workspace_id="w6" tab_id="w6:t1"
2026-09-01T06:53:33.369160Z  INFO herdr::logging: workspace focused event="workspace.focus" subsystem="workspace" outcome="ok" workspace_id="w7"
2026-09-01T06:53:33.369340Z  INFO herdr::logging: tab focused event="tab.focus" subsystem="tab" outcome="ok" workspace_id="w7" tab_id="w7:t1"
2026-09-01T06:53:33.848757Z  INFO herdr::logging: workspace focused event="workspace.focus" subsystem="workspace" outcome="ok" workspace_id="w5"
2026-09-01T06:53:33.848854Z  INFO herdr::logging: tab focused event="tab.focus" subsystem="tab" outcome="ok" workspace_id="w5" tab_id="w5:t1"
2026-09-01T06:53:34.356458Z  INFO herdr::logging: workspace focused event="workspace.focus" subsystem="workspace" outcome="ok" workspace_id="w6"
2026-09-01T06:53:34.356565Z  INFO herdr::logging: tab focused event="tab.focus" subsystem="tab" outcome="ok" workspace_id="w6" tab_id="w6:t1"
2026-09-01T06:53:35.314557Z  INFO herdr::logging: workspace focused event="workspace.focus" subsystem="workspace" outcome="ok" workspace_id="w7"
2026-09-01T06:53:35.314583Z  INFO herdr::logging: tab focused event="tab.focus" subsystem="tab" outcome="ok" workspace_id="w7" tab_id="w7:t1"
2026-09-01T06:53:35.760460Z  INFO herdr::logging: workspace focused event="workspace.focus" subsystem="workspace" outcome="ok" workspace_id="w5"
2026-09-01T06:53:35.760500Z  INFO herdr::logging: tab focused event="tab.focus" subsystem="tab" outcome="ok" workspace_id="w5" tab_id="w5:t1"
2026-09-01T06:53:36.490324Z  INFO herdr::logging: workspace focused event="workspace.focus" subsystem="workspace" outcome="ok" workspace_id="w7"
2026-09-01T06:53:36.490491Z  INFO herdr::logging: tab focused event="tab.focus" subsystem="tab" outcome="ok" workspace_id="w7" tab_id="w7:t1"
2026-09-01T06:53:36.993651Z  INFO herdr::logging: workspace focused event="workspace.focus" subsystem="workspace" outcome="ok" workspace_id="w6"
2026-09-01T06:53:36.993837Z  INFO herdr::logging: tab focused event="tab.focus" subsystem="tab" outcome="ok" workspace_id="w6" tab_id="w6:t1"
2026-09-01T06:53:37.762640Z  INFO herdr::logging: workspace focused event="workspace.focus" subsystem="workspace" outcome="ok" workspace_id="w5"
2026-09-01T06:53:37.762795Z  INFO herdr::logging: tab focused event="tab.focus" subsystem="tab" outcome="ok" workspace_id="w5" tab_id="w5:t1"
2026-09-01T06:53:38.407094Z  INFO herdr::logging: workspace focused event="workspace.focus" subsystem="workspace" outcome="ok" workspace_id="w6"
2026-09-01T06:53:38.407230Z  INFO herdr::logging: tab focused event="tab.focus" subsystem="tab" outcome="ok" workspace_id="w6" tab_id="w6:t1"
2026-09-01T06:53:39.189358Z  INFO herdr::logging: workspace focused event="workspace.focus" subsystem="workspace" outcome="ok" workspace_id="w7"
2026-09-01T06:53:39.189703Z  INFO herdr::logging: tab focused event="tab.focus" subsystem="tab" outcome="ok" workspace_id="w7" tab_id="w7:t1"
2026-09-01T06:53:43.160651Z  INFO herdr::logging: workspace focused event="workspace.focus" subsystem="workspace" outcome="ok" workspace_id="w5"
2026-09-01T06:53:43.160791Z  INFO herdr::logging: tab focused event="tab.focus" subsystem="tab" outcome="ok" workspace_id="w5" tab_id="w5:t1"
2026-09-01T06:53:43.521014Z  INFO herdr::logging: workspace focused event="workspace.focus" subsystem="workspace" outcome="ok" workspace_id="w7"
2026-09-01T06:53:43.521211Z  INFO herdr::logging: tab focused event="tab.focus" subsystem="tab" outcome="ok" workspace_id="w7" tab_id="w7:t1"
2026-09-01T06:53:44.349800Z  INFO herdr::logging: workspace focused event="workspace.focus" subsystem="workspace" outcome="ok" workspace_id="w5"
2026-09-01T06:53:44.349943Z  INFO herdr::logging: tab focused event="tab.focus" subsystem="tab" outcome="ok" workspace_id="w5" tab_id="w5:t1"
2026-09-01T06:53:46.006672Z  INFO herdr::logging: workspace focused event="workspace.focus" subsystem="workspace" outcome="ok" workspace_id="w7"
2026-09-01T06:53:46.006829Z  INFO herdr::logging: tab focused event="tab.focus" subsystem="tab" outcome="ok" workspace_id="w7" tab_id="w7:t1"
2026-09-01T06:53:49.256641Z  INFO herdr::logging: workspace focused event="workspace.focus" subsystem="workspace" outcome="ok" workspace_id="w6"
2026-09-01T06:53:49.256783Z  INFO herdr::logging: tab focused event="tab.focus" subsystem="tab" outcome="ok" workspace_id="w6" tab_id="w6:t1"
2026-09-01T06:53:49.634033Z  INFO herdr::logging: workspace focused event="workspace.focus" subsystem="workspace" outcome="ok" workspace_id="w7"
2026-09-01T06:53:49.634269Z  INFO herdr::logging: tab focused event="tab.focus" subsystem="tab" outcome="ok" workspace_id="w7" tab_id="w7:t1"
2026-09-01T06:53:50.131008Z  INFO herdr::logging: workspace focused event="workspace.focus" subsystem="workspace" outcome="ok" workspace_id="w6"
2026-09-01T06:53:50.131144Z  INFO herdr::logging: tab focused event="tab.focus" subsystem="tab" outcome="ok" workspace_id="w6" tab_id="w6:t1"
2026-09-01T06:53:50.701456Z  INFO herdr::logging: workspace focused event="workspace.focus" subsystem="workspace" outcome="ok" workspace_id="w7"
2026-09-01T06:53:50.701601Z  INFO herdr::logging: tab focused event="tab.focus" subsystem="tab" outcome="ok" workspace_id="w7" tab_id="w7:t1"
2026-09-01T06:53:51.155228Z  INFO herdr::logging: workspace focused event="workspace.focus" subsystem="workspace" outcome="ok" workspace_id="w5"
2026-09-01T06:53:51.155372Z  INFO herdr::logging: tab focused event="tab.focus" subsystem="tab" outcome="ok" workspace_id="w5" tab_id="w5:t1"
2026-09-01T06:53:51.840996Z  INFO herdr::logging: workspace focused event="workspace.focus" subsystem="workspace" outcome="ok" workspace_id="w7"
2026-09-01T06:53:51.841140Z  INFO herdr::logging: tab focused event="tab.focus" subsystem="tab" outcome="ok" workspace_id="w7" tab_id="w7:t1"
2026-09-01T06:53:55.431276Z  INFO herdr::logging: workspace focused event="workspace.focus" subsystem="workspace" outcome="ok" workspace_id="w6"
2026-09-01T06:53:55.431333Z  INFO herdr::logging: tab focused event="tab.focus" subsystem="tab" outcome="ok" workspace_id="w6" tab_id="w6:t1"
2026-09-01T06:53:55.858153Z  INFO herdr::logging: workspace focused event="workspace.focus" subsystem="workspace" outcome="ok" workspace_id="w7"
2026-09-01T06:53:55.858498Z  INFO herdr::logging: tab focused event="tab.focus" subsystem="tab" outcome="ok" workspace_id="w7" tab_id="w7:t1"
2026-09-01T06:53:59.172376Z  INFO herdr::logging: workspace focused event="workspace.focus" subsystem="workspace" outcome="ok" workspace_id="w5"
2026-09-01T06:53:59.172525Z  INFO herdr::logging: tab focused event="tab.focus" subsystem="tab" outcome="ok" workspace_id="w5" tab_id="w5:t1"
2026-09-01T06:53:59.627277Z  INFO herdr::logging: workspace focused event="workspace.focus" subsystem="workspace" outcome="ok" workspace_id="w7"
2026-09-01T06:53:59.627400Z  INFO herdr::logging: tab focused event="tab.focus" subsystem="tab" outcome="ok" workspace_id="w7" tab_id="w7:t1"
2026-09-01T06:54:00.092399Z  INFO herdr::logging: workspace focused event="workspace.focus" subsystem="workspace" outcome="ok" workspace_id="w5"
2026-09-01T06:54:00.092537Z  INFO herdr::logging: tab focused event="tab.focus" subsystem="tab" outcome="ok" workspace_id="w5" tab_id="w5:t1"
2026-09-01T06:54:00.546033Z  INFO herdr::logging: workspace focused event="workspace.focus" subsystem="workspace" outcome="ok" workspace_id="w7"
2026-09-01T06:54:00.546174Z  INFO herdr::logging: tab focused event="tab.focus" subsystem="tab" outcome="ok" workspace_id="w7" tab_id="w7:t1"
2026-09-01T06:54:02.422923Z  INFO herdr::logging: workspace focused event="workspace.focus" subsystem="workspace" outcome="ok" workspace_id="w5"
2026-09-01T06:54:02.423240Z  INFO herdr::logging: tab focused event="tab.focus" subsystem="tab" outcome="ok" workspace_id="w5" tab_id="w5:t1"
2026-09-01T06:54:02.897102Z  INFO herdr::logging: workspace focused event="workspace.focus" subsystem="workspace" outcome="ok" workspace_id="w7"
2026-09-01T06:54:02.897253Z  INFO herdr::logging: tab focused event="tab.focus" subsystem="tab" outcome="ok" workspace_id="w7" tab_id="w7:t1"
2026-09-01T06:54:08.110758Z  INFO herdr::logging: workspace focused event="workspace.focus" subsystem="workspace" outcome="ok" workspace_id="w5"
2026-09-01T06:54:08.110824Z  INFO herdr::logging: tab focused event="tab.focus" subsystem="tab" outcome="ok" workspace_id="w5" tab_id="w5:t1"
2026-09-01T06:54:08.550500Z  INFO herdr::logging: workspace focused event="workspace.focus" subsystem="workspace" outcome="ok" workspace_id="w7"
2026-09-01T06:54:08.550623Z  INFO herdr::logging: tab focused event="tab.focus" subsystem="tab" outcome="ok" workspace_id="w7" tab_id="w7:t1"
2026-09-01T06:54:08.955944Z  INFO herdr::logging: workspace focused event="workspace.focus" subsystem="workspace" outcome="ok" workspace_id="w6"
2026-09-01T06:54:08.956078Z  INFO herdr::logging: tab focused event="tab.focus" subsystem="tab" outcome="ok" workspace_id="w6" tab_id="w6:t1"
2026-09-01T06:54:09.411718Z  INFO herdr::logging: workspace focused event="workspace.focus" subsystem="workspace" outcome="ok" workspace_id="w7"
2026-09-01T06:54:09.411853Z  INFO herdr::logging: tab focused event="tab.focus" subsystem="tab" outcome="ok" workspace_id="w7" tab_id="w7:t1"
2026-09-01T06:54:09.725833Z  INFO herdr::logging: workspace focused event="workspace.focus" subsystem="workspace" outcome="ok" workspace_id="w5"
2026-09-01T06:54:09.726080Z  INFO herdr::logging: tab focused event="tab.focus" subsystem="tab" outcome="ok" workspace_id="w5" tab_id="w5:t1"
2026-09-01T06:54:10.099685Z  INFO herdr::logging: workspace focused event="workspace.focus" subsystem="workspace" outcome="ok" workspace_id="w7"
2026-09-01T06:54:10.099755Z  INFO herdr::logging: tab focused event="tab.focus" subsystem="tab" outcome="ok" workspace_id="w7" tab_id="w7:t1"
2026-09-01T06:54:10.408467Z  INFO herdr::logging: workspace focused event="workspace.focus" subsystem="workspace" outcome="ok" workspace_id="w6"
2026-09-01T06:54:10.408620Z  INFO herdr::logging: tab focused event="tab.focus" subsystem="tab" outcome="ok" workspace_id="w6" tab_id="w6:t1"
2026-09-01T06:54:11.051102Z  INFO herdr::logging: workspace focused event="workspace.focus" subsystem="workspace" outcome="ok" workspace_id="w5"
2026-09-01T06:54:11.051241Z  INFO herdr::logging: tab focused event="tab.focus" subsystem="tab" outcome="ok" workspace_id="w5" tab_id="w5:t1"
2026-09-01T06:54:12.769875Z  INFO herdr::logging: workspace focused event="workspace.focus" subsystem="workspace" outcome="ok" workspace_id="w4"
2026-09-01T06:54:12.770037Z  INFO herdr::logging: tab focused event="tab.focus" subsystem="tab" outcome="ok" workspace_id="w4" tab_id="w4:t1"
2026-09-01T06:54:14.337611Z  INFO herdr::logging: workspace focused event="workspace.focus" subsystem="workspace" outcome="ok" workspace_id="w5"
2026-09-01T06:54:14.337772Z  INFO herdr::logging: tab focused event="tab.focus" subsystem="tab" outcome="ok" workspace_id="w5" tab_id="w5:t1"
2026-09-01T06:54:14.791863Z  INFO herdr::logging: workspace focused event="workspace.focus" subsystem="workspace" outcome="ok" workspace_id="w7"
2026-09-01T06:54:14.792038Z  INFO herdr::logging: tab focused event="tab.focus" subsystem="tab" outcome="ok" workspace_id="w7" tab_id="w7:t1"
2026-09-01T06:54:15.368361Z  INFO herdr::logging: workspace focused event="workspace.focus" subsystem="workspace" outcome="ok" workspace_id="w5"
2026-09-01T06:54:15.368517Z  INFO herdr::logging: tab focused event="tab.focus" subsystem="tab" outcome="ok" workspace_id="w5" tab_id="w5:t1"
2026-09-01T06:54:20.392384Z  INFO herdr::logging: session saved event="persist.save" subsystem="persist" outcome="ok" path=/Users/wqin/.config/herdr/session.json workspaces=4
2026-09-01T07:08:46.428757Z  INFO herdr::server::headless: client resize client_id=2 cols=238 rows=55 cell_width_px=0 cell_height_px=0
2026-09-01T07:08:46.518416Z  INFO herdr::server::headless: client resize client_id=2 cols=238 rows=55 cell_width_px=0 cell_height_px=0
2026-09-01T07:08:47.303804Z  INFO herdr::server::headless: client resize client_id=2 cols=198 rows=60 cell_width_px=0 cell_height_px=0
2026-09-01T07:08:47.463825Z  INFO herdr::server::headless: client resize client_id=2 cols=198 rows=60 cell_width_px=0 cell_height_px=0
2026-09-01T07:08:48.202973Z  INFO herdr::server::headless: client resize client_id=2 cols=224 rows=52 cell_width_px=0 cell_height_px=0
2026-09-01T07:08:50.383740Z  INFO herdr::server::headless: client resize client_id=2 cols=198 rows=60 cell_width_px=0 cell_height_px=0
2026-09-01T07:08:50.493710Z  INFO herdr::server::headless: client resize client_id=2 cols=198 rows=60 cell_width_px=0 cell_height_px=0
2026-09-01T07:08:50.800746Z  INFO herdr::server::headless: client resize client_id=2 cols=198 rows=60 cell_width_px=0 cell_height_px=0
2026-09-01T07:08:51.929892Z  INFO herdr::server::headless: client resize client_id=2 cols=186 rows=54 cell_width_px=0 cell_height_px=0
2026-09-01T07:08:52.030349Z  INFO herdr::server::headless: client resize client_id=2 cols=224 rows=52 cell_width_px=0 cell_height_px=0
2026-09-01T07:24:52.916569Z  INFO herdr::logging: checking for updates event="update.check.start" subsystem="update" outcome="started"
2026-09-01T07:28:32.378965Z  INFO herdr::server::headless: client resize client_id=2 cols=238 rows=55 cell_width_px=0 cell_height_px=0
2026-09-01T07:28:33.353284Z  INFO herdr::server::headless: client resize client_id=2 cols=198 rows=60 cell_width_px=0 cell_height_px=0
2026-09-01T07:28:33.454308Z  INFO herdr::server::headless: client resize client_id=2 cols=198 rows=60 cell_width_px=0 cell_height_px=0
2026-09-01T07:28:34.220350Z  INFO herdr::server::headless: client resize client_id=2 cols=224 rows=52 cell_width_px=0 cell_height_px=0
2026-09-01T07:28:36.459160Z  INFO herdr::server::headless: client resize client_id=2 cols=198 rows=60 cell_width_px=0 cell_height_px=0
2026-09-01T07:28:37.951944Z  INFO herdr::server::headless: client resize client_id=2 cols=224 rows=52 cell_width_px=0 cell_height_px=0
2026-09-01T07:38:53.717675Z  INFO herdr::server::headless: client resize client_id=2 cols=238 rows=55 cell_width_px=0 cell_height_px=0
2026-09-01T07:38:54.572505Z  INFO herdr::server::headless: client resize client_id=2 cols=198 rows=60 cell_width_px=0 cell_height_px=0
2026-09-01T07:38:55.366896Z  INFO herdr::server::headless: client resize client_id=2 cols=224 rows=52 cell_width_px=0 cell_height_px=0
2026-09-01T07:38:55.546674Z  INFO herdr::server::headless: client resize client_id=2 cols=224 rows=52 cell_width_px=0 cell_height_px=0
2026-09-01T07:38:56.314019Z  INFO herdr::server::headless: client resize client_id=2 cols=198 rows=60 cell_width_px=0 cell_height_px=0
2026-09-01T07:38:57.077919Z  INFO herdr::server::headless: client resize client_id=2 cols=224 rows=52 cell_width_px=0 cell_height_px=0
2026-09-01T07:38:57.150352Z  INFO herdr::server::headless: client resize client_id=2 cols=224 rows=52 cell_width_px=0 cell_height_px=0
2026-09-01T07:55:17.593296Z  INFO herdr::logging: checking for updates event="update.check.start" subsystem="update" outcome="started"
2026-09-01T07:58:08.018714Z  INFO herdr::logging: workspace focused event="workspace.focus" subsystem="workspace" outcome="ok" workspace_id="w7"
2026-09-01T07:58:08.018862Z  INFO herdr::logging: tab focused event="tab.focus" subsystem="tab" outcome="ok" workspace_id="w7" tab_id="w7:t1"
2026-09-01T07:58:08.608862Z  INFO herdr::logging: workspace focused event="workspace.focus" subsystem="workspace" outcome="ok" workspace_id="w5"
2026-09-01T07:58:08.609025Z  INFO herdr::logging: tab focused event="tab.focus" subsystem="tab" outcome="ok" workspace_id="w5" tab_id="w5:t1"
2026-09-01T07:58:10.879528Z  INFO herdr::logging: tab focused event="tab.focus" subsystem="tab" outcome="ok" workspace_id="w5" tab_id="w5:t1"
2026-09-01T07:58:13.283290Z  INFO herdr::pane: agent changed pane=5 previous_agent=None agent=Some(Codex) process=codex pgid=Some(60752)
2026-09-01T07:58:15.888584Z  INFO herdr::logging: session saved event="persist.save" subsystem="persist" outcome="ok" path=/Users/wqin/.config/herdr/session.json workspaces=4
2026-09-01T07:58:37.469233Z  INFO herdr::logging: tab focused event="tab.focus" subsystem="tab" outcome="ok" workspace_id="w5" tab_id="w5:t1"
2026-09-01T07:58:42.493327Z  INFO herdr::logging: session saved event="persist.save" subsystem="persist" outcome="ok" path=/Users/wqin/.config/herdr/session.json workspaces=4
2026-09-01T08:00:17.537783Z  INFO herdr::logging: tab focused event="tab.focus" subsystem="tab" outcome="ok" workspace_id="w5" tab_id="w5:t1"
2026-09-01T08:00:22.563566Z  INFO herdr::logging: session saved event="persist.save" subsystem="persist" outcome="ok" path=/Users/wqin/.config/herdr/session.json workspaces=4
2026-09-01T08:07:53.674796Z  INFO herdr::logging: tab focused event="tab.focus" subsystem="tab" outcome="ok" workspace_id="w5" tab_id="w5:t1"
2026-09-01T08:07:58.695278Z  INFO herdr::logging: session saved event="persist.save" subsystem="persist" outcome="ok" path=/Users/wqin/.config/herdr/session.json workspaces=4
2026-09-01T08:13:23.309932Z  INFO herdr::logging: tab focused event="tab.focus" subsystem="tab" outcome="ok" workspace_id="w5" tab_id="w5:t1"
2026-09-01T08:13:28.332052Z  INFO herdr::logging: session saved event="persist.save" subsystem="persist" outcome="ok" path=/Users/wqin/.config/herdr/session.json workspaces=4
2026-09-01T08:13:28.505341Z  INFO herdr::pane: agent changed pane=5 previous_agent=Some(Codex) agent=None pgid=Some(67267)
2026-09-01T08:14:49.029040Z  INFO herdr::logging: tab focused event="tab.focus" subsystem="tab" outcome="ok" workspace_id="w5" tab_id="w5:t1"
2026-09-01T08:14:54.047826Z  INFO herdr::logging: session saved event="persist.save" subsystem="persist" outcome="ok" path=/Users/wqin/.config/herdr/session.json workspaces=4
2026-09-01T08:15:00.440282Z  INFO herdr::logging: tab focused event="tab.focus" subsystem="tab" outcome="ok" workspace_id="w5" tab_id="w5:t1"
2026-09-01T08:15:01.662719Z  INFO herdr::app::actions: copied selection to clipboard
2026-09-01T08:15:05.463335Z  INFO herdr::logging: session saved event="persist.save" subsystem="persist" outcome="ok" path=/Users/wqin/.config/herdr/session.json workspaces=4
2026-09-01T08:19:10.948620Z  INFO herdr::logging: tab focused event="tab.focus" subsystem="tab" outcome="ok" workspace_id="w5" tab_id="w5:t1"
2026-09-01T08:19:15.973906Z  INFO herdr::logging: session saved event="persist.save" subsystem="persist" outcome="ok" path=/Users/wqin/.config/herdr/session.json workspaces=4
2026-09-01T08:25:17.584693Z  INFO herdr::logging: checking for updates event="update.check.start" subsystem="update" outcome="started"
2026-09-01T08:46:53.515431Z  INFO herdr::logging: tab focused event="tab.focus" subsystem="tab" outcome="ok" workspace_id="w5" tab_id="w5:t1"
2026-09-01T08:46:58.552131Z  INFO herdr::logging: session saved event="persist.save" subsystem="persist" outcome="ok" path=/Users/wqin/.config/herdr/session.json workspaces=4
2026-09-01T08:47:01.017743Z  INFO herdr::logging: workspace focused event="workspace.focus" subsystem="workspace" outcome="ok" workspace_id="w6"
2026-09-01T08:47:01.017888Z  INFO herdr::logging: tab focused event="tab.focus" subsystem="tab" outcome="ok" workspace_id="w6" tab_id="w6:t1"
2026-09-01T08:47:03.609677Z  INFO herdr::logging: tab focused event="tab.focus" subsystem="tab" outcome="ok" workspace_id="w6" tab_id="w6:t1"
2026-09-01T08:47:05.723548Z  INFO herdr::pane: agent changed pane=8 previous_agent=None agent=Some(Codex) process=codex pgid=Some(18581)
2026-09-01T08:47:08.620232Z  INFO herdr::logging: session saved event="persist.save" subsystem="persist" outcome="ok" path=/Users/wqin/.config/herdr/session.json workspaces=4
2026-09-01T08:51:42.751959Z  INFO herdr::logging: workspace focused event="workspace.focus" subsystem="workspace" outcome="ok" workspace_id="w7"
2026-09-01T08:51:42.752149Z  INFO herdr::logging: tab focused event="tab.focus" subsystem="tab" outcome="ok" workspace_id="w7" tab_id="w7:t1"
2026-09-01T08:51:43.952585Z  INFO herdr::logging: workspace focused event="workspace.focus" subsystem="workspace" outcome="ok" workspace_id="w6"
2026-09-01T08:51:43.952726Z  INFO herdr::logging: tab focused event="tab.focus" subsystem="tab" outcome="ok" workspace_id="w6" tab_id="w6:t1"
2026-09-01T08:51:45.640266Z  INFO herdr::logging: workspace focused event="workspace.focus" subsystem="workspace" outcome="ok" workspace_id="w5"
2026-09-01T08:51:45.640407Z  INFO herdr::logging: tab focused event="tab.focus" subsystem="tab" outcome="ok" workspace_id="w5" tab_id="w5:t1"
2026-09-01T08:51:50.665900Z  INFO herdr::logging: session saved event="persist.save" subsystem="persist" outcome="ok" path=/Users/wqin/.config/herdr/session.json workspaces=4
2026-09-01T08:55:17.550595Z  INFO herdr::logging: checking for updates event="update.check.start" subsystem="update" outcome="started"
2026-09-01T09:25:17.579885Z  INFO herdr::logging: checking for updates event="update.check.start" subsystem="update" outcome="started"
2026-09-01T09:55:17.583067Z  INFO herdr::logging: checking for updates event="update.check.start" subsystem="update" outcome="started"
2026-09-01T10:12:11.520412Z  INFO herdr::app::actions: copied selection to clipboard
2026-09-01T10:12:54.760262Z  INFO herdr::app::actions: copied selection to clipboard
2026-09-01T10:13:49.533205Z  INFO herdr::app::actions: copied selection to clipboard
2026-09-01T10:15:46.235586Z  INFO herdr::app::actions: copied selection to clipboard
2026-09-01T10:23:27.174106Z  INFO herdr::app::actions: copied selection to clipboard
2026-09-01T10:25:01.693585Z  INFO herdr::app::actions: copied selection to clipboard
2026-09-01T10:25:17.633707Z  INFO herdr::logging: checking for updates event="update.check.start" subsystem="update" outcome="started"
2026-09-01T10:29:34.763085Z  INFO herdr::app::actions: copied selection to clipboard
2026-09-01T10:29:36.790004Z  INFO herdr::app::actions: copied selection to clipboard
2026-09-01T10:34:13.801791Z  INFO herdr::app::actions: copied selection to clipboard
2026-09-01T10:35:47.010878Z  INFO herdr::app::actions: copied selection to clipboard
2026-09-01T10:36:35.186595Z  INFO herdr::app::actions: copied selection to clipboard
2026-09-01T10:37:15.193772Z  INFO herdr::app::actions: copied selection to clipboard
2026-09-01T10:37:55.701101Z  INFO herdr::app::actions: copied selection to clipboard
2026-09-01T10:42:59.252015Z  INFO herdr::app::actions: copied selection to clipboard
2026-09-01T10:43:07.473718Z  INFO herdr::app::actions: copied selection to clipboard
2026-09-01T10:43:28.017596Z  INFO herdr::app::actions: copied selection to clipboard
2026-09-01T10:55:17.625085Z  INFO herdr::logging: checking for updates event="update.check.start" subsystem="update" outcome="started"
2026-09-01T11:25:17.581782Z  INFO herdr::logging: checking for updates event="update.check.start" subsystem="update" outcome="started"
2026-09-01T11:33:42.423755Z  INFO herdr::app::actions: copied selection to clipboard
2026-09-01T11:34:08.706860Z  INFO herdr::app::actions: copied selection to clipboard
2026-09-01T11:34:12.150041Z  INFO herdr::app::actions: copied selection to clipboard
2026-09-01T11:51:58.063098Z  INFO herdr::app::actions: copied selection to clipboard
2026-09-01T11:55:17.560239Z  INFO herdr::logging: checking for updates event="update.check.start" subsystem="update" outcome="started"
2026-09-01T11:56:45.549317Z  INFO herdr::app::actions: copied selection to clipboard
2026-09-01T11:58:06.681422Z  INFO herdr::app::actions: copied selection to clipboard
2026-09-01T11:58:30.251969Z  INFO herdr::app::actions: copied selection to clipboard
2026-09-01T12:01:56.732586Z  INFO herdr::app::actions: copied selection to clipboard
2026-09-01T12:15:01.056596Z  INFO herdr::logging: tab focused event="tab.focus" subsystem="tab" outcome="ok" workspace_id="w5" tab_id="w5:t1"
2026-09-01T12:15:06.076894Z  INFO herdr::logging: session saved event="persist.save" subsystem="persist" outcome="ok" path=/Users/wqin/.config/herdr/session.json workspaces=4
2026-09-01T12:15:08.636721Z  INFO herdr::pane: agent changed pane=5 previous_agent=None agent=Some(Codex) process=codex pgid=Some(24319)
2026-09-01T12:19:44.124614Z  INFO herdr::logging: tab focused event="tab.focus" subsystem="tab" outcome="ok" workspace_id="w5" tab_id="w5:t1"
2026-09-01T12:19:47.977017Z  INFO herdr::pane: agent changed pane=5 previous_agent=Some(Codex) agent=None pgid=Some(67267)
2026-09-01T12:19:49.156879Z  INFO herdr::logging: session saved event="persist.save" subsystem="persist" outcome="ok" path=/Users/wqin/.config/herdr/session.json workspaces=4
2026-09-01T12:22:00.456996Z  INFO herdr::logging: tab focused event="tab.focus" subsystem="tab" outcome="ok" workspace_id="w5" tab_id="w5:t1"
2026-09-01T12:22:05.482415Z  INFO herdr::logging: session saved event="persist.save" subsystem="persist" outcome="ok" path=/Users/wqin/.config/herdr/session.json workspaces=4
2026-09-01T12:22:12.673553Z  INFO herdr::logging: tab focused event="tab.focus" subsystem="tab" outcome="ok" workspace_id="w5" tab_id="w5:t1"
2026-09-01T12:22:15.243935Z  INFO herdr::app::actions: copied selection to clipboard
2026-09-01T12:22:17.698888Z  INFO herdr::logging: session saved event="persist.save" subsystem="persist" outcome="ok" path=/Users/wqin/.config/herdr/session.json workspaces=4
2026-09-01T12:24:02.802366Z  INFO herdr::app::actions: copied selection to clipboard
2026-09-01T12:25:17.530095Z  INFO herdr::logging: checking for updates event="update.check.start" subsystem="update" outcome="started"
2026-09-01T12:25:38.545513Z  INFO herdr::app::actions: copied selection to clipboard
2026-09-01T12:27:52.870162Z  INFO herdr::app::actions: copied double-clicked token to clipboard
2026-09-01T12:53:20.024039Z  INFO herdr::logging: workspace focused event="workspace.focus" subsystem="workspace" outcome="ok" workspace_id="w6"
2026-09-01T12:53:20.025747Z  INFO herdr::logging: tab focused event="tab.focus" subsystem="tab" outcome="ok" workspace_id="w6" tab_id="w6:t1"
2026-09-01T12:53:20.530471Z  INFO herdr::logging: tab focused event="tab.focus" subsystem="tab" outcome="ok" workspace_id="w6" tab_id="w6:t1"
2026-09-01T12:53:21.442010Z  INFO herdr::logging: workspace focused event="workspace.focus" subsystem="workspace" outcome="ok" workspace_id="w5"
2026-09-01T12:53:21.442099Z  INFO herdr::logging: tab focused event="tab.focus" subsystem="tab" outcome="ok" workspace_id="w5" tab_id="w5:t1"
2026-09-01T12:53:21.808030Z  INFO herdr::logging: workspace focused event="workspace.focus" subsystem="workspace" outcome="ok" workspace_id="w4"
2026-09-01T12:53:21.808183Z  INFO herdr::logging: tab focused event="tab.focus" subsystem="tab" outcome="ok" workspace_id="w4" tab_id="w4:t1"
2026-09-01T12:53:25.092486Z  INFO herdr::pane: agent changed pane=2 previous_agent=None agent=Some(Codex) process=codex pgid=Some(73520)
2026-09-01T12:53:26.818315Z  INFO herdr::logging: session saved event="persist.save" subsystem="persist" outcome="ok" path=/Users/wqin/.config/herdr/session.json workspaces=4
2026-09-01T12:55:17.585960Z  INFO herdr::logging: checking for updates event="update.check.start" subsystem="update" outcome="started"
2026-09-01T12:57:53.212100Z  INFO herdr::logging: workspace focused event="workspace.focus" subsystem="workspace" outcome="ok" workspace_id="w5"
2026-09-01T12:57:53.213147Z  INFO herdr::logging: tab focused event="tab.focus" subsystem="tab" outcome="ok" workspace_id="w5" tab_id="w5:t1"
2026-09-01T12:57:58.253173Z  INFO herdr::logging: session saved event="persist.save" subsystem="persist" outcome="ok" path=/Users/wqin/.config/herdr/session.json workspaces=4
2026-09-01T13:04:54.422547Z  INFO herdr::logging: workspace focused event="workspace.focus" subsystem="workspace" outcome="ok" workspace_id="w4"
2026-09-01T13:04:54.425528Z  INFO herdr::logging: tab focused event="tab.focus" subsystem="tab" outcome="ok" workspace_id="w4" tab_id="w4:t1"
2026-09-01T13:04:59.454905Z  INFO herdr::logging: session saved event="persist.save" subsystem="persist" outcome="ok" path=/Users/wqin/.config/herdr/session.json workspaces=4
2026-09-01T13:06:27.561759Z  INFO herdr::logging: workspace focused event="workspace.focus" subsystem="workspace" outcome="ok" workspace_id="w5"
2026-09-01T13:06:27.563526Z  INFO herdr::logging: tab focused event="tab.focus" subsystem="tab" outcome="ok" workspace_id="w5" tab_id="w5:t1"
2026-09-01T13:06:32.588981Z  INFO herdr::logging: session saved event="persist.save" subsystem="persist" outcome="ok" path=/Users/wqin/.config/herdr/session.json workspaces=4
2026-09-01T13:06:32.906240Z  INFO herdr::app::actions: copied selection to clipboard
2026-09-01T13:06:54.169548Z  INFO herdr::app::actions: copied selection to clipboard
2026-09-01T13:07:01.335473Z  INFO herdr::pane: agent changed pane=4 previous_agent=Some(Codex) agent=None pgid=Some(67266)
2026-09-01T13:10:47.000972Z  INFO herdr::logging: workspace focused event="workspace.focus" subsystem="workspace" outcome="ok" workspace_id="w4"
2026-09-01T13:10:47.002595Z  INFO herdr::logging: tab focused event="tab.focus" subsystem="tab" outcome="ok" workspace_id="w4" tab_id="w4:t1"
2026-09-01T13:10:52.038377Z  INFO herdr::logging: session saved event="persist.save" subsystem="persist" outcome="ok" path=/Users/wqin/.config/herdr/session.json workspaces=4
2026-09-01T13:11:42.907093Z  INFO herdr::app::actions: copied selection to clipboard
2026-09-01T13:11:58.401208Z  INFO herdr::logging: workspace focused event="workspace.focus" subsystem="workspace" outcome="ok" workspace_id="w7"
2026-09-01T13:11:58.401564Z  INFO herdr::logging: tab focused event="tab.focus" subsystem="tab" outcome="ok" workspace_id="w7" tab_id="w7:t1"
2026-09-01T13:11:59.891130Z  INFO herdr::logging: workspace focused event="workspace.focus" subsystem="workspace" outcome="ok" workspace_id="w5"
2026-09-01T13:11:59.891232Z  INFO herdr::logging: tab focused event="tab.focus" subsystem="tab" outcome="ok" workspace_id="w5" tab_id="w5:t1"
2026-09-01T13:12:03.628339Z  INFO herdr::pane: agent changed pane=4 previous_agent=None agent=Some(Codex) process=codex pgid=Some(1893)
2026-09-01T13:12:04.915904Z  INFO herdr::logging: session saved event="persist.save" subsystem="persist" outcome="ok" path=/Users/wqin/.config/herdr/session.json workspaces=4
2026-09-01T13:13:41.270857Z  INFO herdr::logging: workspace focused event="workspace.focus" subsystem="workspace" outcome="ok" workspace_id="w4"
2026-09-01T13:13:41.272906Z  INFO herdr::logging: tab focused event="tab.focus" subsystem="tab" outcome="ok" workspace_id="w4" tab_id="w4:t1"
2026-09-01T13:13:45.297083Z  INFO herdr::logging: workspace focused event="workspace.focus" subsystem="workspace" outcome="ok" workspace_id="w5"
2026-09-01T13:13:45.297223Z  INFO herdr::logging: tab focused event="tab.focus" subsystem="tab" outcome="ok" workspace_id="w5" tab_id="w5:t1"
2026-09-01T13:13:50.324118Z  INFO herdr::logging: session saved event="persist.save" subsystem="persist" outcome="ok" path=/Users/wqin/.config/herdr/session.json workspaces=4
2026-09-01T13:18:48.837045Z  INFO herdr::logging: workspace focused event="workspace.focus" subsystem="workspace" outcome="ok" workspace_id="w4"
2026-09-01T13:18:48.838048Z  INFO herdr::logging: tab focused event="tab.focus" subsystem="tab" outcome="ok" workspace_id="w4" tab_id="w4:t1"
2026-09-01T13:18:49.683196Z  INFO herdr::logging: workspace focused event="workspace.focus" subsystem="workspace" outcome="ok" workspace_id="w5"
2026-09-01T13:18:49.683334Z  INFO herdr::logging: tab focused event="tab.focus" subsystem="tab" outcome="ok" workspace_id="w5" tab_id="w5:t1"
2026-09-01T13:18:50.558377Z  INFO herdr::logging: workspace focused event="workspace.focus" subsystem="workspace" outcome="ok" workspace_id="w4"
2026-09-01T13:18:50.558509Z  INFO herdr::logging: tab focused event="tab.focus" subsystem="tab" outcome="ok" workspace_id="w4" tab_id="w4:t1"
2026-09-01T13:18:55.586466Z  INFO herdr::logging: session saved event="persist.save" subsystem="persist" outcome="ok" path=/Users/wqin/.config/herdr/session.json workspaces=4
2026-09-01T13:20:06.496542Z  INFO herdr::logging: workspace focused event="workspace.focus" subsystem="workspace" outcome="ok" workspace_id="w5"
2026-09-01T13:20:06.496987Z  INFO herdr::logging: tab focused event="tab.focus" subsystem="tab" outcome="ok" workspace_id="w5" tab_id="w5:t1"
2026-09-01T13:20:11.525373Z  INFO herdr::logging: session saved event="persist.save" subsystem="persist" outcome="ok" path=/Users/wqin/.config/herdr/session.json workspaces=4
2026-09-01T13:20:33.050552Z  INFO herdr::logging: workspace focused event="workspace.focus" subsystem="workspace" outcome="ok" workspace_id="w4"
2026-09-01T13:20:33.051567Z  INFO herdr::logging: tab focused event="tab.focus" subsystem="tab" outcome="ok" workspace_id="w4" tab_id="w4:t1"
2026-09-01T13:20:38.062826Z  INFO herdr::logging: session saved event="persist.save" subsystem="persist" outcome="ok" path=/Users/wqin/.config/herdr/session.json workspaces=4
2026-09-01T13:24:19.275655Z  INFO herdr::logging: workspace focused event="workspace.focus" subsystem="workspace" outcome="ok" workspace_id="w5"
2026-09-01T13:24:19.277710Z  INFO herdr::logging: tab focused event="tab.focus" subsystem="tab" outcome="ok" workspace_id="w5" tab_id="w5:t1"
2026-09-01T13:24:24.308089Z  INFO herdr::logging: session saved event="persist.save" subsystem="persist" outcome="ok" path=/Users/wqin/.config/herdr/session.json workspaces=4
2026-09-01T13:25:17.574150Z  INFO herdr::logging: checking for updates event="update.check.start" subsystem="update" outcome="started"
2026-09-01T13:26:24.081932Z  INFO herdr::logging: workspace focused event="workspace.focus" subsystem="workspace" outcome="ok" workspace_id="w4"
2026-09-01T13:26:24.083028Z  INFO herdr::logging: tab focused event="tab.focus" subsystem="tab" outcome="ok" workspace_id="w4" tab_id="w4:t1"
2026-09-01T13:26:29.111641Z  INFO herdr::logging: session saved event="persist.save" subsystem="persist" outcome="ok" path=/Users/wqin/.config/herdr/session.json workspaces=4
2026-09-01T13:28:52.139432Z  INFO herdr::server::headless: client resize client_id=2 cols=111 rows=52 cell_width_px=0 cell_height_px=0
2026-09-01T13:28:57.011903Z  INFO herdr::server::headless: client resize client_id=2 cols=224 rows=52 cell_width_px=0 cell_height_px=0
2026-09-01T13:33:30.021170Z  INFO herdr::app::actions: copied selection to clipboard
2026-09-01T13:34:45.451172Z  INFO herdr::logging: workspace focused event="workspace.focus" subsystem="workspace" outcome="ok" workspace_id="w5"
2026-09-01T13:34:45.452193Z  INFO herdr::logging: tab focused event="tab.focus" subsystem="tab" outcome="ok" workspace_id="w5" tab_id="w5:t1"
2026-09-01T13:34:50.466366Z  INFO herdr::logging: session saved event="persist.save" subsystem="persist" outcome="ok" path=/Users/wqin/.config/herdr/session.json workspaces=4
2026-09-01T13:35:44.045002Z  INFO herdr::logging: workspace focused event="workspace.focus" subsystem="workspace" outcome="ok" workspace_id="w4"
2026-09-01T13:35:44.046013Z  INFO herdr::logging: tab focused event="tab.focus" subsystem="tab" outcome="ok" workspace_id="w4" tab_id="w4:t1"
2026-09-01T13:35:49.059239Z  INFO herdr::logging: session saved event="persist.save" subsystem="persist" outcome="ok" path=/Users/wqin/.config/herdr/session.json workspaces=4
2026-09-01T13:37:50.193736Z  INFO herdr::logging: workspace focused event="workspace.focus" subsystem="workspace" outcome="ok" workspace_id="w5"
2026-09-01T13:37:50.194961Z  INFO herdr::logging: tab focused event="tab.focus" subsystem="tab" outcome="ok" workspace_id="w5" tab_id="w5:t1"
2026-09-01T13:37:55.211955Z  INFO herdr::logging: session saved event="persist.save" subsystem="persist" outcome="ok" path=/Users/wqin/.config/herdr/session.json workspaces=4
2026-09-01T13:40:58.715992Z  INFO herdr::logging: workspace focused event="workspace.focus" subsystem="workspace" outcome="ok" workspace_id="w4"
2026-09-01T13:40:58.717024Z  INFO herdr::logging: tab focused event="tab.focus" subsystem="tab" outcome="ok" workspace_id="w4" tab_id="w4:t1"
2026-09-01T13:41:03.733170Z  INFO herdr::logging: session saved event="persist.save" subsystem="persist" outcome="ok" path=/Users/wqin/.config/herdr/session.json workspaces=4
2026-09-01T13:45:33.911429Z  INFO herdr::logging: workspace focused event="workspace.focus" subsystem="workspace" outcome="ok" workspace_id="w5"
2026-09-01T13:45:33.923894Z  INFO herdr::logging: tab focused event="tab.focus" subsystem="tab" outcome="ok" workspace_id="w5" tab_id="w5:t1"
2026-09-01T13:45:38.948730Z  INFO herdr::logging: session saved event="persist.save" subsystem="persist" outcome="ok" path=/Users/wqin/.config/herdr/session.json workspaces=4
2026-09-01T13:48:03.282647Z  INFO herdr::app::actions: copied selection to clipboard
2026-09-01T13:48:37.513678Z  INFO herdr::logging: workspace focused event="workspace.focus" subsystem="workspace" outcome="ok" workspace_id="w4"
2026-09-01T13:48:37.513823Z  INFO herdr::logging: tab focused event="tab.focus" subsystem="tab" outcome="ok" workspace_id="w4" tab_id="w4:t1"
2026-09-01T13:48:42.520853Z  INFO herdr::logging: session saved event="persist.save" subsystem="persist" outcome="ok" path=/Users/wqin/.config/herdr/session.json workspaces=4
2026-09-01T13:49:39.864295Z  INFO herdr::logging: workspace focused event="workspace.focus" subsystem="workspace" outcome="ok" workspace_id="w5"
2026-09-01T13:49:39.864444Z  INFO herdr::logging: tab focused event="tab.focus" subsystem="tab" outcome="ok" workspace_id="w5" tab_id="w5:t1"
2026-09-01T13:49:44.882452Z  INFO herdr::logging: session saved event="persist.save" subsystem="persist" outcome="ok" path=/Users/wqin/.config/herdr/session.json workspaces=4
2026-09-01T13:50:03.298971Z  INFO herdr::logging: workspace focused event="workspace.focus" subsystem="workspace" outcome="ok" workspace_id="w6"
2026-09-01T13:50:03.299130Z  INFO herdr::logging: tab focused event="tab.focus" subsystem="tab" outcome="ok" workspace_id="w6" tab_id="w6:t1"
2026-09-01T13:50:04.244511Z  INFO herdr::logging: tab focused event="tab.focus" subsystem="tab" outcome="ok" workspace_id="w6" tab_id="w6:t1"
2026-09-01T13:50:06.680598Z  INFO herdr::logging: workspace focused event="workspace.focus" subsystem="workspace" outcome="ok" workspace_id="w7"
2026-09-01T13:50:06.680733Z  INFO herdr::logging: tab focused event="tab.focus" subsystem="tab" outcome="ok" workspace_id="w7" tab_id="w7:t1"
2026-09-01T13:50:11.694801Z  INFO herdr::logging: session saved event="persist.save" subsystem="persist" outcome="ok" path=/Users/wqin/.config/herdr/session.json workspaces=4
2026-09-01T13:50:27.564632Z  INFO herdr::logging: workspace focused event="workspace.focus" subsystem="workspace" outcome="ok" workspace_id="w5"
2026-09-01T13:50:27.564780Z  INFO herdr::logging: tab focused event="tab.focus" subsystem="tab" outcome="ok" workspace_id="w5" tab_id="w5:t1"
2026-09-01T13:50:27.921894Z  INFO herdr::logging: workspace focused event="workspace.focus" subsystem="workspace" outcome="ok" workspace_id="w4"
2026-09-01T13:50:27.922261Z  INFO herdr::logging: tab focused event="tab.focus" subsystem="tab" outcome="ok" workspace_id="w4" tab_id="w4:t1"
2026-09-01T13:50:32.946361Z  INFO herdr::logging: session saved event="persist.save" subsystem="persist" outcome="ok" path=/Users/wqin/.config/herdr/session.json workspaces=4
2026-09-01T13:52:50.147363Z  INFO herdr::logging: workspace focused event="workspace.focus" subsystem="workspace" outcome="ok" workspace_id="w5"
2026-09-01T13:52:50.147502Z  INFO herdr::logging: tab focused event="tab.focus" subsystem="tab" outcome="ok" workspace_id="w5" tab_id="w5:t1"
2026-09-01T13:52:50.543806Z  INFO herdr::logging: workspace focused event="workspace.focus" subsystem="workspace" outcome="ok" workspace_id="w6"
2026-09-01T13:52:50.543950Z  INFO herdr::logging: tab focused event="tab.focus" subsystem="tab" outcome="ok" workspace_id="w6" tab_id="w6:t1"
2026-09-01T13:52:51.598814Z  INFO herdr::logging: workspace focused event="workspace.focus" subsystem="workspace" outcome="ok" workspace_id="w7"
2026-09-01T13:52:51.598958Z  INFO herdr::logging: tab focused event="tab.focus" subsystem="tab" outcome="ok" workspace_id="w7" tab_id="w7:t1"
2026-09-01T13:52:56.617771Z  INFO herdr::logging: session saved event="persist.save" subsystem="persist" outcome="ok" path=/Users/wqin/.config/herdr/session.json workspaces=4
2026-09-01T13:55:17.609834Z  INFO herdr::logging: checking for updates event="update.check.start" subsystem="update" outcome="started"
2026-09-01T13:56:27.270363Z  INFO herdr::logging: workspace focused event="workspace.focus" subsystem="workspace" outcome="ok" workspace_id="w4"
2026-09-01T13:56:27.270601Z  INFO herdr::logging: tab focused event="tab.focus" subsystem="tab" outcome="ok" workspace_id="w4" tab_id="w4:t1"
2026-09-01T13:56:32.295290Z  INFO herdr::logging: session saved event="persist.save" subsystem="persist" outcome="ok" path=/Users/wqin/.config/herdr/session.json workspaces=4
2026-09-01T13:57:23.273734Z  INFO herdr::logging: workspace focused event="workspace.focus" subsystem="workspace" outcome="ok" workspace_id="w5"
2026-09-01T13:57:23.273901Z  INFO herdr::logging: tab focused event="tab.focus" subsystem="tab" outcome="ok" workspace_id="w5" tab_id="w5:t1"
2026-09-01T13:57:28.292406Z  INFO herdr::logging: session saved event="persist.save" subsystem="persist" outcome="ok" path=/Users/wqin/.config/herdr/session.json workspaces=4
2026-09-01T13:59:43.666021Z  INFO herdr::logging: workspace focused event="workspace.focus" subsystem="workspace" outcome="ok" workspace_id="w4"
2026-09-01T13:59:43.666168Z  INFO herdr::logging: tab focused event="tab.focus" subsystem="tab" outcome="ok" workspace_id="w4" tab_id="w4:t1"
2026-09-01T13:59:48.684072Z  INFO herdr::logging: session saved event="persist.save" subsystem="persist" outcome="ok" path=/Users/wqin/.config/herdr/session.json workspaces=4
2026-09-01T14:11:21.916488Z  INFO herdr::logging: workspace focused event="workspace.focus" subsystem="workspace" outcome="ok" workspace_id="w5"
2026-09-01T14:11:21.918114Z  INFO herdr::logging: tab focused event="tab.focus" subsystem="tab" outcome="ok" workspace_id="w5" tab_id="w5:t1"
2026-09-01T14:11:26.932646Z  INFO herdr::logging: session saved event="persist.save" subsystem="persist" outcome="ok" path=/Users/wqin/.config/herdr/session.json workspaces=4
2026-09-01T14:11:32.593536Z  INFO herdr::logging: workspace focused event="workspace.focus" subsystem="workspace" outcome="ok" workspace_id="w4"
2026-09-01T14:11:32.593803Z  INFO herdr::logging: tab focused event="tab.focus" subsystem="tab" outcome="ok" workspace_id="w4" tab_id="w4:t1"
2026-09-01T14:11:33.535508Z  INFO herdr::logging: workspace focused event="workspace.focus" subsystem="workspace" outcome="ok" workspace_id="w5"
2026-09-01T14:11:33.535650Z  INFO herdr::logging: tab focused event="tab.focus" subsystem="tab" outcome="ok" workspace_id="w5" tab_id="w5:t1"
2026-09-01T14:11:38.553491Z  INFO herdr::logging: session saved event="persist.save" subsystem="persist" outcome="ok" path=/Users/wqin/.config/herdr/session.json workspaces=4
2026-09-01T14:11:40.126021Z  INFO herdr::logging: workspace focused event="workspace.focus" subsystem="workspace" outcome="ok" workspace_id="w4"
2026-09-01T14:11:40.126220Z  INFO herdr::logging: tab focused event="tab.focus" subsystem="tab" outcome="ok" workspace_id="w4" tab_id="w4:t1"
2026-09-01T14:11:45.141188Z  INFO herdr::logging: session saved event="persist.save" subsystem="persist" outcome="ok" path=/Users/wqin/.config/herdr/session.json workspaces=4
2026-09-01T14:13:25.084060Z  INFO herdr::logging: workspace focused event="workspace.focus" subsystem="workspace" outcome="ok" workspace_id="w5"
2026-09-01T14:13:25.085101Z  INFO herdr::logging: tab focused event="tab.focus" subsystem="tab" outcome="ok" workspace_id="w5" tab_id="w5:t1"
2026-09-01T14:13:30.108217Z  INFO herdr::logging: session saved event="persist.save" subsystem="persist" outcome="ok" path=/Users/wqin/.config/herdr/session.json workspaces=4
2026-09-01T14:20:48.270880Z  INFO herdr::logging: workspace focused event="workspace.focus" subsystem="workspace" outcome="ok" workspace_id="w4"
2026-09-01T14:20:48.273017Z  INFO herdr::logging: tab focused event="tab.focus" subsystem="tab" outcome="ok" workspace_id="w4" tab_id="w4:t1"
2026-09-01T14:20:53.293065Z  INFO herdr::logging: session saved event="persist.save" subsystem="persist" outcome="ok" path=/Users/wqin/.config/herdr/session.json workspaces=4
2026-09-01T14:24:12.577035Z  INFO herdr::server::headless: client resize client_id=2 cols=238 rows=55 cell_width_px=0 cell_height_px=0
2026-09-01T14:24:13.493932Z  INFO herdr::server::headless: client resize client_id=2 cols=198 rows=60 cell_width_px=0 cell_height_px=0
2026-09-01T14:24:14.456165Z  INFO herdr::server::headless: client resize client_id=2 cols=224 rows=52 cell_width_px=0 cell_height_px=0
2026-09-01T14:24:16.592153Z  INFO herdr::server::headless: client resize client_id=2 cols=198 rows=60 cell_width_px=0 cell_height_px=0
2026-09-01T14:24:18.149498Z  INFO herdr::server::headless: client resize client_id=2 cols=186 rows=54 cell_width_px=0 cell_height_px=0
2026-09-01T14:24:18.590687Z  INFO herdr::server::headless: client resize client_id=2 cols=224 rows=52 cell_width_px=0 cell_height_px=0
2026-09-01T14:25:50.430677Z  INFO herdr::logging: checking for updates event="update.check.start" subsystem="update" outcome="started"
2026-09-01T14:35:21.684414Z  INFO herdr::server::headless: client resize client_id=2 cols=238 rows=55 cell_width_px=0 cell_height_px=0
2026-09-01T14:35:22.666662Z  INFO herdr::server::headless: client resize client_id=2 cols=198 rows=60 cell_width_px=0 cell_height_px=0
2026-09-01T14:35:23.456389Z  INFO herdr::server::headless: client resize client_id=2 cols=224 rows=52 cell_width_px=0 cell_height_px=0
2026-09-01T14:35:25.726051Z  INFO herdr::server::headless: client resize client_id=2 cols=198 rows=60 cell_width_px=0 cell_height_px=0
2026-09-01T14:35:27.218038Z  INFO herdr::server::headless: client resize client_id=2 cols=186 rows=54 cell_width_px=0 cell_height_px=0
2026-09-01T14:35:27.519679Z  INFO herdr::server::headless: client resize client_id=2 cols=224 rows=52 cell_width_px=0 cell_height_px=0
2026-09-01T14:46:06.863907Z  INFO herdr::server::headless: client resize client_id=2 cols=238 rows=55 cell_width_px=0 cell_height_px=0
2026-09-01T14:46:06.902119Z  INFO herdr::server::headless: client resize client_id=2 cols=238 rows=55 cell_width_px=0 cell_height_px=0
2026-09-01T14:46:07.549608Z  INFO herdr::server::headless: client resize client_id=2 cols=198 rows=60 cell_width_px=0 cell_height_px=0
2026-09-01T14:46:07.694147Z  INFO herdr::server::headless: client resize client_id=2 cols=198 rows=60 cell_width_px=0 cell_height_px=0
2026-09-01T14:46:08.522977Z  INFO herdr::server::headless: client resize client_id=2 cols=224 rows=52 cell_width_px=0 cell_height_px=0
2026-09-01T14:46:10.789354Z  INFO herdr::server::headless: client resize client_id=2 cols=198 rows=60 cell_width_px=0 cell_height_px=0
2026-09-01T14:46:11.106931Z  INFO herdr::server::headless: client resize client_id=2 cols=199 rows=54 cell_width_px=0 cell_height_px=0
2026-09-01T14:46:11.218381Z  INFO herdr::server::headless: client resize client_id=2 cols=198 rows=60 cell_width_px=0 cell_height_px=0
2026-09-01T14:46:12.268782Z  INFO herdr::server::headless: client resize client_id=2 cols=224 rows=52 cell_width_px=0 cell_height_px=0
2026-09-01T15:12:21.907266Z  INFO herdr::logging: checking for updates event="update.check.start" subsystem="update" outcome="started"
2026-09-01T15:42:21.957129Z  INFO herdr::logging: checking for updates event="update.check.start" subsystem="update" outcome="started"
2026-09-01T16:22:40.070085Z  INFO herdr::logging: checking for updates event="update.check.start" subsystem="update" outcome="started"
2026-09-01T17:49:31.365673Z  INFO herdr::logging: checking for updates event="update.check.start" subsystem="update" outcome="started"
2026-09-01T18:19:31.435806Z  INFO herdr::logging: checking for updates event="update.check.start" subsystem="update" outcome="started"
2026-09-01T19:26:42.060694Z  INFO herdr::logging: checking for updates event="update.check.start" subsystem="update" outcome="started"
2026-09-01T19:56:42.057586Z  INFO herdr::logging: checking for updates event="update.check.start" subsystem="update" outcome="started"
2026-09-01T21:17:44.551733Z  INFO herdr::logging: checking for updates event="update.check.start" subsystem="update" outcome="started"
2026-09-01T21:47:44.545289Z  INFO herdr::logging: checking for updates event="update.check.start" subsystem="update" outcome="started"
2026-09-01T22:17:44.575261Z  INFO herdr::logging: checking for updates event="update.check.start" subsystem="update" outcome="started"
2026-09-01T22:47:44.606671Z  INFO herdr::logging: checking for updates event="update.check.start" subsystem="update" outcome="started"
2026-09-01T23:17:44.598109Z  INFO herdr::logging: checking for updates event="update.check.start" subsystem="update" outcome="started"
2026-09-01T23:47:44.583867Z  INFO herdr::logging: checking for updates event="update.check.start" subsystem="update" outcome="started"
2026-09-02T00:18:22.228253Z  INFO herdr::logging: checking for updates event="update.check.start" subsystem="update" outcome="started"
2026-09-02T00:50:27.387459Z  INFO herdr::server::headless: client resize client_id=2 cols=238 rows=55 cell_width_px=0 cell_height_px=0
2026-09-02T00:50:28.355534Z  INFO herdr::server::headless: client resize client_id=2 cols=198 rows=60 cell_width_px=0 cell_height_px=0
2026-09-02T00:50:29.240104Z  INFO herdr::server::headless: client resize client_id=2 cols=224 rows=52 cell_width_px=0 cell_height_px=0
2026-09-02T00:50:31.595937Z  INFO herdr::server::headless: client resize client_id=2 cols=198 rows=60 cell_width_px=0 cell_height_px=0
2026-09-02T00:50:33.065102Z  INFO herdr::server::headless: client resize client_id=2 cols=224 rows=52 cell_width_px=0 cell_height_px=0
2026-09-02T00:55:01.937477Z  INFO herdr::logging: workspace focused event="workspace.focus" subsystem="workspace" outcome="ok" workspace_id="w5"
2026-09-02T00:55:01.937768Z  INFO herdr::logging: tab focused event="tab.focus" subsystem="tab" outcome="ok" workspace_id="w5" tab_id="w5:t1"
2026-09-02T00:55:06.956022Z  INFO herdr::logging: session saved event="persist.save" subsystem="persist" outcome="ok" path=/Users/wqin/.config/herdr/session.json workspaces=4
2026-09-02T01:05:38.296444Z  INFO herdr::server::headless: client resize client_id=2 cols=238 rows=55 cell_width_px=0 cell_height_px=0
2026-09-02T01:05:39.335823Z  INFO herdr::server::headless: client resize client_id=2 cols=198 rows=60 cell_width_px=0 cell_height_px=0
2026-09-02T01:05:40.492686Z  INFO herdr::server::headless: client resize client_id=2 cols=224 rows=52 cell_width_px=0 cell_height_px=0
2026-09-02T01:05:40.857546Z  INFO herdr::server::headless: client resize client_id=2 cols=186 rows=54 cell_width_px=0 cell_height_px=0
2026-09-02T01:05:41.239283Z  INFO herdr::server::headless: client resize client_id=2 cols=224 rows=52 cell_width_px=0 cell_height_px=0
2026-09-02T01:05:41.320368Z  INFO herdr::server::headless: client resize client_id=2 cols=224 rows=52 cell_width_px=0 cell_height_px=0
2026-09-02T01:17:17.626739Z  INFO herdr::server::headless: client resize client_id=2 cols=238 rows=55 cell_width_px=0 cell_height_px=0
2026-09-02T01:17:18.501985Z  INFO herdr::server::headless: client resize client_id=2 cols=198 rows=60 cell_width_px=0 cell_height_px=0
2026-09-02T01:17:18.608449Z  INFO herdr::server::headless: client resize client_id=2 cols=198 rows=60 cell_width_px=0 cell_height_px=0
2026-09-02T01:17:19.306996Z  INFO herdr::server::headless: client resize client_id=2 cols=224 rows=52 cell_width_px=0 cell_height_px=0
2026-09-02T01:17:21.614284Z  INFO herdr::server::headless: client resize client_id=2 cols=198 rows=60 cell_width_px=0 cell_height_px=0
2026-09-02T01:17:21.941073Z  INFO herdr::server::headless: client resize client_id=2 cols=199 rows=54 cell_width_px=0 cell_height_px=0
2026-09-02T01:17:22.042656Z  INFO herdr::server::headless: client resize client_id=2 cols=198 rows=60 cell_width_px=0 cell_height_px=0
2026-09-02T01:17:23.275799Z  INFO herdr::server::headless: client resize client_id=2 cols=224 rows=52 cell_width_px=0 cell_height_px=0
2026-09-02T01:17:25.050441Z  INFO herdr::logging: checking for updates event="update.check.start" subsystem="update" outcome="started"
2026-09-02T02:02:23.925202Z  INFO herdr::logging: checking for updates event="update.check.start" subsystem="update" outcome="started"
2026-09-02T02:11:17.222127Z  INFO herdr::server::headless: client resize client_id=2 cols=238 rows=55 cell_width_px=0 cell_height_px=0
2026-09-02T02:11:17.994082Z  INFO herdr::server::headless: client resize client_id=2 cols=198 rows=60 cell_width_px=0 cell_height_px=0
2026-09-02T02:11:18.830988Z  INFO herdr::server::headless: client resize client_id=2 cols=224 rows=52 cell_width_px=0 cell_height_px=0
2026-09-02T02:11:18.923716Z  INFO herdr::server::headless: client resize client_id=2 cols=224 rows=52 cell_width_px=0 cell_height_px=0
2026-09-02T02:11:21.217584Z  INFO herdr::server::headless: client resize client_id=2 cols=198 rows=60 cell_width_px=0 cell_height_px=0
2026-09-02T02:11:21.290960Z  INFO herdr::server::headless: client resize client_id=2 cols=198 rows=60 cell_width_px=0 cell_height_px=0
2026-09-02T02:11:22.791605Z  INFO herdr::server::headless: client resize client_id=2 cols=186 rows=54 cell_width_px=0 cell_height_px=0
2026-09-02T02:11:23.033467Z  INFO herdr::server::headless: client resize client_id=2 cols=224 rows=52 cell_width_px=0 cell_height_px=0
2026-09-02T02:17:01.151440Z  INFO herdr::logging: workspace focused event="workspace.focus" subsystem="workspace" outcome="ok" workspace_id="w4"
2026-09-02T02:17:01.152782Z  INFO herdr::logging: tab focused event="tab.focus" subsystem="tab" outcome="ok" workspace_id="w4" tab_id="w4:t1"
2026-09-02T02:17:02.851410Z  INFO herdr::logging: workspace focused event="workspace.focus" subsystem="workspace" outcome="ok" workspace_id="w5"
2026-09-02T02:17:02.851555Z  INFO herdr::logging: tab focused event="tab.focus" subsystem="tab" outcome="ok" workspace_id="w5" tab_id="w5:t1"
2026-09-02T02:17:07.873538Z  INFO herdr::logging: session saved event="persist.save" subsystem="persist" outcome="ok" path=/Users/wqin/.config/herdr/session.json workspaces=4
2026-09-02T02:20:18.900848Z  INFO herdr::logging: tab focused event="tab.focus" subsystem="tab" outcome="ok" workspace_id="w5" tab_id="w5:t1"
2026-09-02T02:20:23.040937Z  INFO herdr::logging: workspace focused event="workspace.focus" subsystem="workspace" outcome="ok" workspace_id="w4"
2026-09-02T02:20:23.041092Z  INFO herdr::logging: tab focused event="tab.focus" subsystem="tab" outcome="ok" workspace_id="w4" tab_id="w4:t1"
2026-09-02T02:20:25.449965Z  INFO herdr::logging: workspace focused event="workspace.focus" subsystem="workspace" outcome="ok" workspace_id="w5"
2026-09-02T02:20:25.450097Z  INFO herdr::logging: tab focused event="tab.focus" subsystem="tab" outcome="ok" workspace_id="w5" tab_id="w5:t1"
2026-09-02T02:20:26.612765Z  INFO herdr::logging: workspace focused event="workspace.focus" subsystem="workspace" outcome="ok" workspace_id="w4"
2026-09-02T02:20:26.612927Z  INFO herdr::logging: tab focused event="tab.focus" subsystem="tab" outcome="ok" workspace_id="w4" tab_id="w4:t1"
2026-09-02T02:20:27.398126Z  INFO herdr::logging: workspace focused event="workspace.focus" subsystem="workspace" outcome="ok" workspace_id="w5"
2026-09-02T02:20:27.398270Z  INFO herdr::logging: tab focused event="tab.focus" subsystem="tab" outcome="ok" workspace_id="w5" tab_id="w5:t1"
2026-09-02T02:20:29.376172Z  INFO herdr::logging: workspace focused event="workspace.focus" subsystem="workspace" outcome="ok" workspace_id="w4"
2026-09-02T02:20:29.376326Z  INFO herdr::logging: tab focused event="tab.focus" subsystem="tab" outcome="ok" workspace_id="w4" tab_id="w4:t1"
2026-09-02T02:20:30.801181Z  INFO herdr::logging: tab focused event="tab.focus" subsystem="tab" outcome="ok" workspace_id="w4" tab_id="w4:t1"
2026-09-02T02:20:33.767028Z  INFO herdr::logging: workspace focused event="workspace.focus" subsystem="workspace" outcome="ok" workspace_id="w5"
2026-09-02T02:20:33.767134Z  INFO herdr::logging: tab focused event="tab.focus" subsystem="tab" outcome="ok" workspace_id="w5" tab_id="w5:t1"
2026-09-02T02:20:34.598079Z  INFO herdr::logging: workspace focused event="workspace.focus" subsystem="workspace" outcome="ok" workspace_id="w6"
2026-09-02T02:20:34.598225Z  INFO herdr::logging: tab focused event="tab.focus" subsystem="tab" outcome="ok" workspace_id="w6" tab_id="w6:t1"
2026-09-02T02:20:35.206131Z  INFO herdr::logging: workspace focused event="workspace.focus" subsystem="workspace" outcome="ok" workspace_id="w7"
2026-09-02T02:20:35.206271Z  INFO herdr::logging: tab focused event="tab.focus" subsystem="tab" outcome="ok" workspace_id="w7" tab_id="w7:t1"
2026-09-02T02:20:35.546882Z  INFO herdr::logging: workspace focused event="workspace.focus" subsystem="workspace" outcome="ok" workspace_id="w6"
2026-09-02T02:20:35.547036Z  INFO herdr::logging: tab focused event="tab.focus" subsystem="tab" outcome="ok" workspace_id="w6" tab_id="w6:t1"
2026-09-02T02:20:37.252742Z  INFO herdr::logging: workspace focused event="workspace.focus" subsystem="workspace" outcome="ok" workspace_id="w7"
2026-09-02T02:20:37.252907Z  INFO herdr::logging: tab focused event="tab.focus" subsystem="tab" outcome="ok" workspace_id="w7" tab_id="w7:t1"
2026-09-02T02:20:37.601633Z  INFO herdr::logging: workspace focused event="workspace.focus" subsystem="workspace" outcome="ok" workspace_id="w6"
2026-09-02T02:20:37.601797Z  INFO herdr::logging: tab focused event="tab.focus" subsystem="tab" outcome="ok" workspace_id="w6" tab_id="w6:t1"
2026-09-02T02:20:37.950289Z  INFO herdr::logging: workspace focused event="workspace.focus" subsystem="workspace" outcome="ok" workspace_id="w5"
2026-09-02T02:20:37.950427Z  INFO herdr::logging: tab focused event="tab.focus" subsystem="tab" outcome="ok" workspace_id="w5" tab_id="w5:t1"
2026-09-02T02:20:38.427760Z  INFO herdr::logging: workspace focused event="workspace.focus" subsystem="workspace" outcome="ok" workspace_id="w4"
2026-09-02T02:20:38.427901Z  INFO herdr::logging: tab focused event="tab.focus" subsystem="tab" outcome="ok" workspace_id="w4" tab_id="w4:t1"
2026-09-02T02:20:38.828122Z  INFO herdr::logging: workspace focused event="workspace.focus" subsystem="workspace" outcome="ok" workspace_id="w5"
2026-09-02T02:20:38.828262Z  INFO herdr::logging: tab focused event="tab.focus" subsystem="tab" outcome="ok" workspace_id="w5" tab_id="w5:t1"
2026-09-02T02:20:39.206032Z  INFO herdr::logging: workspace focused event="workspace.focus" subsystem="workspace" outcome="ok" workspace_id="w4"
2026-09-02T02:20:39.206177Z  INFO herdr::logging: tab focused event="tab.focus" subsystem="tab" outcome="ok" workspace_id="w4" tab_id="w4:t1"
2026-09-02T02:20:39.603258Z  INFO herdr::logging: workspace focused event="workspace.focus" subsystem="workspace" outcome="ok" workspace_id="w5"
2026-09-02T02:20:39.603401Z  INFO herdr::logging: tab focused event="tab.focus" subsystem="tab" outcome="ok" workspace_id="w5" tab_id="w5:t1"
2026-09-02T02:20:40.247768Z  INFO herdr::logging: workspace focused event="workspace.focus" subsystem="workspace" outcome="ok" workspace_id="w4"
2026-09-02T02:20:40.247912Z  INFO herdr::logging: tab focused event="tab.focus" subsystem="tab" outcome="ok" workspace_id="w4" tab_id="w4:t1"
2026-09-02T02:20:40.605346Z  INFO herdr::logging: workspace focused event="workspace.focus" subsystem="workspace" outcome="ok" workspace_id="w6"
2026-09-02T02:20:40.605479Z  INFO herdr::logging: tab focused event="tab.focus" subsystem="tab" outcome="ok" workspace_id="w6" tab_id="w6:t1"
2026-09-02T02:20:45.622336Z  INFO herdr::logging: session saved event="persist.save" subsystem="persist" outcome="ok" path=/Users/wqin/.config/herdr/session.json workspaces=4
2026-09-02T02:20:46.040568Z  INFO herdr::logging: workspace focused event="workspace.focus" subsystem="workspace" outcome="ok" workspace_id="w5"
2026-09-02T02:20:46.040711Z  INFO herdr::logging: tab focused event="tab.focus" subsystem="tab" outcome="ok" workspace_id="w5" tab_id="w5:t1"
2026-09-02T02:20:51.056281Z  INFO herdr::logging: session saved event="persist.save" subsystem="persist" outcome="ok" path=/Users/wqin/.config/herdr/session.json workspaces=4
2026-09-02T02:32:23.932428Z  INFO herdr::logging: checking for updates event="update.check.start" subsystem="update" outcome="started"
2026-09-02T02:58:16.965253Z  INFO herdr::logging: workspace focused event="workspace.focus" subsystem="workspace" outcome="ok" workspace_id="w4"
2026-09-02T02:58:16.967470Z  INFO herdr::logging: tab focused event="tab.focus" subsystem="tab" outcome="ok" workspace_id="w4" tab_id="w4:t1"
2026-09-02T02:58:18.679011Z  INFO herdr::logging: workspace focused event="workspace.focus" subsystem="workspace" outcome="ok" workspace_id="w5"
2026-09-02T02:58:18.679157Z  INFO herdr::logging: tab focused event="tab.focus" subsystem="tab" outcome="ok" workspace_id="w5" tab_id="w5:t1"
2026-09-02T02:58:19.095550Z  INFO herdr::logging: workspace focused event="workspace.focus" subsystem="workspace" outcome="ok" workspace_id="w6"
2026-09-02T02:58:19.095677Z  INFO herdr::logging: tab focused event="tab.focus" subsystem="tab" outcome="ok" workspace_id="w6" tab_id="w6:t1"
2026-09-02T02:58:24.114649Z  INFO herdr::logging: session saved event="persist.save" subsystem="persist" outcome="ok" path=/Users/wqin/.config/herdr/session.json workspaces=4
2026-09-02T02:58:25.747506Z  INFO herdr::logging: tab focused event="tab.focus" subsystem="tab" outcome="ok" workspace_id="w6" tab_id="w6:t1"
2026-09-02T02:58:30.765640Z  INFO herdr::logging: session saved event="persist.save" subsystem="persist" outcome="ok" path=/Users/wqin/.config/herdr/session.json workspaces=4
2026-09-02T02:59:10.999594Z  INFO herdr::logging: workspace focused event="workspace.focus" subsystem="workspace" outcome="ok" workspace_id="w5"
2026-09-02T02:59:11.001499Z  INFO herdr::logging: tab focused event="tab.focus" subsystem="tab" outcome="ok" workspace_id="w5" tab_id="w5:t1"
2026-09-02T02:59:16.018602Z  INFO herdr::logging: session saved event="persist.save" subsystem="persist" outcome="ok" path=/Users/wqin/.config/herdr/session.json workspaces=4
2026-09-02T02:59:20.076854Z  INFO herdr::logging: workspace focused event="workspace.focus" subsystem="workspace" outcome="ok" workspace_id="w7"
2026-09-02T02:59:20.076882Z  INFO herdr::logging: tab focused event="tab.focus" subsystem="tab" outcome="ok" workspace_id="w7" tab_id="w7:t1"
2026-09-02T02:59:24.102459Z  INFO herdr::pane: agent changed pane=9 previous_agent=Some(Codex) agent=None pgid=Some(67271)
2026-09-02T02:59:25.093004Z  INFO herdr::logging: session saved event="persist.save" subsystem="persist" outcome="ok" path=/Users/wqin/.config/herdr/session.json workspaces=4
2026-09-02T02:59:26.613577Z  INFO herdr::pane: agent changed pane=9 previous_agent=None agent=Some(Codex) process=codex pgid=Some(16467)
2026-09-02T02:59:40.204631Z  INFO herdr::pane: agent changed pane=9 previous_agent=Some(Codex) agent=None pgid=Some(67271)
2026-09-02T02:59:40.511994Z  INFO herdr::logging: workspace focused event="workspace.focus" subsystem="workspace" outcome="ok" workspace_id="w5"
2026-09-02T02:59:40.512168Z  INFO herdr::logging: tab focused event="tab.focus" subsystem="tab" outcome="ok" workspace_id="w5" tab_id="w5:t1"
2026-09-02T02:59:45.535807Z  INFO herdr::logging: session saved event="persist.save" subsystem="persist" outcome="ok" path=/Users/wqin/.config/herdr/session.json workspaces=4
2026-09-02T03:02:23.704755Z  INFO herdr::logging: workspace focused event="workspace.focus" subsystem="workspace" outcome="ok" workspace_id="w6"
2026-09-02T03:02:23.706147Z  INFO herdr::logging: tab focused event="tab.focus" subsystem="tab" outcome="ok" workspace_id="w6" tab_id="w6:t1"
2026-09-02T03:02:23.974798Z  INFO herdr::logging: checking for updates event="update.check.start" subsystem="update" outcome="started"
2026-09-02T03:02:28.719531Z  INFO herdr::logging: session saved event="persist.save" subsystem="persist" outcome="ok" path=/Users/wqin/.config/herdr/session.json workspaces=4
2026-09-02T03:03:19.102242Z  INFO herdr::app::actions: copied selection to clipboard
2026-09-02T03:03:52.882827Z  INFO herdr::app::actions: copied selection to clipboard
2026-09-02T03:04:07.438854Z  INFO herdr::logging: workspace focused event="workspace.focus" subsystem="workspace" outcome="ok" workspace_id="w5"
2026-09-02T03:04:07.439011Z  INFO herdr::logging: tab focused event="tab.focus" subsystem="tab" outcome="ok" workspace_id="w5" tab_id="w5:t1"
2026-09-02T03:04:12.458105Z  INFO herdr::logging: session saved event="persist.save" subsystem="persist" outcome="ok" path=/Users/wqin/.config/herdr/session.json workspaces=4
2026-09-02T03:04:26.764256Z  INFO herdr::logging: workspace focused event="workspace.focus" subsystem="workspace" outcome="ok" workspace_id="w6"
2026-09-02T03:04:26.764979Z  INFO herdr::logging: tab focused event="tab.focus" subsystem="tab" outcome="ok" workspace_id="w6" tab_id="w6:t1"
2026-09-02T03:04:31.777136Z  INFO herdr::logging: session saved event="persist.save" subsystem="persist" outcome="ok" path=/Users/wqin/.config/herdr/session.json workspaces=4
2026-09-02T03:09:15.903568Z  INFO herdr::logging: workspace focused event="workspace.focus" subsystem="workspace" outcome="ok" workspace_id="w5"
2026-09-02T03:09:15.903989Z  INFO herdr::logging: tab focused event="tab.focus" subsystem="tab" outcome="ok" workspace_id="w5" tab_id="w5:t1"
2026-09-02T03:09:20.915438Z  INFO herdr::logging: session saved event="persist.save" subsystem="persist" outcome="ok" path=/Users/wqin/.config/herdr/session.json workspaces=4
2026-09-02T03:09:48.451604Z  INFO herdr::logging: workspace focused event="workspace.focus" subsystem="workspace" outcome="ok" workspace_id="w6"
2026-09-02T03:09:48.452613Z  INFO herdr::logging: tab focused event="tab.focus" subsystem="tab" outcome="ok" workspace_id="w6" tab_id="w6:t1"
2026-09-02T03:09:53.471036Z  INFO herdr::logging: session saved event="persist.save" subsystem="persist" outcome="ok" path=/Users/wqin/.config/herdr/session.json workspaces=4
2026-09-02T03:10:08.967172Z  INFO herdr::app::actions: copied selection to clipboard
2026-09-02T03:10:48.273086Z  INFO herdr::app::actions: copied selection to clipboard
2026-09-02T03:11:52.892717Z  INFO herdr::app::actions: copied selection to clipboard
2026-09-02T03:12:26.232115Z  INFO herdr::logging: workspace focused event="workspace.focus" subsystem="workspace" outcome="ok" workspace_id="w5"
2026-09-02T03:12:26.233150Z  INFO herdr::logging: tab focused event="tab.focus" subsystem="tab" outcome="ok" workspace_id="w5" tab_id="w5:t1"
2026-09-02T03:12:31.249964Z  INFO herdr::logging: session saved event="persist.save" subsystem="persist" outcome="ok" path=/Users/wqin/.config/herdr/session.json workspaces=4
2026-09-02T03:14:18.475562Z  INFO herdr::logging: workspace focused event="workspace.focus" subsystem="workspace" outcome="ok" workspace_id="w6"
2026-09-02T03:14:18.476579Z  INFO herdr::logging: tab focused event="tab.focus" subsystem="tab" outcome="ok" workspace_id="w6" tab_id="w6:t1"
2026-09-02T03:14:23.494380Z  INFO herdr::logging: session saved event="persist.save" subsystem="persist" outcome="ok" path=/Users/wqin/.config/herdr/session.json workspaces=4
2026-09-02T03:15:44.692457Z  INFO herdr::logging: workspace focused event="workspace.focus" subsystem="workspace" outcome="ok" workspace_id="w5"
2026-09-02T03:15:44.693485Z  INFO herdr::logging: tab focused event="tab.focus" subsystem="tab" outcome="ok" workspace_id="w5" tab_id="w5:t1"
2026-09-02T03:15:49.713399Z  INFO herdr::logging: session saved event="persist.save" subsystem="persist" outcome="ok" path=/Users/wqin/.config/herdr/session.json workspaces=4
2026-09-02T03:20:28.811478Z  INFO herdr::logging: workspace focused event="workspace.focus" subsystem="workspace" outcome="ok" workspace_id="w6"
2026-09-02T03:20:28.813910Z  INFO herdr::logging: tab focused event="tab.focus" subsystem="tab" outcome="ok" workspace_id="w6" tab_id="w6:t1"
2026-09-02T03:20:33.832139Z  INFO herdr::logging: session saved event="persist.save" subsystem="persist" outcome="ok" path=/Users/wqin/.config/herdr/session.json workspaces=4
2026-09-02T03:21:57.572415Z  INFO herdr::logging: workspace focused event="workspace.focus" subsystem="workspace" outcome="ok" workspace_id="w5"
2026-09-02T03:21:57.573851Z  INFO herdr::logging: tab focused event="tab.focus" subsystem="tab" outcome="ok" workspace_id="w5" tab_id="w5:t1"
2026-09-02T03:22:02.591357Z  INFO herdr::logging: session saved event="persist.save" subsystem="persist" outcome="ok" path=/Users/wqin/.config/herdr/session.json workspaces=4
2026-09-02T03:32:24.034778Z  INFO herdr::logging: checking for updates event="update.check.start" subsystem="update" outcome="started"
2026-09-02T03:38:01.773612Z  INFO herdr::logging: workspace focused event="workspace.focus" subsystem="workspace" outcome="ok" workspace_id="w6"
2026-09-02T03:38:01.775687Z  INFO herdr::logging: tab focused event="tab.focus" subsystem="tab" outcome="ok" workspace_id="w6" tab_id="w6:t1"
2026-09-02T03:38:06.802207Z  INFO herdr::logging: session saved event="persist.save" subsystem="persist" outcome="ok" path=/Users/wqin/.config/herdr/session.json workspaces=4
2026-09-02T03:39:03.465726Z  INFO herdr::logging: workspace focused event="workspace.focus" subsystem="workspace" outcome="ok" workspace_id="w5"
2026-09-02T03:39:03.465865Z  INFO herdr::logging: tab focused event="tab.focus" subsystem="tab" outcome="ok" workspace_id="w5" tab_id="w5:t1"
2026-09-02T03:39:08.487919Z  INFO herdr::logging: session saved event="persist.save" subsystem="persist" outcome="ok" path=/Users/wqin/.config/herdr/session.json workspaces=4
2026-09-02T03:39:15.364179Z  INFO herdr::pane: agent changed pane=4 previous_agent=Some(Codex) agent=None pgid=Some(67266)
2026-09-02T03:39:17.326873Z  INFO herdr::logging: workspace focused event="workspace.focus" subsystem="workspace" outcome="ok" workspace_id="w4"
2026-09-02T03:39:17.327043Z  INFO herdr::logging: tab focused event="tab.focus" subsystem="tab" outcome="ok" workspace_id="w4" tab_id="w4:t1"
2026-09-02T03:39:18.389791Z  INFO herdr::logging: workspace focused event="workspace.focus" subsystem="workspace" outcome="ok" workspace_id="w6"
2026-09-02T03:39:18.389865Z  INFO herdr::logging: tab focused event="tab.focus" subsystem="tab" outcome="ok" workspace_id="w6" tab_id="w6:t1"
2026-09-02T03:39:18.892259Z  INFO herdr::logging: workspace focused event="workspace.focus" subsystem="workspace" outcome="ok" workspace_id="w4"
2026-09-02T03:39:18.892476Z  INFO herdr::logging: tab focused event="tab.focus" subsystem="tab" outcome="ok" workspace_id="w4" tab_id="w4:t1"
2026-09-02T03:39:22.204182Z  INFO herdr::logging: workspace focused event="workspace.focus" subsystem="workspace" outcome="ok" workspace_id="w6"
2026-09-02T03:39:22.204330Z  INFO herdr::logging: tab focused event="tab.focus" subsystem="tab" outcome="ok" workspace_id="w6" tab_id="w6:t1"
2026-09-02T03:39:22.819586Z  INFO herdr::pane: agent changed pane=2 previous_agent=Some(Codex) agent=None pgid=Some(67264)
2026-09-02T03:39:26.635451Z  INFO herdr::logging: tab focused event="tab.focus" subsystem="tab" outcome="ok" workspace_id="w6" tab_id="w6:t1"
2026-09-02T03:39:27.082933Z  INFO herdr::logging: tab focused event="tab.focus" subsystem="tab" outcome="ok" workspace_id="w6" tab_id="w6:t1"
2026-09-02T03:39:28.973459Z  INFO herdr::logging: tab focused event="tab.focus" subsystem="tab" outcome="ok" workspace_id="w6" tab_id="w6:t1"
2026-09-02T03:39:29.603129Z  INFO herdr::logging: tab focused event="tab.focus" subsystem="tab" outcome="ok" workspace_id="w6" tab_id="w6:t1"
2026-09-02T03:39:34.623964Z  INFO herdr::logging: session saved event="persist.save" subsystem="persist" outcome="ok" path=/Users/wqin/.config/herdr/session.json workspaces=4
2026-09-02T03:39:40.032702Z  INFO herdr::pane: agent changed pane=8 previous_agent=Some(Codex) agent=None pgid=Some(67270)
2026-09-02T04:02:23.990168Z  INFO herdr::logging: checking for updates event="update.check.start" subsystem="update" outcome="started"
2026-09-02T04:02:30.928893Z  INFO herdr::logging: tab focused event="tab.focus" subsystem="tab" outcome="ok" workspace_id="w6" tab_id="w6:t1"
2026-09-02T04:02:30.980697Z  INFO herdr::app::actions: copied selection to clipboard
2026-09-02T04:02:35.954393Z  INFO herdr::logging: session saved event="persist.save" subsystem="persist" outcome="ok" path=/Users/wqin/.config/herdr/session.json workspaces=4
2026-09-02T04:03:32.842838Z  INFO herdr::app::actions: copied selection to clipboard
2026-09-02T04:03:33.524982Z  INFO herdr::logging: tab focused event="tab.focus" subsystem="tab" outcome="ok" workspace_id="w6" tab_id="w6:t1"
2026-09-02T04:03:38.549316Z  INFO herdr::logging: session saved event="persist.save" subsystem="persist" outcome="ok" path=/Users/wqin/.config/herdr/session.json workspaces=4
2026-09-02T04:04:30.402963Z  INFO herdr::logging: tab focused event="tab.focus" subsystem="tab" outcome="ok" workspace_id="w6" tab_id="w6:t1"
2026-09-02T04:04:33.545025Z  INFO herdr::app::actions: copied selection to clipboard
2026-09-02T04:04:35.427419Z  INFO herdr::logging: session saved event="persist.save" subsystem="persist" outcome="ok" path=/Users/wqin/.config/herdr/session.json workspaces=4
2026-09-02T04:07:19.523863Z  INFO herdr::app::actions: copied selection to clipboard
2026-09-02T04:07:23.498571Z  INFO herdr::pane: agent changed pane=7 previous_agent=Some(Codex) agent=None pgid=Some(67269)
2026-09-02T04:07:25.006199Z  INFO herdr::pane: agent changed pane=7 previous_agent=None agent=Some(Codex) process=codex pgid=Some(10687)
2026-09-02T04:10:35.346178Z  INFO herdr::app::actions: copied selection to clipboard
2026-09-02T04:16:27.730688Z  INFO herdr::pane: agent changed pane=7 previous_agent=Some(Codex) agent=None pgid=Some(67269)
2026-09-02T04:32:23.997224Z  INFO herdr::logging: checking for updates event="update.check.start" subsystem="update" outcome="started"
2026-09-02T05:02:24.001573Z  INFO herdr::logging: checking for updates event="update.check.start" subsystem="update" outcome="started"
2026-09-02T05:32:23.951305Z  INFO herdr::logging: checking for updates event="update.check.start" subsystem="update" outcome="started"
2026-09-02T05:43:59.411907Z  INFO herdr::logging: workspace focused event="workspace.focus" subsystem="workspace" outcome="ok" workspace_id="w4"
2026-09-02T05:43:59.412054Z  INFO herdr::logging: tab focused event="tab.focus" subsystem="tab" outcome="ok" workspace_id="w4" tab_id="w4:t1"
2026-09-02T05:44:00.103923Z  INFO herdr::logging: workspace focused event="workspace.focus" subsystem="workspace" outcome="ok" workspace_id="w5"
2026-09-02T05:44:00.104087Z  INFO herdr::logging: tab focused event="tab.focus" subsystem="tab" outcome="ok" workspace_id="w5" tab_id="w5:t1"
2026-09-02T05:44:03.154202Z  INFO herdr::pane: agent changed pane=4 previous_agent=None agent=Some(Codex) process=codex pgid=Some(2641)
2026-09-02T05:44:05.130436Z  INFO herdr::logging: session saved event="persist.save" subsystem="persist" outcome="ok" path=/Users/wqin/.config/herdr/session.json workspaces=4
2026-09-02T05:53:44.649670Z  INFO herdr::pane: agent changed pane=4 previous_agent=Some(Codex) agent=None pgid=Some(67266)
2026-09-02T06:02:23.971096Z  INFO herdr::logging: checking for updates event="update.check.start" subsystem="update" outcome="started"
2026-09-02T06:27:32.205693Z  INFO herdr::logging: workspace focused event="workspace.focus" subsystem="workspace" outcome="ok" workspace_id="w6"
2026-09-02T06:27:32.207668Z  INFO herdr::logging: tab focused event="tab.focus" subsystem="tab" outcome="ok" workspace_id="w6" tab_id="w6:t1"
2026-09-02T06:27:36.387814Z  INFO herdr::pane: agent changed pane=7 previous_agent=None agent=Some(Codex) process=codex pgid=Some(42818)
2026-09-02T06:27:37.233625Z  INFO herdr::logging: session saved event="persist.save" subsystem="persist" outcome="ok" path=/Users/wqin/.config/herdr/session.json workspaces=4
2026-09-02T06:32:23.971548Z  INFO herdr::logging: checking for updates event="update.check.start" subsystem="update" outcome="started"
2026-09-02T06:56:50.143847Z  INFO herdr::server::headless: client resize client_id=2 cols=238 rows=54 cell_width_px=0 cell_height_px=0
2026-09-02T06:56:50.231341Z  INFO herdr::server::headless: client resize client_id=2 cols=238 rows=54 cell_width_px=0 cell_height_px=0
2026-09-02T06:56:50.926370Z  INFO herdr::server::headless: client resize client_id=2 cols=198 rows=60 cell_width_px=0 cell_height_px=0
2026-09-02T06:56:51.715602Z  INFO herdr::server::headless: client resize client_id=2 cols=224 rows=52 cell_width_px=0 cell_height_px=0
2026-09-02T06:56:54.065142Z  INFO herdr::server::headless: client resize client_id=2 cols=198 rows=60 cell_width_px=0 cell_height_px=0
2026-09-02T06:56:55.409918Z  INFO herdr::server::headless: client resize client_id=2 cols=224 rows=52 cell_width_px=0 cell_height_px=0
2026-09-02T07:03:33.364736Z  INFO herdr::logging: checking for updates event="update.check.start" subsystem="update" outcome="started"
2026-09-02T07:23:40.065729Z  INFO herdr::logging: workspace focused event="workspace.focus" subsystem="workspace" outcome="ok" workspace_id="w7"
2026-09-02T07:23:40.066847Z  INFO herdr::logging: tab focused event="tab.focus" subsystem="tab" outcome="ok" workspace_id="w7" tab_id="w7:t1"
2026-09-02T07:23:45.091053Z  INFO herdr::logging: session saved event="persist.save" subsystem="persist" outcome="ok" path=/Users/wqin/.config/herdr/session.json workspaces=4
2026-09-02T07:24:42.390844Z  INFO herdr::pane: agent changed pane=9 previous_agent=None agent=Some(Gemini) process=gemini pgid=Some(8860)
2026-09-02T07:29:33.770788Z  INFO herdr::logging: workspace focused event="workspace.focus" subsystem="workspace" outcome="ok" workspace_id="w6"
2026-09-02T07:29:33.771525Z  INFO herdr::logging: tab focused event="tab.focus" subsystem="tab" outcome="ok" workspace_id="w6" tab_id="w6:t1"
2026-09-02T07:29:38.793826Z  INFO herdr::logging: session saved event="persist.save" subsystem="persist" outcome="ok" path=/Users/wqin/.config/herdr/session.json workspaces=4
2026-09-02T07:33:33.413845Z  INFO herdr::logging: checking for updates event="update.check.start" subsystem="update" outcome="started"
2026-09-02T07:34:30.880367Z  INFO herdr::logging: spawning pane terminal event="pane.spawn.start" subsystem="pane" outcome="started" pane_id=11 rows=51 cols=99 scrollback_limit_bytes=10000000
2026-09-02T07:34:30.889062Z  INFO herdr::logging: pane child spawned event="pane.spawned" subsystem="pane" outcome="ok" pane_id=11 pid=21062
2026-09-02T07:34:30.890026Z  INFO herdr::logging: workspace created event="workspace.create" subsystem="workspace" outcome="ok" workspace_id="w8" pane_id=11
2026-09-02T07:34:30.890086Z  INFO herdr::logging: workspace focused event="workspace.focus" subsystem="workspace" outcome="ok" workspace_id="w8"
2026-09-02T07:34:30.890140Z  INFO herdr::logging: tab focused event="tab.focus" subsystem="tab" outcome="ok" workspace_id="w8" tab_id="w8:t1"
2026-09-02T07:34:35.911397Z  INFO herdr::logging: session saved event="persist.save" subsystem="persist" outcome="ok" path=/Users/wqin/.config/herdr/session.json workspaces=5
2026-09-02T07:35:37.712661Z  INFO herdr::logging: spawning pane terminal event="pane.spawn.start" subsystem="pane" outcome="started" pane_id=12 rows=51 cols=198 scrollback_limit_bytes=10000000
2026-09-02T07:35:37.721833Z  INFO herdr::logging: pane child spawned event="pane.spawned" subsystem="pane" outcome="ok" pane_id=12 pid=22069
2026-09-02T07:35:37.722264Z  INFO herdr::logging: tab focused event="tab.focus" subsystem="tab" outcome="ok" workspace_id="w8" tab_id="w8:t1"
2026-09-02T07:35:39.248214Z  INFO herdr::logging: workspace focused event="workspace.focus" subsystem="workspace" outcome="ok" workspace_id="w7"
2026-09-02T07:35:39.248323Z  INFO herdr::logging: tab focused event="tab.focus" subsystem="tab" outcome="ok" workspace_id="w7" tab_id="w7:t1"
2026-09-02T07:35:39.806822Z  INFO herdr::logging: workspace focused event="workspace.focus" subsystem="workspace" outcome="ok" workspace_id="w6"
2026-09-02T07:35:39.806909Z  INFO herdr::logging: tab focused event="tab.focus" subsystem="tab" outcome="ok" workspace_id="w6" tab_id="w6:t1"
2026-09-02T07:35:40.297767Z  INFO herdr::logging: workspace focused event="workspace.focus" subsystem="workspace" outcome="ok" workspace_id="w4"
2026-09-02T07:35:40.297931Z  INFO herdr::logging: tab focused event="tab.focus" subsystem="tab" outcome="ok" workspace_id="w4" tab_id="w4:t1"
2026-09-02T07:35:40.735502Z  INFO herdr::logging: workspace focused event="workspace.focus" subsystem="workspace" outcome="ok" workspace_id="w7"
2026-09-02T07:35:40.735704Z  INFO herdr::logging: tab focused event="tab.focus" subsystem="tab" outcome="ok" workspace_id="w7" tab_id="w7:t1"
2026-09-02T07:35:41.198981Z  INFO herdr::logging: workspace focused event="workspace.focus" subsystem="workspace" outcome="ok" workspace_id="w8"
2026-09-02T07:35:41.199134Z  INFO herdr::logging: tab focused event="tab.focus" subsystem="tab" outcome="ok" workspace_id="w8" tab_id="w8:t1"
2026-09-02T07:35:41.768096Z  INFO herdr::logging: workspace focused event="workspace.focus" subsystem="workspace" outcome="ok" workspace_id="w7"
2026-09-02T07:35:41.768262Z  INFO herdr::logging: tab focused event="tab.focus" subsystem="tab" outcome="ok" workspace_id="w7" tab_id="w7:t1"
2026-09-02T07:35:42.327977Z  INFO herdr::logging: workspace focused event="workspace.focus" subsystem="workspace" outcome="ok" workspace_id="w6"
2026-09-02T07:35:42.328148Z  INFO herdr::logging: tab focused event="tab.focus" subsystem="tab" outcome="ok" workspace_id="w6" tab_id="w6:t1"
2026-09-02T07:35:44.189025Z  INFO herdr::logging: workspace focused event="workspace.focus" subsystem="workspace" outcome="ok" workspace_id="w7"
2026-09-02T07:35:44.189156Z  INFO herdr::logging: tab focused event="tab.focus" subsystem="tab" outcome="ok" workspace_id="w7" tab_id="w7:t1"
2026-09-02T07:35:49.207383Z  INFO herdr::logging: session saved event="persist.save" subsystem="persist" outcome="ok" path=/Users/wqin/.config/herdr/session.json workspaces=5
2026-09-02T07:36:32.914200Z  INFO herdr::logging: workspace focused event="workspace.focus" subsystem="workspace" outcome="ok" workspace_id="w6"
2026-09-02T07:36:32.915269Z  INFO herdr::logging: tab focused event="tab.focus" subsystem="tab" outcome="ok" workspace_id="w6" tab_id="w6:t1"
2026-09-02T07:36:37.939169Z  INFO herdr::logging: session saved event="persist.save" subsystem="persist" outcome="ok" path=/Users/wqin/.config/herdr/session.json workspaces=5
2026-09-02T08:03:33.416600Z  INFO herdr::logging: checking for updates event="update.check.start" subsystem="update" outcome="started"
2026-09-02T08:10:49.428837Z  INFO herdr::logging: workspace focused event="workspace.focus" subsystem="workspace" outcome="ok" workspace_id="w5"
2026-09-02T08:10:49.429618Z  INFO herdr::logging: tab focused event="tab.focus" subsystem="tab" outcome="ok" workspace_id="w5" tab_id="w5:t1"
2026-09-02T08:10:49.912605Z  INFO herdr::logging: workspace focused event="workspace.focus" subsystem="workspace" outcome="ok" workspace_id="w4"
2026-09-02T08:10:49.912708Z  INFO herdr::logging: tab focused event="tab.focus" subsystem="tab" outcome="ok" workspace_id="w4" tab_id="w4:t1"
2026-09-02T08:10:50.970025Z  INFO herdr::logging: workspace focused event="workspace.focus" subsystem="workspace" outcome="ok" workspace_id="w8"
2026-09-02T08:10:50.970191Z  INFO herdr::logging: tab focused event="tab.focus" subsystem="tab" outcome="ok" workspace_id="w8" tab_id="w8:t1"
2026-09-02T08:10:51.829107Z  INFO herdr::logging: tab focused event="tab.focus" subsystem="tab" outcome="ok" workspace_id="w8" tab_id="w8:t1"
2026-09-02T08:10:55.351285Z  INFO herdr::pane: agent changed pane=11 previous_agent=None agent=Some(Codex) process=codex pgid=Some(55023)
2026-09-02T08:10:56.850026Z  INFO herdr::logging: session saved event="persist.save" subsystem="persist" outcome="ok" path=/Users/wqin/.config/herdr/session.json workspaces=5
2026-09-02T08:13:04.974241Z  INFO herdr::app::actions: copied selection to clipboard
2026-09-02T08:27:54.761940Z  INFO herdr::server::headless: client resize client_id=2 cols=238 rows=54 cell_width_px=0 cell_height_px=0
2026-09-02T08:27:54.855986Z  INFO herdr::server::headless: client resize client_id=2 cols=238 rows=55 cell_width_px=0 cell_height_px=0
2026-09-02T08:27:55.576938Z  INFO herdr::server::headless: client resize client_id=2 cols=198 rows=60 cell_width_px=0 cell_height_px=0
2026-09-02T08:27:55.684070Z  INFO herdr::server::headless: client resize client_id=2 cols=198 rows=60 cell_width_px=0 cell_height_px=0
2026-09-02T08:27:56.437765Z  INFO herdr::server::headless: client resize client_id=2 cols=224 rows=52 cell_width_px=0 cell_height_px=0
2026-09-02T08:27:58.734073Z  INFO herdr::server::headless: client resize client_id=2 cols=198 rows=60 cell_width_px=0 cell_height_px=0
2026-09-02T08:28:00.117631Z  INFO herdr::server::headless: client resize client_id=2 cols=224 rows=52 cell_width_px=0 cell_height_px=0
2026-09-02T08:34:51.019907Z  INFO herdr::logging: checking for updates event="update.check.start" subsystem="update" outcome="started"
2026-09-02T08:40:24.918922Z  INFO herdr::server::headless: client resize client_id=2 cols=238 rows=55 cell_width_px=0 cell_height_px=0
2026-09-02T08:40:24.988640Z  INFO herdr::server::headless: client resize client_id=2 cols=238 rows=55 cell_width_px=0 cell_height_px=0
2026-09-02T08:40:25.749616Z  INFO herdr::server::headless: client resize client_id=2 cols=198 rows=60 cell_width_px=0 cell_height_px=0
2026-09-02T08:40:25.876261Z  INFO herdr::server::headless: client resize client_id=2 cols=198 rows=60 cell_width_px=0 cell_height_px=0
2026-09-02T08:40:26.920319Z  INFO herdr::server::headless: client resize client_id=2 cols=224 rows=52 cell_width_px=0 cell_height_px=0
2026-09-02T08:40:28.883149Z  INFO herdr::server::headless: client resize client_id=2 cols=198 rows=60 cell_width_px=0 cell_height_px=0
2026-09-02T08:40:30.381933Z  INFO herdr::server::headless: client resize client_id=2 cols=224 rows=52 cell_width_px=0 cell_height_px=0
2026-09-02T08:40:30.487660Z  INFO herdr::server::headless: client resize client_id=2 cols=224 rows=52 cell_width_px=0 cell_height_px=0
2026-09-02T09:23:33.317570Z  INFO herdr::logging: checking for updates event="update.check.start" subsystem="update" outcome="started"
2026-09-02T09:34:02.816727Z  INFO herdr::server::headless: client resize client_id=2 cols=238 rows=55 cell_width_px=0 cell_height_px=0
2026-09-02T09:34:03.546960Z  INFO herdr::server::headless: client resize client_id=2 cols=198 rows=60 cell_width_px=0 cell_height_px=0
2026-09-02T09:34:03.680174Z  INFO herdr::server::headless: client resize client_id=2 cols=198 rows=60 cell_width_px=0 cell_height_px=0
2026-09-02T09:34:04.474403Z  INFO herdr::server::headless: client resize client_id=2 cols=224 rows=52 cell_width_px=0 cell_height_px=0
2026-09-02T09:34:04.535520Z  INFO herdr::server::headless: client resize client_id=2 cols=224 rows=52 cell_width_px=0 cell_height_px=0
2026-09-02T09:34:06.765021Z  INFO herdr::server::headless: client resize client_id=2 cols=198 rows=60 cell_width_px=0 cell_height_px=0
2026-09-02T09:34:08.344672Z  INFO herdr::server::headless: client resize client_id=2 cols=224 rows=52 cell_width_px=0 cell_height_px=0
2026-09-02T09:34:08.371927Z  INFO herdr::server::headless: client resize client_id=2 cols=224 rows=52 cell_width_px=0 cell_height_px=0
2026-09-02T09:53:11.375319Z  INFO herdr::logging: workspace focused event="workspace.focus" subsystem="workspace" outcome="ok" workspace_id="w6"
2026-09-02T09:53:11.376416Z  INFO herdr::logging: tab focused event="tab.focus" subsystem="tab" outcome="ok" workspace_id="w6" tab_id="w6:t1"
2026-09-02T09:53:16.400174Z  INFO herdr::logging: session saved event="persist.save" subsystem="persist" outcome="ok" path=/Users/wqin/.config/herdr/session.json workspaces=5
2026-09-02T09:53:33.284908Z  INFO herdr::logging: checking for updates event="update.check.start" subsystem="update" outcome="started"
2026-09-02T10:16:33.737429Z  INFO herdr::logging: workspace focused event="workspace.focus" subsystem="workspace" outcome="ok" workspace_id="w8"
2026-09-02T10:16:33.739421Z  INFO herdr::logging: tab focused event="tab.focus" subsystem="tab" outcome="ok" workspace_id="w8" tab_id="w8:t1"
2026-09-02T10:16:38.764444Z  INFO herdr::logging: session saved event="persist.save" subsystem="persist" outcome="ok" path=/Users/wqin/.config/herdr/session.json workspaces=5
2026-09-02T10:18:01.504383Z  INFO herdr::logging: workspace focused event="workspace.focus" subsystem="workspace" outcome="ok" workspace_id="w6"
2026-09-02T10:18:01.505682Z  INFO herdr::logging: tab focused event="tab.focus" subsystem="tab" outcome="ok" workspace_id="w6" tab_id="w6:t1"
2026-09-02T10:18:06.523797Z  INFO herdr::logging: session saved event="persist.save" subsystem="persist" outcome="ok" path=/Users/wqin/.config/herdr/session.json workspaces=5
2026-09-02T10:22:13.102171Z  INFO herdr::logging: workspace focused event="workspace.focus" subsystem="workspace" outcome="ok" workspace_id="w8"
2026-09-02T10:22:13.103685Z  INFO herdr::logging: tab focused event="tab.focus" subsystem="tab" outcome="ok" workspace_id="w8" tab_id="w8:t1"
2026-09-02T10:22:14.407525Z  INFO herdr::logging: workspace focused event="workspace.focus" subsystem="workspace" outcome="ok" workspace_id="w7"
2026-09-02T10:22:14.407551Z  INFO herdr::logging: tab focused event="tab.focus" subsystem="tab" outcome="ok" workspace_id="w7" tab_id="w7:t1"
2026-09-02T10:22:19.422124Z  INFO herdr::logging: session saved event="persist.save" subsystem="persist" outcome="ok" path=/Users/wqin/.config/herdr/session.json workspaces=5
2026-09-02T10:22:20.402642Z  INFO herdr::pane: agent changed pane=9 previous_agent=Some(Gemini) agent=None pgid=Some(67271)
2026-09-02T10:22:24.920030Z  INFO herdr::pane: agent changed pane=9 previous_agent=None agent=Some(Gemini) process=gemini pgid=Some(53724)
2026-09-02T10:23:33.217846Z  INFO herdr::logging: checking for updates event="update.check.start" subsystem="update" outcome="started"
2026-09-02T10:25:14.878999Z  INFO herdr::logging: workspace focused event="workspace.focus" subsystem="workspace" outcome="ok" workspace_id="w6"
2026-09-02T10:25:14.879135Z  INFO herdr::logging: tab focused event="tab.focus" subsystem="tab" outcome="ok" workspace_id="w6" tab_id="w6:t1"
2026-09-02T10:25:16.281193Z  INFO herdr::logging: workspace focused event="workspace.focus" subsystem="workspace" outcome="ok" workspace_id="w7"
2026-09-02T10:25:16.281346Z  INFO herdr::logging: tab focused event="tab.focus" subsystem="tab" outcome="ok" workspace_id="w7" tab_id="w7:t1"
2026-09-02T10:25:21.303263Z  INFO herdr::logging: session saved event="persist.save" subsystem="persist" outcome="ok" path=/Users/wqin/.config/herdr/session.json workspaces=5
2026-09-02T10:25:24.958591Z  INFO herdr::logging: workspace focused event="workspace.focus" subsystem="workspace" outcome="ok" workspace_id="w7"
2026-09-02T10:25:24.958940Z  INFO herdr::logging: tab focused event="tab.focus" subsystem="tab" outcome="ok" workspace_id="w7" tab_id="w7:t1"
2026-09-02T10:25:24.959105Z  INFO herdr::logging: tab focused event="tab.focus" subsystem="tab" outcome="ok" workspace_id="w7" tab_id="w7:t1"
2026-09-02T10:25:29.976803Z  INFO herdr::logging: session saved event="persist.save" subsystem="persist" outcome="ok" path=/Users/wqin/.config/herdr/session.json workspaces=5
2026-09-02T10:25:30.256115Z  INFO herdr::logging: tab renamed event="tab.rename" subsystem="tab" outcome="ok" workspace_id="w7" tab_id="w7:t1"
2026-09-02T10:25:32.258806Z  INFO herdr::logging: workspace focused event="workspace.focus" subsystem="workspace" outcome="ok" workspace_id="w6"
2026-09-02T10:25:32.258950Z  INFO herdr::logging: tab focused event="tab.focus" subsystem="tab" outcome="ok" workspace_id="w6" tab_id="w6:t1"
2026-09-02T10:25:34.461795Z  INFO herdr::logging: workspace focused event="workspace.focus" subsystem="workspace" outcome="ok" workspace_id="w6"
2026-09-02T10:25:34.461971Z  INFO herdr::logging: tab focused event="tab.focus" subsystem="tab" outcome="ok" workspace_id="w6" tab_id="w6:t1"
2026-09-02T10:25:34.462090Z  INFO herdr::logging: tab focused event="tab.focus" subsystem="tab" outcome="ok" workspace_id="w6" tab_id="w6:t1"
2026-09-02T10:25:38.410394Z  INFO herdr::logging: tab renamed event="tab.rename" subsystem="tab" outcome="ok" workspace_id="w6" tab_id="w6:t1"
2026-09-02T10:25:40.174276Z  INFO herdr::logging: workspace focused event="workspace.focus" subsystem="workspace" outcome="ok" workspace_id="w8"
2026-09-02T10:25:40.174431Z  INFO herdr::logging: tab focused event="tab.focus" subsystem="tab" outcome="ok" workspace_id="w8" tab_id="w8:t1"
2026-09-02T10:25:45.194584Z  INFO herdr::logging: session saved event="persist.save" subsystem="persist" outcome="ok" path=/Users/wqin/.config/herdr/session.json workspaces=5
2026-09-02T10:25:46.861240Z  INFO herdr::pane: agent changed pane=11 previous_agent=Some(Codex) agent=None pgid=Some(21062)
2026-09-02T10:29:46.869025Z  INFO herdr::logging: workspace focused event="workspace.focus" subsystem="workspace" outcome="ok" workspace_id="w6"
2026-09-02T10:29:46.869275Z  INFO herdr::logging: tab focused event="tab.focus" subsystem="tab" outcome="ok" workspace_id="w6" tab_id="w6:t1"
2026-09-02T10:29:51.882460Z  INFO herdr::logging: session saved event="persist.save" subsystem="persist" outcome="ok" path=/Users/wqin/.config/herdr/session.json workspaces=5
2026-09-02T10:37:23.874614Z  INFO herdr::pane: agent changed pane=7 previous_agent=Some(Codex) agent=None pgid=Some(67269)
2026-09-02T10:53:33.235974Z  INFO herdr::logging: checking for updates event="update.check.start" subsystem="update" outcome="started"
2026-09-02T10:55:51.857613Z  INFO herdr::logging: workspace focused event="workspace.focus" subsystem="workspace" outcome="ok" workspace_id="w7"
2026-09-02T10:55:51.858746Z  INFO herdr::logging: tab focused event="tab.focus" subsystem="tab" outcome="ok" workspace_id="w7" tab_id="w7:t1"
2026-09-02T10:55:56.884207Z  INFO herdr::logging: session saved event="persist.save" subsystem="persist" outcome="ok" path=/Users/wqin/.config/herdr/session.json workspaces=5
2026-09-02T10:56:05.036721Z  INFO herdr::logging: workspace focused event="workspace.focus" subsystem="workspace" outcome="ok" workspace_id="w8"
2026-09-02T10:56:05.037474Z  INFO herdr::logging: tab focused event="tab.focus" subsystem="tab" outcome="ok" workspace_id="w8" tab_id="w8:t1"
2026-09-02T10:56:05.766404Z  INFO herdr::logging: workspace focused event="workspace.focus" subsystem="workspace" outcome="ok" workspace_id="w7"
2026-09-02T10:56:05.766571Z  INFO herdr::logging: tab focused event="tab.focus" subsystem="tab" outcome="ok" workspace_id="w7" tab_id="w7:t1"
2026-09-02T10:56:06.262970Z  INFO herdr::logging: workspace focused event="workspace.focus" subsystem="workspace" outcome="ok" workspace_id="w6"
2026-09-02T10:56:06.263136Z  INFO herdr::logging: tab focused event="tab.focus" subsystem="tab" outcome="ok" workspace_id="w6" tab_id="w6:t1"
2026-09-02T10:56:06.718130Z  INFO herdr::logging: workspace focused event="workspace.focus" subsystem="workspace" outcome="ok" workspace_id="w4"
2026-09-02T10:56:06.718304Z  INFO herdr::logging: tab focused event="tab.focus" subsystem="tab" outcome="ok" workspace_id="w4" tab_id="w4:t1"
2026-09-02T10:56:07.166739Z  INFO herdr::logging: workspace focused event="workspace.focus" subsystem="workspace" outcome="ok" workspace_id="w7"
2026-09-02T10:56:07.166921Z  INFO herdr::logging: tab focused event="tab.focus" subsystem="tab" outcome="ok" workspace_id="w7" tab_id="w7:t1"
2026-09-02T10:56:12.191857Z  INFO herdr::logging: session saved event="persist.save" subsystem="persist" outcome="ok" path=/Users/wqin/.config/herdr/session.json workspaces=5
2026-09-02T10:59:35.527519Z  INFO herdr::pane: agent changed pane=9 previous_agent=Some(Gemini) agent=None pgid=Some(67271)
2026-09-02T11:12:31.441889Z  INFO herdr::pane: agent changed pane=9 previous_agent=None agent=Some(Claude) process=claude pgid=Some(4739)
2026-09-02T11:12:54.719567Z  INFO herdr::pane: agent changed pane=9 previous_agent=Some(Claude) agent=None pgid=Some(67271)
2026-09-02T11:15:37.260762Z  INFO herdr::app::actions: copied selection to clipboard
2026-09-02T11:20:58.407579Z  INFO herdr::pane: agent changed pane=9 previous_agent=None agent=Some(Claude) process=claude pgid=Some(17525)
2026-09-02T11:21:39.175270Z  INFO herdr::pane: agent changed pane=9 previous_agent=Some(Claude) agent=None pgid=Some(67271)
2026-09-02T11:21:48.721541Z  INFO herdr::pane: agent changed pane=9 previous_agent=None agent=Some(Claude) process=claude pgid=Some(18342)
2026-09-02T11:23:33.203674Z  INFO herdr::logging: checking for updates event="update.check.start" subsystem="update" outcome="started"
2026-09-02T11:28:14.893915Z  INFO herdr::logging: workspace focused event="workspace.focus" subsystem="workspace" outcome="ok" workspace_id="w5"
2026-09-02T11:28:14.894904Z  INFO herdr::logging: tab focused event="tab.focus" subsystem="tab" outcome="ok" workspace_id="w5" tab_id="w5:t1"
2026-09-02T11:28:16.031965Z  INFO herdr::logging: workspace focused event="workspace.focus" subsystem="workspace" outcome="ok" workspace_id="w4"
2026-09-02T11:28:16.032138Z  INFO herdr::logging: tab focused event="tab.focus" subsystem="tab" outcome="ok" workspace_id="w4" tab_id="w4:t1"
2026-09-02T11:28:21.055509Z  INFO herdr::logging: session saved event="persist.save" subsystem="persist" outcome="ok" path=/Users/wqin/.config/herdr/session.json workspaces=5
2026-09-02T11:28:25.306819Z  INFO herdr::logging: workspace focused event="workspace.focus" subsystem="workspace" outcome="ok" workspace_id="w6"
2026-09-02T11:28:25.306997Z  INFO herdr::logging: tab focused event="tab.focus" subsystem="tab" outcome="ok" workspace_id="w6" tab_id="w6:t1"
2026-09-02T11:28:26.190125Z  INFO herdr::logging: workspace focused event="workspace.focus" subsystem="workspace" outcome="ok" workspace_id="w7"
2026-09-02T11:28:26.190306Z  INFO herdr::logging: tab focused event="tab.focus" subsystem="tab" outcome="ok" workspace_id="w7" tab_id="w7:t1"
2026-09-02T11:28:26.516920Z  INFO herdr::logging: workspace focused event="workspace.focus" subsystem="workspace" outcome="ok" workspace_id="w8"
2026-09-02T11:28:26.517028Z  INFO herdr::logging: tab focused event="tab.focus" subsystem="tab" outcome="ok" workspace_id="w8" tab_id="w8:t1"
2026-09-02T11:28:37.015444Z  INFO herdr::logging: session saved event="persist.save" subsystem="persist" outcome="ok" path=/Users/wqin/.config/herdr/session.json workspaces=5
2026-09-02T11:29:13.370525Z  INFO herdr::logging: workspace focused event="workspace.focus" subsystem="workspace" outcome="ok" workspace_id="w7"
2026-09-02T11:29:13.370684Z  INFO herdr::logging: tab focused event="tab.focus" subsystem="tab" outcome="ok" workspace_id="w7" tab_id="w7:t1"
2026-09-02T11:29:18.394526Z  INFO herdr::logging: session saved event="persist.save" subsystem="persist" outcome="ok" path=/Users/wqin/.config/herdr/session.json workspaces=5
2026-09-02T11:29:32.892000Z  INFO herdr::app::actions: copied selection to clipboard
2026-09-02T11:35:01.246543Z  INFO herdr::app::actions: copied selection to clipboard
2026-09-02T11:39:36.281226Z  INFO herdr::app::actions: copied double-clicked token to clipboard
2026-09-02T11:44:28.568142Z  INFO herdr::pane: agent changed pane=9 previous_agent=Some(Claude) agent=None pgid=Some(67271)
2026-09-02T11:44:35.100712Z  INFO herdr::pane: agent changed pane=9 previous_agent=None agent=Some(Claude) process=claude pgid=Some(46128)
2026-09-02T11:47:47.435555Z  INFO herdr::logging: session saved event="persist.save" subsystem="persist" outcome="ok" path=/Users/wqin/.config/herdr/session.json workspaces=5
2026-09-02T11:53:33.235339Z  INFO herdr::logging: checking for updates event="update.check.start" subsystem="update" outcome="started"
2026-09-02T12:13:05.735074Z  INFO herdr::app::actions: copied selection to clipboard
2026-09-02T12:15:24.662184Z  INFO herdr::logging: tab focused event="tab.focus" subsystem="tab" outcome="ok" workspace_id="w7" tab_id="w7:t1"
2026-09-02T12:15:29.690698Z  INFO herdr::logging: session saved event="persist.save" subsystem="persist" outcome="ok" path=/Users/wqin/.config/herdr/session.json workspaces=5
2026-09-02T12:23:33.301556Z  INFO herdr::logging: checking for updates event="update.check.start" subsystem="update" outcome="started"
2026-09-02T12:27:57.806235Z  INFO herdr::logging: tab focused event="tab.focus" subsystem="tab" outcome="ok" workspace_id="w7" tab_id="w7:t1"
2026-09-02T12:27:59.829282Z  INFO herdr::app::actions: copied selection to clipboard
2026-09-02T12:28:02.864115Z  INFO herdr::logging: session saved event="persist.save" subsystem="persist" outcome="ok" path=/Users/wqin/.config/herdr/session.json workspaces=5
2026-09-02T12:30:02.993667Z  INFO herdr::app::actions: copied selection to clipboard
2026-09-02T12:43:53.145497Z  INFO herdr::pane: agent changed pane=9 previous_agent=Some(Claude) agent=None pgid=Some(67271)
2026-09-02T12:44:48.981412Z  INFO herdr::app::actions: copied selection to clipboard
2026-09-02T12:44:51.440014Z  INFO herdr::pane: agent changed pane=9 previous_agent=None agent=Some(Claude) process=claude pgid=Some(22068)
2026-09-02T12:47:54.431173Z  INFO herdr::pane: agent changed pane=9 previous_agent=Some(Claude) agent=None pgid=Some(67271)
2026-09-02T12:47:55.677189Z  INFO herdr::logging: workspace focused event="workspace.focus" subsystem="workspace" outcome="ok" workspace_id="w8"
2026-09-02T12:47:55.677346Z  INFO herdr::logging: tab focused event="tab.focus" subsystem="tab" outcome="ok" workspace_id="w8" tab_id="w8:t1"
2026-09-02T12:47:56.105313Z  INFO herdr::logging: workspace focused event="workspace.focus" subsystem="workspace" outcome="ok" workspace_id="w5"
2026-09-02T12:47:56.105481Z  INFO herdr::logging: tab focused event="tab.focus" subsystem="tab" outcome="ok" workspace_id="w5" tab_id="w5:t1"
2026-09-02T12:48:01.146268Z  INFO herdr::logging: session saved event="persist.save" subsystem="persist" outcome="ok" path=/Users/wqin/.config/herdr/session.json workspaces=5
2026-09-02T12:49:59.102471Z  INFO herdr::pane: agent changed pane=4 previous_agent=None agent=Some(Claude) process=claude pgid=Some(29191)
2026-09-02T12:50:06.958907Z  INFO herdr::pane: agent changed pane=4 previous_agent=Some(Claude) agent=None pgid=Some(67266)
2026-09-02T12:50:13.493042Z  INFO herdr::pane: agent changed pane=4 previous_agent=None agent=Some(Claude) process=claude pgid=Some(29490)
2026-09-02T12:53:33.270281Z  INFO herdr::logging: checking for updates event="update.check.start" subsystem="update" outcome="started"
2026-09-02T12:55:59.688347Z  INFO herdr::pane: agent changed pane=4 previous_agent=Some(Claude) agent=None pgid=Some(67266)
2026-09-02T12:57:11.366710Z  INFO herdr::logging: workspace focused event="workspace.focus" subsystem="workspace" outcome="ok" workspace_id="w7"
2026-09-02T12:57:11.367564Z  INFO herdr::logging: tab focused event="tab.focus" subsystem="tab" outcome="ok" workspace_id="w7" tab_id="w7:t1"
2026-09-02T12:57:14.454162Z  INFO herdr::pane: agent changed pane=9 previous_agent=None agent=Some(Codex) process=codex pgid=Some(41038)
2026-09-02T12:57:16.381186Z  INFO herdr::logging: session saved event="persist.save" subsystem="persist" outcome="ok" path=/Users/wqin/.config/herdr/session.json workspaces=5
2026-09-02T12:58:29.138096Z  INFO herdr::pane: agent changed pane=9 previous_agent=Some(Codex) agent=None pgid=Some(67271)
2026-09-02T12:59:42.151721Z  INFO herdr::logging: workspace focused event="workspace.focus" subsystem="workspace" outcome="ok" workspace_id="w5"
2026-09-02T12:59:42.152754Z  INFO herdr::logging: tab focused event="tab.focus" subsystem="tab" outcome="ok" workspace_id="w5" tab_id="w5:t1"
2026-09-02T12:59:46.737086Z  INFO herdr::pane: agent changed pane=4 previous_agent=None agent=Some(Claude) process=claude pgid=Some(44750)
2026-09-02T12:59:47.164954Z  INFO herdr::logging: session saved event="persist.save" subsystem="persist" outcome="ok" path=/Users/wqin/.config/herdr/session.json workspaces=5
2026-09-02T13:02:39.461159Z  INFO herdr::pane: agent changed pane=4 previous_agent=Some(Claude) agent=None pgid=Some(67266)
2026-09-02T13:03:12.607833Z  INFO herdr::pane: agent changed pane=4 previous_agent=None agent=Some(Claude) process=claude pgid=Some(49537)
2026-09-02T13:14:26.177755Z  INFO herdr::app::actions: copied selection to clipboard
2026-09-02T13:23:33.346914Z  INFO herdr::logging: checking for updates event="update.check.start" subsystem="update" outcome="started"
2026-09-02T13:24:06.048746Z  INFO herdr::app::actions: copied selection to clipboard
2026-09-02T13:25:08.203542Z  INFO herdr::app::actions: copied selection to clipboard
2026-09-02T13:27:16.603332Z  INFO herdr::app::actions: copied selection to clipboard
2026-09-02T13:28:54.971918Z  INFO herdr::app::actions: copied selection to clipboard
2026-09-02T13:49:13.209677Z  INFO herdr::pane: agent changed pane=4 previous_agent=Some(Claude) agent=None pgid=Some(67266)
2026-09-02T13:53:33.369822Z  INFO herdr::logging: checking for updates event="update.check.start" subsystem="update" outcome="started"
2026-09-02T13:59:42.222001Z  INFO herdr::server::headless: client resize client_id=2 cols=238 rows=55 cell_width_px=0 cell_height_px=0
2026-09-02T13:59:42.332820Z  INFO herdr::server::headless: client resize client_id=2 cols=238 rows=55 cell_width_px=0 cell_height_px=0
2026-09-02T13:59:43.112871Z  INFO herdr::server::headless: client resize client_id=2 cols=198 rows=60 cell_width_px=0 cell_height_px=0
2026-09-02T13:59:44.047724Z  INFO herdr::server::headless: client resize client_id=2 cols=224 rows=52 cell_width_px=0 cell_height_px=0
2026-09-02T14:10:18.440169Z  INFO herdr::server::headless: client resize client_id=2 cols=238 rows=55 cell_width_px=0 cell_height_px=0
2026-09-02T14:10:19.293186Z  INFO herdr::server::headless: client resize client_id=2 cols=198 rows=60 cell_width_px=0 cell_height_px=0
2026-09-02T14:10:19.364576Z  INFO herdr::server::headless: client resize client_id=2 cols=198 rows=60 cell_width_px=0 cell_height_px=0
2026-09-02T14:10:20.141743Z  INFO herdr::server::headless: client resize client_id=2 cols=224 rows=52 cell_width_px=0 cell_height_px=0
2026-09-02T14:10:22.345735Z  INFO herdr::server::headless: client resize client_id=2 cols=238 rows=54 cell_width_px=0 cell_height_px=0
2026-09-02T14:10:22.452447Z  INFO herdr::server::headless: client resize client_id=2 cols=198 rows=60 cell_width_px=0 cell_height_px=0
2026-09-02T14:10:23.871209Z  INFO herdr::server::headless: client resize client_id=2 cols=224 rows=52 cell_width_px=0 cell_height_px=0
2026-09-02T14:10:23.982657Z  INFO herdr::server::headless: client resize client_id=2 cols=224 rows=52 cell_width_px=0 cell_height_px=0
2026-09-02T14:27:08.319935Z  INFO herdr::logging: checking for updates event="update.check.start" subsystem="update" outcome="started"
2026-09-02T15:03:20.168258Z  INFO herdr::logging: checking for updates event="update.check.start" subsystem="update" outcome="started"
2026-09-02T15:33:20.215705Z  INFO herdr::logging: checking for updates event="update.check.start" subsystem="update" outcome="started"
2026-09-02T16:05:09.078268Z  INFO herdr::logging: checking for updates event="update.check.start" subsystem="update" outcome="started"
2026-09-02T16:35:09.098649Z  INFO herdr::logging: checking for updates event="update.check.start" subsystem="update" outcome="started"
2026-09-02T17:20:57.642044Z  INFO herdr::logging: checking for updates event="update.check.start" subsystem="update" outcome="started"
2026-09-02T17:50:57.641288Z  INFO herdr::logging: checking for updates event="update.check.start" subsystem="update" outcome="started"
2026-09-02T20:09:30.261803Z  INFO herdr::logging: checking for updates event="update.check.start" subsystem="update" outcome="started"
2026-09-02T20:39:30.222160Z  INFO herdr::logging: checking for updates event="update.check.start" subsystem="update" outcome="started"
2026-09-02T23:01:51.408702Z  INFO herdr::logging: checking for updates event="update.check.start" subsystem="update" outcome="started"
2026-09-03T00:56:50.997653Z  INFO herdr::logging: checking for updates event="update.check.start" subsystem="update" outcome="started"
2026-09-03T01:26:51.052484Z  INFO herdr::logging: checking for updates event="update.check.start" subsystem="update" outcome="started"
2026-09-03T01:47:11.735087Z  INFO herdr::server::headless: client resize client_id=2 cols=238 rows=55 cell_width_px=0 cell_height_px=0
2026-09-03T01:47:12.561044Z  INFO herdr::server::headless: client resize client_id=2 cols=198 rows=60 cell_width_px=0 cell_height_px=0
2026-09-03T01:47:13.517671Z  INFO herdr::server::headless: client resize client_id=2 cols=224 rows=52 cell_width_px=0 cell_height_px=0
2026-09-03T01:47:14.101474Z  INFO herdr::server::headless: client resize client_id=2 cols=224 rows=52 cell_width_px=0 cell_height_px=0
2026-09-03T01:47:15.687372Z  INFO herdr::server::headless: client resize client_id=2 cols=198 rows=60 cell_width_px=0 cell_height_px=0
2026-09-03T01:47:15.806309Z  INFO herdr::server::headless: client resize client_id=2 cols=198 rows=60 cell_width_px=0 cell_height_px=0
2026-09-03T01:47:17.178659Z  INFO herdr::server::headless: client resize client_id=2 cols=224 rows=52 cell_width_px=0 cell_height_px=0
2026-09-03T01:47:17.264188Z  INFO herdr::server::headless: client resize client_id=2 cols=224 rows=52 cell_width_px=0 cell_height_px=0
2026-09-03T01:47:40.345397Z  INFO herdr::logging: workspace focused event="workspace.focus" subsystem="workspace" outcome="ok" workspace_id="w7"
2026-09-03T01:47:40.345647Z  INFO herdr::logging: tab focused event="tab.focus" subsystem="tab" outcome="ok" workspace_id="w7" tab_id="w7:t1"
2026-09-03T01:47:45.379774Z  INFO herdr::logging: session saved event="persist.save" subsystem="persist" outcome="ok" path=/Users/wqin/.config/herdr/session.json workspaces=5
2026-09-03T01:47:49.109418Z  INFO herdr::app::actions: copied selection to clipboard
2026-09-03T01:47:52.340845Z  INFO herdr::pane: agent changed pane=9 previous_agent=None agent=Some(Claude) process=claude pgid=Some(37978)
2026-09-03T02:06:37.156913Z  INFO herdr::server::headless: client resize client_id=2 cols=238 rows=55 cell_width_px=0 cell_height_px=0
2026-09-03T02:06:38.181266Z  INFO herdr::server::headless: client resize client_id=2 cols=198 rows=60 cell_width_px=0 cell_height_px=0
2026-09-03T02:06:39.036395Z  INFO herdr::server::headless: client resize client_id=2 cols=224 rows=52 cell_width_px=0 cell_height_px=0
2026-09-03T02:06:41.317999Z  INFO herdr::server::headless: client resize client_id=2 cols=198 rows=60 cell_width_px=0 cell_height_px=0
2026-09-03T02:06:41.446620Z  INFO herdr::server::headless: client resize client_id=2 cols=198 rows=60 cell_width_px=0 cell_height_px=0
2026-09-03T02:06:42.879037Z  INFO herdr::server::headless: client resize client_id=2 cols=224 rows=52 cell_width_px=0 cell_height_px=0
2026-09-03T02:06:42.998960Z  INFO herdr::server::headless: client resize client_id=2 cols=224 rows=52 cell_width_px=0 cell_height_px=0
2026-09-03T02:08:05.624578Z  INFO herdr::logging: checking for updates event="update.check.start" subsystem="update" outcome="started"
2026-09-03T02:18:52.429234Z  INFO herdr::server::headless: client resize client_id=2 cols=238 rows=55 cell_width_px=0 cell_height_px=0
2026-09-03T02:18:53.373026Z  INFO herdr::server::headless: client resize client_id=2 cols=199 rows=54 cell_width_px=0 cell_height_px=0
2026-09-03T02:18:53.476979Z  INFO herdr::server::headless: client resize client_id=2 cols=199 rows=54 cell_width_px=0 cell_height_px=0
2026-09-03T02:18:54.292148Z  INFO herdr::server::headless: client resize client_id=2 cols=224 rows=52 cell_width_px=0 cell_height_px=0
2026-09-03T02:22:11.074692Z  INFO herdr::pane: agent changed pane=9 previous_agent=Some(Claude) agent=None pgid=Some(67271)
2026-09-03T02:23:52.143494Z  INFO herdr::logging: workspace focused event="workspace.focus" subsystem="workspace" outcome="ok" workspace_id="w6"
2026-09-03T02:23:52.143664Z  INFO herdr::logging: tab focused event="tab.focus" subsystem="tab" outcome="ok" workspace_id="w6" tab_id="w6:t1"
2026-09-03T02:23:52.502263Z  INFO herdr::logging: workspace focused event="workspace.focus" subsystem="workspace" outcome="ok" workspace_id="w8"
2026-09-03T02:23:52.502439Z  INFO herdr::logging: tab focused event="tab.focus" subsystem="tab" outcome="ok" workspace_id="w8" tab_id="w8:t1"
2026-09-03T02:23:52.801476Z  INFO herdr::logging: workspace focused event="workspace.focus" subsystem="workspace" outcome="ok" workspace_id="w4"
2026-09-03T02:23:52.801643Z  INFO herdr::logging: tab focused event="tab.focus" subsystem="tab" outcome="ok" workspace_id="w4" tab_id="w4:t1"
2026-09-03T02:23:53.506543Z  INFO herdr::logging: workspace focused event="workspace.focus" subsystem="workspace" outcome="ok" workspace_id="w4"
2026-09-03T02:23:53.506720Z  INFO herdr::logging: tab focused event="tab.focus" subsystem="tab" outcome="ok" workspace_id="w4" tab_id="w4:t1"
2026-09-03T02:23:53.909496Z  INFO herdr::logging: workspace focused event="workspace.focus" subsystem="workspace" outcome="ok" workspace_id="w4"
2026-09-03T02:23:53.909675Z  INFO herdr::logging: tab focused event="tab.focus" subsystem="tab" outcome="ok" workspace_id="w4" tab_id="w4:t1"
2026-09-03T02:23:58.952122Z  INFO herdr::logging: session saved event="persist.save" subsystem="persist" outcome="ok" path=/Users/wqin/.config/herdr/session.json workspaces=5
2026-09-03T02:38:09.992042Z  INFO herdr::logging: checking for updates event="update.check.start" subsystem="update" outcome="started"
2026-09-03T03:08:09.981238Z  INFO herdr::logging: checking for updates event="update.check.start" subsystem="update" outcome="started"
2026-09-03T03:08:48.389787Z  INFO herdr::logging: workspace focused event="workspace.focus" subsystem="workspace" outcome="ok" workspace_id="w8"
2026-09-03T03:08:48.390827Z  INFO herdr::logging: tab focused event="tab.focus" subsystem="tab" outcome="ok" workspace_id="w8" tab_id="w8:t1"
2026-09-03T03:08:49.291346Z  INFO herdr::logging: workspace focused event="workspace.focus" subsystem="workspace" outcome="ok" workspace_id="w4"
2026-09-03T03:08:49.291524Z  INFO herdr::logging: tab focused event="tab.focus" subsystem="tab" outcome="ok" workspace_id="w4" tab_id="w4:t1"
2026-09-03T03:08:49.711915Z  INFO herdr::logging: workspace focused event="workspace.focus" subsystem="workspace" outcome="ok" workspace_id="w5"
2026-09-03T03:08:49.712088Z  INFO herdr::logging: tab focused event="tab.focus" subsystem="tab" outcome="ok" workspace_id="w5" tab_id="w5:t1"
2026-09-03T03:08:53.064185Z  INFO herdr::logging: workspace focused event="workspace.focus" subsystem="workspace" outcome="ok" workspace_id="w7"
2026-09-03T03:08:53.064363Z  INFO herdr::logging: tab focused event="tab.focus" subsystem="tab" outcome="ok" workspace_id="w7" tab_id="w7:t1"
2026-09-03T03:08:53.537689Z  INFO herdr::logging: workspace focused event="workspace.focus" subsystem="workspace" outcome="ok" workspace_id="w6"
2026-09-03T03:08:53.537861Z  INFO herdr::logging: tab focused event="tab.focus" subsystem="tab" outcome="ok" workspace_id="w6" tab_id="w6:t1"
2026-09-03T03:08:54.027038Z  INFO herdr::logging: workspace focused event="workspace.focus" subsystem="workspace" outcome="ok" workspace_id="w6"
2026-09-03T03:08:54.027236Z  INFO herdr::logging: tab focused event="tab.focus" subsystem="tab" outcome="ok" workspace_id="w6" tab_id="w6:t1"
2026-09-03T03:08:54.351291Z  INFO herdr::logging: workspace focused event="workspace.focus" subsystem="workspace" outcome="ok" workspace_id="w7"
2026-09-03T03:08:54.351457Z  INFO herdr::logging: tab focused event="tab.focus" subsystem="tab" outcome="ok" workspace_id="w7" tab_id="w7:t1"
2026-09-03T03:08:57.768629Z  INFO herdr::pane: agent changed pane=9 previous_agent=None agent=Some(Codex) process=codex pgid=Some(17906)
2026-09-03T03:08:59.365435Z  INFO herdr::logging: session saved event="persist.save" subsystem="persist" outcome="ok" path=/Users/wqin/.config/herdr/session.json workspaces=5
2026-09-03T03:38:10.051281Z  INFO herdr::logging: checking for updates event="update.check.start" subsystem="update" outcome="started"
2026-09-03T03:45:38.010958Z  INFO herdr::pane: agent changed pane=9 previous_agent=Some(Codex) agent=None pgid=Some(67271)
2026-09-03T03:45:38.764661Z  INFO herdr::logging: workspace focused event="workspace.focus" subsystem="workspace" outcome="ok" workspace_id="w8"
2026-09-03T03:45:38.764734Z  INFO herdr::logging: tab focused event="tab.focus" subsystem="tab" outcome="ok" workspace_id="w8" tab_id="w8:t1"
2026-09-03T03:45:43.803025Z  INFO herdr::logging: session saved event="persist.save" subsystem="persist" outcome="ok" path=/Users/wqin/.config/herdr/session.json workspaces=5
2026-09-03T04:08:10.137679Z  INFO herdr::logging: checking for updates event="update.check.start" subsystem="update" outcome="started"
2026-09-03T04:38:10.225367Z  INFO herdr::logging: checking for updates event="update.check.start" subsystem="update" outcome="started"
2026-09-03T04:45:53.366655Z  INFO herdr::server::headless: client resize client_id=2 cols=199 rows=54 cell_width_px=0 cell_height_px=0
2026-09-03T04:45:54.845893Z  INFO herdr::server::headless: client resize client_id=2 cols=224 rows=52 cell_width_px=0 cell_height_px=0
2026-09-03T05:06:04.830542Z  INFO herdr::server::headless: client resize client_id=2 cols=224 rows=52 cell_width_px=0 cell_height_px=0
2026-09-03T05:06:04.929287Z  INFO herdr::server::headless: client resize client_id=2 cols=224 rows=52 cell_width_px=0 cell_height_px=0
2026-09-03T05:08:10.265454Z  INFO herdr::logging: checking for updates event="update.check.start" subsystem="update" outcome="started"
2026-09-03T05:38:10.303885Z  INFO herdr::logging: checking for updates event="update.check.start" subsystem="update" outcome="started"
2026-09-03T06:08:10.173703Z  INFO herdr::logging: checking for updates event="update.check.start" subsystem="update" outcome="started"
2026-09-03T06:20:47.914621Z  INFO herdr::server::headless: client resize client_id=2 cols=238 rows=54 cell_width_px=0 cell_height_px=0
2026-09-03T06:20:48.864227Z  INFO herdr::server::headless: client resize client_id=2 cols=199 rows=54 cell_width_px=0 cell_height_px=0
2026-09-03T06:20:49.667808Z  INFO herdr::server::headless: client resize client_id=2 cols=224 rows=52 cell_width_px=0 cell_height_px=0
2026-09-03T06:20:49.756803Z  INFO herdr::server::headless: client resize client_id=2 cols=224 rows=52 cell_width_px=0 cell_height_px=0
2026-09-03T06:25:21.104602Z  INFO herdr::logging: tab focused event="tab.focus" subsystem="tab" outcome="ok" workspace_id="w8" tab_id="w8:t1"
2026-09-03T06:25:24.060538Z  INFO herdr::logging: tab focused event="tab.focus" subsystem="tab" outcome="ok" workspace_id="w8" tab_id="w8:t1"
2026-09-03T06:25:27.132329Z  INFO herdr::logging: workspace focused event="workspace.focus" subsystem="workspace" outcome="ok" workspace_id="w5"
2026-09-03T06:25:27.132388Z  INFO herdr::logging: tab focused event="tab.focus" subsystem="tab" outcome="ok" workspace_id="w5" tab_id="w5:t1"
2026-09-03T06:25:31.060961Z  INFO herdr::logging: workspace focused event="workspace.focus" subsystem="workspace" outcome="ok" workspace_id="w4"
2026-09-03T06:25:31.061063Z  INFO herdr::logging: tab focused event="tab.focus" subsystem="tab" outcome="ok" workspace_id="w4" tab_id="w4:t1"
2026-09-03T06:25:34.035987Z  INFO herdr::logging: tab focused event="tab.focus" subsystem="tab" outcome="ok" workspace_id="w4" tab_id="w4:t1"
2026-09-03T06:25:36.724498Z  INFO herdr::logging: tab focused event="tab.focus" subsystem="tab" outcome="ok" workspace_id="w4" tab_id="w4:t1"
2026-09-03T06:25:39.338222Z  INFO herdr::logging: workspace focused event="workspace.focus" subsystem="workspace" outcome="ok" workspace_id="w5"
2026-09-03T06:25:39.338324Z  INFO herdr::logging: tab focused event="tab.focus" subsystem="tab" outcome="ok" workspace_id="w5" tab_id="w5:t1"
2026-09-03T06:25:39.828280Z  INFO herdr::logging: workspace focused event="workspace.focus" subsystem="workspace" outcome="ok" workspace_id="w8"
2026-09-03T06:25:39.828386Z  INFO herdr::logging: tab focused event="tab.focus" subsystem="tab" outcome="ok" workspace_id="w8" tab_id="w8:t1"
2026-09-03T06:25:40.624812Z  INFO herdr::logging: workspace focused event="workspace.focus" subsystem="workspace" outcome="ok" workspace_id="w6"
2026-09-03T06:25:40.624915Z  INFO herdr::logging: tab focused event="tab.focus" subsystem="tab" outcome="ok" workspace_id="w6" tab_id="w6:t1"
2026-09-03T06:25:44.862057Z  INFO herdr::logging: tab focused event="tab.focus" subsystem="tab" outcome="ok" workspace_id="w6" tab_id="w6:t1"
2026-09-03T06:25:47.615740Z  INFO herdr::logging: workspace focused event="workspace.focus" subsystem="workspace" outcome="ok" workspace_id="w7"
2026-09-03T06:25:47.615794Z  INFO herdr::logging: tab focused event="tab.focus" subsystem="tab" outcome="ok" workspace_id="w7" tab_id="w7:t1"
2026-09-03T06:25:50.630436Z  INFO herdr::logging: tab focused event="tab.focus" subsystem="tab" outcome="ok" workspace_id="w7" tab_id="w7:t1"
2026-09-03T06:25:54.038911Z  INFO herdr::logging: workspace focused event="workspace.focus" subsystem="workspace" outcome="ok" workspace_id="w7"
2026-09-03T06:25:54.038976Z  INFO herdr::logging: tab focused event="tab.focus" subsystem="tab" outcome="ok" workspace_id="w7" tab_id="w7:t1"
2026-09-03T06:25:54.335989Z  INFO herdr::logging: workspace focused event="workspace.focus" subsystem="workspace" outcome="ok" workspace_id="w6"
2026-09-03T06:25:54.336047Z  INFO herdr::logging: tab focused event="tab.focus" subsystem="tab" outcome="ok" workspace_id="w6" tab_id="w6:t1"
2026-09-03T06:25:59.344490Z  INFO herdr::logging: session saved event="persist.save" subsystem="persist" outcome="ok" path=/Users/wqin/.config/herdr/session.json workspaces=5
2026-09-03T06:32:38.285986Z  INFO herdr::logging: workspace focused event="workspace.focus" subsystem="workspace" outcome="ok" workspace_id="w8"
2026-09-03T06:32:38.287414Z  INFO herdr::logging: tab focused event="tab.focus" subsystem="tab" outcome="ok" workspace_id="w8" tab_id="w8:t1"
2026-09-03T06:32:38.765601Z  INFO herdr::logging: workspace focused event="workspace.focus" subsystem="workspace" outcome="ok" workspace_id="w5"
2026-09-03T06:32:38.765774Z  INFO herdr::logging: tab focused event="tab.focus" subsystem="tab" outcome="ok" workspace_id="w5" tab_id="w5:t1"
2026-09-03T06:32:39.430694Z  INFO herdr::logging: workspace focused event="workspace.focus" subsystem="workspace" outcome="ok" workspace_id="w8"
2026-09-03T06:32:39.430790Z  INFO herdr::logging: tab focused event="tab.focus" subsystem="tab" outcome="ok" workspace_id="w8" tab_id="w8:t1"
2026-09-03T06:32:40.315778Z  INFO herdr::logging: workspace focused event="workspace.focus" subsystem="workspace" outcome="ok" workspace_id="w5"
2026-09-03T06:32:40.315961Z  INFO herdr::logging: tab focused event="tab.focus" subsystem="tab" outcome="ok" workspace_id="w5" tab_id="w5:t1"
2026-09-03T06:32:40.988415Z  INFO herdr::logging: workspace focused event="workspace.focus" subsystem="workspace" outcome="ok" workspace_id="w4"
2026-09-03T06:32:40.988589Z  INFO herdr::logging: tab focused event="tab.focus" subsystem="tab" outcome="ok" workspace_id="w4" tab_id="w4:t1"
2026-09-03T06:32:41.749320Z  INFO herdr::logging: workspace focused event="workspace.focus" subsystem="workspace" outcome="ok" workspace_id="w6"
2026-09-03T06:32:41.749496Z  INFO herdr::logging: tab focused event="tab.focus" subsystem="tab" outcome="ok" workspace_id="w6" tab_id="w6:t1"
2026-09-03T06:32:42.931575Z  INFO herdr::logging: workspace focused event="workspace.focus" subsystem="workspace" outcome="ok" workspace_id="w8"
2026-09-03T06:32:42.931752Z  INFO herdr::logging: tab focused event="tab.focus" subsystem="tab" outcome="ok" workspace_id="w8" tab_id="w8:t1"
2026-09-03T06:32:45.225789Z  INFO herdr::pane: agent changed pane=11 previous_agent=None agent=Some(Codex) process=codex pgid=Some(35490)
2026-09-03T06:32:47.938178Z  INFO herdr::logging: session saved event="persist.save" subsystem="persist" outcome="ok" path=/Users/wqin/.config/herdr/session.json workspaces=5
2026-09-03T06:35:07.737133Z  INFO herdr::app::actions: copied selection to clipboard
2026-09-03T06:36:38.967753Z  INFO herdr::pane: agent changed pane=11 previous_agent=Some(Codex) agent=None pgid=Some(21062)
2026-09-03T06:38:14.753042Z  INFO herdr::logging: checking for updates event="update.check.start" subsystem="update" outcome="started"
2026-09-03T06:39:12.154433Z  INFO herdr::pane: agent changed pane=11 previous_agent=None agent=Some(Codex) process=codex pgid=Some(45461)
2026-09-03T06:47:55.452164Z  INFO herdr::app::actions: copied double-clicked token to clipboard
2026-09-03T06:47:58.528197Z  INFO herdr::app::actions: copied selection to clipboard
2026-09-03T06:47:58.934685Z  INFO herdr::logging: tab focused event="tab.focus" subsystem="tab" outcome="ok" workspace_id="w8" tab_id="w8:t1"
2026-09-03T06:48:03.940686Z  INFO herdr::logging: session saved event="persist.save" subsystem="persist" outcome="ok" path=/Users/wqin/.config/herdr/session.json workspaces=5
2026-09-03T06:50:56.161612Z  INFO herdr::logging: tab focused event="tab.focus" subsystem="tab" outcome="ok" workspace_id="w8" tab_id="w8:t1"
2026-09-03T06:51:01.165760Z  INFO herdr::logging: session saved event="persist.save" subsystem="persist" outcome="ok" path=/Users/wqin/.config/herdr/session.json workspaces=5
2026-09-03T07:08:14.653517Z  INFO herdr::logging: checking for updates event="update.check.start" subsystem="update" outcome="started"
2026-09-03T07:38:14.618016Z  INFO herdr::logging: checking for updates event="update.check.start" subsystem="update" outcome="started"
2026-09-03T07:45:38.002427Z  INFO herdr::app::actions: copied selection to clipboard
2026-09-03T08:08:14.574519Z  INFO herdr::logging: checking for updates event="update.check.start" subsystem="update" outcome="started"
2026-09-03T08:29:40.693147Z  INFO herdr::server::headless: client resize client_id=2 cols=238 rows=54 cell_width_px=0 cell_height_px=0
2026-09-03T08:29:42.542427Z  INFO herdr::server::headless: client resize client_id=2 cols=224 rows=52 cell_width_px=0 cell_height_px=0
2026-09-03T08:38:18.287946Z  INFO herdr::logging: checking for updates event="update.check.start" subsystem="update" outcome="started"
2026-09-03T08:46:52.937517Z  INFO herdr::server::headless: client resize client_id=2 cols=238 rows=54 cell_width_px=0 cell_height_px=0
2026-09-03T08:46:53.060043Z  INFO herdr::server::headless: client resize client_id=2 cols=238 rows=55 cell_width_px=0 cell_height_px=0
2026-09-03T08:46:53.940525Z  INFO herdr::server::headless: client resize client_id=2 cols=199 rows=54 cell_width_px=0 cell_height_px=0
2026-09-03T08:46:54.555195Z  INFO herdr::server::headless: client resize client_id=2 cols=224 rows=52 cell_width_px=0 cell_height_px=0
2026-09-03T08:46:54.735470Z  INFO herdr::server::headless: client resize client_id=2 cols=224 rows=52 cell_width_px=0 cell_height_px=0
2026-09-03T08:46:57.202516Z  INFO herdr::server::headless: client resize client_id=2 cols=238 rows=54 cell_width_px=0 cell_height_px=0
2026-09-03T08:46:57.393588Z  INFO herdr::server::headless: client resize client_id=2 cols=199 rows=54 cell_width_px=0 cell_height_px=0
2026-09-03T08:46:58.768548Z  INFO herdr::server::headless: client resize client_id=2 cols=224 rows=52 cell_width_px=0 cell_height_px=0
2026-09-03T08:57:29.075717Z  INFO herdr::server::headless: client resize client_id=2 cols=238 rows=54 cell_width_px=0 cell_height_px=0
2026-09-03T08:57:29.183296Z  INFO herdr::server::headless: client resize client_id=2 cols=238 rows=54 cell_width_px=0 cell_height_px=0
2026-09-03T08:57:29.987804Z  INFO herdr::server::headless: client resize client_id=2 cols=199 rows=54 cell_width_px=0 cell_height_px=0
2026-09-03T08:57:30.095232Z  INFO herdr::server::headless: client resize client_id=2 cols=199 rows=54 cell_width_px=0 cell_height_px=0
2026-09-03T08:57:30.913636Z  INFO herdr::server::headless: client resize client_id=2 cols=224 rows=52 cell_width_px=0 cell_height_px=0
2026-09-03T08:57:30.997240Z  INFO herdr::server::headless: client resize client_id=2 cols=224 rows=52 cell_width_px=0 cell_height_px=0
2026-09-03T08:57:33.169380Z  INFO herdr::server::headless: client resize client_id=2 cols=199 rows=54 cell_width_px=0 cell_height_px=0
2026-09-03T08:57:33.279364Z  INFO herdr::server::headless: client resize client_id=2 cols=199 rows=54 cell_width_px=0 cell_height_px=0
2026-09-03T08:57:34.637797Z  INFO herdr::server::headless: client resize client_id=2 cols=224 rows=52 cell_width_px=0 cell_height_px=0
2026-09-03T09:08:42.007770Z  INFO herdr::app::actions: copied selection to clipboard
2026-09-03T09:08:42.103938Z  INFO herdr::logging: checking for updates event="update.check.start" subsystem="update" outcome="started"
2026-09-03T09:24:23.740785Z  INFO herdr::app::actions: copied selection to clipboard
2026-09-03T09:25:30.759076Z  INFO herdr::app::actions: copied selection to clipboard
2026-09-03T09:36:12.992380Z  INFO herdr::app::actions: copied selection to clipboard
2026-09-03T09:38:42.176778Z  INFO herdr::logging: checking for updates event="update.check.start" subsystem="update" outcome="started"
2026-09-03T09:52:07.114978Z  INFO herdr::app::actions: copied selection to clipboard
2026-09-03T10:08:42.168497Z  INFO herdr::logging: checking for updates event="update.check.start" subsystem="update" outcome="started"
2026-09-03T10:38:42.330752Z  INFO herdr::logging: checking for updates event="update.check.start" subsystem="update" outcome="started"
2026-09-03T11:08:42.351247Z  INFO herdr::logging: checking for updates event="update.check.start" subsystem="update" outcome="started"
2026-09-03T11:38:42.440946Z  INFO herdr::logging: checking for updates event="update.check.start" subsystem="update" outcome="started"
2026-09-03T11:42:04.898350Z  INFO herdr::server::headless: client resize client_id=2 cols=238 rows=55 cell_width_px=0 cell_height_px=0
2026-09-03T11:42:05.895128Z  INFO herdr::server::headless: client resize client_id=2 cols=199 rows=54 cell_width_px=0 cell_height_px=0
2026-09-03T11:42:06.813860Z  INFO herdr::server::headless: client resize client_id=2 cols=224 rows=52 cell_width_px=0 cell_height_px=0
2026-09-03T11:42:09.018877Z  INFO herdr::server::headless: client resize client_id=2 cols=238 rows=54 cell_width_px=0 cell_height_px=0
2026-09-03T11:42:09.270829Z  INFO herdr::server::headless: client resize client_id=2 cols=238 rows=54 cell_width_px=0 cell_height_px=0
2026-09-03T11:42:09.270998Z  INFO herdr::server::headless: client resize client_id=2 cols=199 rows=54 cell_width_px=0 cell_height_px=0
2026-09-03T11:42:10.742155Z  INFO herdr::server::headless: client resize client_id=2 cols=224 rows=52 cell_width_px=0 cell_height_px=0
2026-09-03T12:11:31.787266Z  INFO herdr::server::headless: client resize client_id=2 cols=238 rows=55 cell_width_px=0 cell_height_px=0
2026-09-03T12:11:31.839238Z  INFO herdr::server::headless: client resize client_id=2 cols=238 rows=55 cell_width_px=0 cell_height_px=0
2026-09-03T12:11:32.606868Z  INFO herdr::server::headless: client resize client_id=2 cols=199 rows=54 cell_width_px=0 cell_height_px=0
2026-09-03T12:11:32.677391Z  INFO herdr::server::headless: client resize client_id=2 cols=199 rows=54 cell_width_px=0 cell_height_px=0
2026-09-03T12:11:33.374240Z  INFO herdr::server::headless: client resize client_id=2 cols=187 rows=52 cell_width_px=0 cell_height_px=0
2026-09-03T12:11:33.497538Z  INFO herdr::server::headless: client resize client_id=2 cols=224 rows=52 cell_width_px=0 cell_height_px=0
2026-09-03T12:11:35.827700Z  INFO herdr::server::headless: client resize client_id=2 cols=199 rows=54 cell_width_px=0 cell_height_px=0
2026-09-03T12:11:37.117354Z  INFO herdr::server::headless: client resize client_id=2 cols=224 rows=52 cell_width_px=0 cell_height_px=0
2026-09-03T12:24:08.390472Z  INFO herdr::logging: checking for updates event="update.check.start" subsystem="update" outcome="started"
2026-09-03T12:52:48.602266Z  INFO herdr::server::headless: client resize client_id=2 cols=238 rows=55 cell_width_px=0 cell_height_px=0
2026-09-03T12:52:49.536262Z  INFO herdr::server::headless: client resize client_id=2 cols=199 rows=54 cell_width_px=0 cell_height_px=0
2026-09-03T12:52:50.409505Z  INFO herdr::server::headless: client resize client_id=2 cols=224 rows=52 cell_width_px=0 cell_height_px=0
2026-09-03T12:52:50.548778Z  INFO herdr::server::headless: client resize client_id=2 cols=224 rows=52 cell_width_px=0 cell_height_px=0
2026-09-03T12:52:52.833706Z  INFO herdr::server::headless: client resize client_id=2 cols=199 rows=54 cell_width_px=0 cell_height_px=0
2026-09-03T12:52:54.203317Z  INFO herdr::server::headless: client resize client_id=2 cols=224 rows=52 cell_width_px=0 cell_height_px=0
2026-09-03T12:55:40.281859Z  INFO herdr::logging: checking for updates event="update.check.start" subsystem="update" outcome="started"
2026-09-03T13:17:21.459944Z  INFO herdr::server::headless: client resize client_id=2 cols=238 rows=55 cell_width_px=0 cell_height_px=0
2026-09-03T13:17:22.419908Z  INFO herdr::server::headless: client resize client_id=2 cols=199 rows=54 cell_width_px=0 cell_height_px=0
2026-09-03T13:17:23.108782Z  INFO herdr::server::headless: client resize client_id=2 cols=224 rows=52 cell_width_px=0 cell_height_px=0
2026-09-03T13:17:24.433466Z  INFO herdr::server::headless: client resize client_id=2 cols=199 rows=54 cell_width_px=0 cell_height_px=0
2026-09-03T13:17:25.231287Z  INFO herdr::server::headless: client resize client_id=2 cols=224 rows=52 cell_width_px=0 cell_height_px=0
2026-09-03T13:25:41.390278Z  INFO herdr::logging: checking for updates event="update.check.start" subsystem="update" outcome="started"
2026-09-03T14:11:01.170977Z  INFO herdr::logging: checking for updates event="update.check.start" subsystem="update" outcome="started"
2026-09-03T14:15:17.768228Z  INFO herdr::server::headless: client resize client_id=2 cols=238 rows=55 cell_width_px=0 cell_height_px=0
2026-09-03T14:15:18.616113Z  INFO herdr::server::headless: client resize client_id=2 cols=199 rows=54 cell_width_px=0 cell_height_px=0
2026-09-03T14:15:19.537747Z  INFO herdr::server::headless: client resize client_id=2 cols=224 rows=52 cell_width_px=0 cell_height_px=0
2026-09-03T14:15:21.711858Z  INFO herdr::server::headless: client resize client_id=2 cols=199 rows=54 cell_width_px=0 cell_height_px=0
2026-09-03T14:15:21.811654Z  INFO herdr::server::headless: client resize client_id=2 cols=199 rows=54 cell_width_px=0 cell_height_px=0
2026-09-03T14:15:23.216646Z  INFO herdr::server::headless: client resize client_id=2 cols=224 rows=52 cell_width_px=0 cell_height_px=0
2026-09-03T14:15:51.745664Z  INFO herdr::pane: agent changed pane=11 previous_agent=Some(Codex) agent=None pgid=Some(21062)
2026-09-03T14:27:06.048690Z  INFO herdr::server::headless: client resize client_id=2 cols=238 rows=55 cell_width_px=0 cell_height_px=0
2026-09-03T14:27:06.987487Z  INFO herdr::server::headless: client resize client_id=2 cols=199 rows=54 cell_width_px=0 cell_height_px=0
2026-09-03T14:27:07.846504Z  INFO herdr::server::headless: client resize client_id=2 cols=224 rows=52 cell_width_px=0 cell_height_px=0
2026-09-03T14:27:10.043179Z  INFO herdr::server::headless: client resize client_id=2 cols=199 rows=54 cell_width_px=0 cell_height_px=0
2026-09-03T14:27:11.480080Z  INFO herdr::server::headless: client resize client_id=2 cols=224 rows=52 cell_width_px=0 cell_height_px=0
2026-09-03T14:42:27.084386Z  INFO herdr::server::headless: client resize client_id=2 cols=238 rows=55 cell_width_px=0 cell_height_px=0
2026-09-03T14:42:27.819363Z  INFO herdr::server::headless: client resize client_id=2 cols=199 rows=54 cell_width_px=0 cell_height_px=0
2026-09-03T14:42:27.903734Z  INFO herdr::server::headless: client resize client_id=2 cols=199 rows=54 cell_width_px=0 cell_height_px=0
2026-09-03T14:42:28.798361Z  INFO herdr::server::headless: client resize client_id=2 cols=224 rows=52 cell_width_px=0 cell_height_px=0
2026-09-03T14:42:30.970254Z  INFO herdr::server::headless: client resize client_id=2 cols=199 rows=54 cell_width_px=0 cell_height_px=0
2026-09-03T14:42:32.571205Z  INFO herdr::server::headless: client resize client_id=2 cols=224 rows=52 cell_width_px=0 cell_height_px=0
2026-09-03T14:44:00.431227Z  INFO herdr::server::headless: client resize client_id=2 cols=238 rows=55 cell_width_px=0 cell_height_px=0
2026-09-03T14:44:01.258068Z  INFO herdr::server::headless: client resize client_id=2 cols=199 rows=54 cell_width_px=0 cell_height_px=0
2026-09-03T14:44:02.224848Z  INFO herdr::server::headless: client resize client_id=2 cols=224 rows=52 cell_width_px=0 cell_height_px=0
2026-09-03T14:44:02.603371Z  INFO herdr::server::headless: client resize client_id=2 cols=224 rows=52 cell_width_px=0 cell_height_px=0
2026-09-03T14:44:04.646241Z  INFO herdr::server::headless: client resize client_id=2 cols=238 rows=54 cell_width_px=0 cell_height_px=0
2026-09-03T14:44:04.718707Z  INFO herdr::server::headless: client resize client_id=2 cols=199 rows=54 cell_width_px=0 cell_height_px=0
2026-09-03T14:44:06.186598Z  INFO herdr::server::headless: client resize client_id=2 cols=224 rows=52 cell_width_px=0 cell_height_px=0
2026-09-03T14:45:11.931172Z  INFO herdr::server::headless: client resize client_id=2 cols=199 rows=54 cell_width_px=0 cell_height_px=0
2026-09-03T14:45:13.453810Z  INFO herdr::server::headless: client resize client_id=2 cols=224 rows=52 cell_width_px=0 cell_height_px=0
2026-09-03T14:45:36.686875Z  INFO herdr::logging: checking for updates event="update.check.start" subsystem="update" outcome="started"
2026-09-03T15:26:12.563097Z  INFO herdr::logging: checking for updates event="update.check.start" subsystem="update" outcome="started"
2026-09-03T15:56:12.637828Z  INFO herdr::logging: checking for updates event="update.check.start" subsystem="update" outcome="started"
2026-09-03T16:50:50.739978Z  INFO herdr::logging: checking for updates event="update.check.start" subsystem="update" outcome="started"
2026-09-03T17:20:50.706558Z  INFO herdr::logging: checking for updates event="update.check.start" subsystem="update" outcome="started"
2026-09-03T18:31:53.921082Z  INFO herdr::logging: checking for updates event="update.check.start" subsystem="update" outcome="started"
2026-09-03T19:01:53.982000Z  INFO herdr::logging: checking for updates event="update.check.start" subsystem="update" outcome="started"
2026-09-03T20:40:24.487602Z  INFO herdr::logging: checking for updates event="update.check.start" subsystem="update" outcome="started"
2026-09-03T21:10:24.478988Z  INFO herdr::logging: checking for updates event="update.check.start" subsystem="update" outcome="started"
2026-09-03T22:52:02.317393Z  INFO herdr::logging: checking for updates event="update.check.start" subsystem="update" outcome="started"
2026-09-03T23:42:27.185773Z  INFO herdr::logging: checking for updates event="update.check.start" subsystem="update" outcome="started"
2026-09-04T00:12:27.161454Z  INFO herdr::logging: checking for updates event="update.check.start" subsystem="update" outcome="started"
2026-09-04T00:47:41.646714Z  INFO herdr::logging: checking for updates event="update.check.start" subsystem="update" outcome="started"
2026-09-04T01:00:39.126445Z  INFO herdr::server::headless: client resize client_id=2 cols=238 rows=55 cell_width_px=0 cell_height_px=0
2026-09-04T01:00:39.825063Z  INFO herdr::server::headless: client resize client_id=2 cols=199 rows=54 cell_width_px=0 cell_height_px=0
2026-09-04T01:00:40.754872Z  INFO herdr::server::headless: client resize client_id=2 cols=224 rows=52 cell_width_px=0 cell_height_px=0
2026-09-04T01:00:41.204844Z  INFO herdr::server::headless: client resize client_id=2 cols=224 rows=52 cell_width_px=0 cell_height_px=0
2026-09-04T01:00:43.180908Z  INFO herdr::server::headless: client resize client_id=2 cols=199 rows=54 cell_width_px=0 cell_height_px=0
2026-09-04T01:00:44.563144Z  INFO herdr::server::headless: client resize client_id=2 cols=224 rows=52 cell_width_px=0 cell_height_px=0
2026-09-04T01:00:44.690800Z  INFO herdr::server::headless: client resize client_id=2 cols=224 rows=52 cell_width_px=0 cell_height_px=0
2026-09-04T01:17:41.560327Z  INFO herdr::logging: checking for updates event="update.check.start" subsystem="update" outcome="started"
2026-09-04T01:21:30.130838Z  INFO herdr::pane: agent changed pane=11 previous_agent=None agent=Some(Codex) process=codex pgid=Some(12240)
2026-09-04T01:22:53.095652Z  INFO herdr::server::headless: client resize client_id=2 cols=111 rows=52 cell_width_px=0 cell_height_px=0
2026-09-04T01:23:18.469671Z  INFO herdr::server::headless: client resize client_id=2 cols=224 rows=52 cell_width_px=0 cell_height_px=0
2026-09-04T01:44:03.274567Z  INFO herdr::logging: tab focused event="tab.focus" subsystem="tab" outcome="ok" workspace_id="w8" tab_id="w8:t1"
2026-09-04T01:44:08.283225Z  INFO herdr::logging: session saved event="persist.save" subsystem="persist" outcome="ok" path=/Users/wqin/.config/herdr/session.json workspaces=5
2026-09-04T01:47:41.551315Z  INFO herdr::logging: checking for updates event="update.check.start" subsystem="update" outcome="started"
2026-09-04T01:50:12.783197Z  INFO herdr::logging: tab focused event="tab.focus" subsystem="tab" outcome="ok" workspace_id="w8" tab_id="w8:t1"
2026-09-04T01:50:17.791239Z  INFO herdr::logging: session saved event="persist.save" subsystem="persist" outcome="ok" path=/Users/wqin/.config/herdr/session.json workspaces=5
2026-09-04T01:51:51.307987Z  INFO herdr::logging: tab focused event="tab.focus" subsystem="tab" outcome="ok" workspace_id="w8" tab_id="w8:t1"
2026-09-04T01:51:53.254405Z  INFO herdr::pane: agent changed pane=12 previous_agent=None agent=Some(Codex) process=codex pgid=Some(51543)
2026-09-04T01:51:56.314229Z  INFO herdr::logging: session saved event="persist.save" subsystem="persist" outcome="ok" path=/Users/wqin/.config/herdr/session.json workspaces=5
2026-09-04T01:51:59.594657Z  INFO herdr::pane: agent changed pane=12 previous_agent=Some(Codex) agent=None pgid=Some(22069)
2026-09-04T01:52:42.363498Z  INFO herdr::logging: tab focused event="tab.focus" subsystem="tab" outcome="ok" workspace_id="w8" tab_id="w8:t1"
2026-09-04T01:52:47.372784Z  INFO herdr::logging: session saved event="persist.save" subsystem="persist" outcome="ok" path=/Users/wqin/.config/herdr/session.json workspaces=5
2026-09-04T01:52:53.578859Z  INFO herdr::server::headless: client resize client_id=2 cols=111 rows=52 cell_width_px=0 cell_height_px=0
2026-09-04T01:55:51.543154Z  INFO herdr::server::headless: client resize client_id=2 cols=224 rows=52 cell_width_px=0 cell_height_px=0
2026-09-04T02:05:47.197145Z  INFO herdr::app::actions: copied selection to clipboard
2026-09-04T02:15:03.161315Z  INFO herdr::pane: agent changed pane=11 previous_agent=Some(Codex) agent=None pgid=Some(21062)
2026-09-04T02:17:41.665784Z  INFO herdr::logging: checking for updates event="update.check.start" subsystem="update" outcome="started"
2026-09-04T02:34:21.508527Z  INFO herdr::app::actions: copied selection to clipboard
2026-09-04T02:34:29.771282Z  INFO herdr::pane: agent changed pane=11 previous_agent=None agent=Some(Codex) process=codex pgid=Some(434)
2026-09-04T02:43:21.003718Z  INFO herdr::server::headless: client resize client_id=2 cols=111 rows=52 cell_width_px=0 cell_height_px=0
2026-09-04T02:43:35.713665Z  INFO herdr::server::headless: client resize client_id=2 cols=224 rows=52 cell_width_px=0 cell_height_px=0
2026-09-04T02:45:54.343046Z  INFO herdr::server::headless: client resize client_id=2 cols=111 rows=52 cell_width_px=0 cell_height_px=0
2026-09-04T02:47:27.783317Z  INFO herdr::server::headless: client resize client_id=2 cols=224 rows=52 cell_width_px=0 cell_height_px=0
2026-09-04T02:47:41.756333Z  INFO herdr::logging: checking for updates event="update.check.start" subsystem="update" outcome="started"
2026-09-04T03:17:41.723328Z  INFO herdr::logging: checking for updates event="update.check.start" subsystem="update" outcome="started"
2026-09-04T03:36:52.963863Z  INFO herdr::app::actions: copied selection to clipboard
2026-09-04T03:36:55.238949Z  INFO herdr::app::actions: copied selection to clipboard
2026-09-04T03:39:00.441563Z  INFO herdr::app::actions: copied selection to clipboard
2026-09-04T03:47:41.801464Z  INFO herdr::logging: checking for updates event="update.check.start" subsystem="update" outcome="started"
2026-09-04T04:17:41.832386Z  INFO herdr::logging: checking for updates event="update.check.start" subsystem="update" outcome="started"
2026-09-04T04:47:41.878856Z  INFO herdr::logging: checking for updates event="update.check.start" subsystem="update" outcome="started"
2026-09-04T05:17:41.772363Z  INFO herdr::logging: checking for updates event="update.check.start" subsystem="update" outcome="started"
2026-09-04T05:47:41.844497Z  INFO herdr::logging: checking for updates event="update.check.start" subsystem="update" outcome="started"
2026-09-04T06:17:41.864333Z  INFO herdr::logging: checking for updates event="update.check.start" subsystem="update" outcome="started"
2026-09-04T06:40:03.049521Z  INFO herdr::pane: agent changed pane=11 previous_agent=Some(Codex) agent=None pgid=Some(21062)
2026-09-04T06:40:14.611463Z  INFO herdr::pane: agent changed pane=11 previous_agent=None agent=Some(Codex) process=codex pgid=Some(37912)
2026-09-04T06:40:18.235254Z  INFO herdr::pane: agent changed pane=11 previous_agent=Some(Codex) agent=None pgid=Some(21062)
2026-09-04T06:40:20.244028Z  INFO herdr::pane: agent changed pane=11 previous_agent=None agent=Some(Codex) process=codex pgid=Some(38064)
2026-09-04T06:47:41.840968Z  INFO herdr::logging: checking for updates event="update.check.start" subsystem="update" outcome="started"
2026-09-04T07:05:19.567122Z  INFO herdr::app::actions: copied selection to clipboard
2026-09-04T07:17:41.912255Z  INFO herdr::logging: checking for updates event="update.check.start" subsystem="update" outcome="started"
2026-09-04T07:38:56.509867Z  INFO herdr::app::actions: copied selection to clipboard
2026-09-04T07:39:26.844124Z  INFO herdr::app::actions: copied selection to clipboard
2026-09-04T07:45:45.463260Z  INFO herdr::app::actions: copied selection to clipboard
2026-09-04T07:47:41.971261Z  INFO herdr::logging: checking for updates event="update.check.start" subsystem="update" outcome="started"
2026-09-04T08:11:12.019904Z  INFO herdr::app::actions: copied selection to clipboard
2026-09-04T08:15:48.308144Z  INFO herdr::app::actions: copied selection to clipboard
2026-09-04T08:17:41.938391Z  INFO herdr::logging: checking for updates event="update.check.start" subsystem="update" outcome="started"
2026-09-04T08:46:17.479143Z  INFO herdr::server::headless: client resize client_id=2 cols=111 rows=52 cell_width_px=0 cell_height_px=0
2026-09-04T08:46:36.023775Z  INFO herdr::server::headless: client resize client_id=2 cols=224 rows=52 cell_width_px=0 cell_height_px=0
2026-09-04T08:47:06.499747Z  INFO herdr::app::actions: copied selection to clipboard
2026-09-04T08:47:23.116121Z  INFO herdr::app::actions: copied selection to clipboard
2026-09-04T08:47:31.516710Z  INFO herdr::app::actions: copied selection to clipboard
2026-09-04T08:47:41.990950Z  INFO herdr::logging: checking for updates event="update.check.start" subsystem="update" outcome="started"
2026-09-04T08:47:43.856141Z  INFO herdr::app::actions: copied selection to clipboard
2026-09-04T08:48:19.514642Z  INFO herdr::app::actions: copied selection to clipboard
2026-09-04T08:49:39.021791Z  INFO herdr::app::actions: copied selection to clipboard
2026-09-04T08:50:19.445975Z  INFO herdr::app::actions: copied selection to clipboard
2026-09-04T08:51:16.232874Z  INFO herdr::app::actions: copied selection to clipboard
2026-09-04T08:51:42.374705Z  INFO herdr::server::headless: client resize client_id=2 cols=111 rows=52 cell_width_px=0 cell_height_px=0
2026-09-04T08:51:55.306738Z  INFO herdr::server::headless: client resize client_id=2 cols=224 rows=52 cell_width_px=0 cell_height_px=0
2026-09-04T08:52:43.773939Z  INFO herdr::app::actions: copied selection to clipboard
2026-09-04T09:10:06.075909Z  INFO herdr::pane: agent changed pane=11 previous_agent=Some(Codex) agent=None pgid=Some(21062)
2026-09-04T09:10:11.605911Z  INFO herdr::pane: agent changed pane=11 previous_agent=None agent=Some(Codex) process=codex pgid=Some(25681)
2026-09-04T09:12:33.479306Z  INFO herdr::logging: tab focused event="tab.focus" subsystem="tab" outcome="ok" workspace_id="w8" tab_id="w8:t1"
2026-09-04T09:12:38.491759Z  INFO herdr::logging: session saved event="persist.save" subsystem="persist" outcome="ok" path=/Users/wqin/.config/herdr/session.json workspaces=5
2026-09-04T09:13:09.639112Z  INFO herdr::logging: tab focused event="tab.focus" subsystem="tab" outcome="ok" workspace_id="w8" tab_id="w8:t1"
2026-09-04T09:13:14.649416Z  INFO herdr::logging: session saved event="persist.save" subsystem="persist" outcome="ok" path=/Users/wqin/.config/herdr/session.json workspaces=5
2026-09-04T09:17:41.957806Z  INFO herdr::logging: checking for updates event="update.check.start" subsystem="update" outcome="started"
2026-09-04T09:47:41.995486Z  INFO herdr::logging: checking for updates event="update.check.start" subsystem="update" outcome="started"
2026-09-04T10:14:28.106052Z  INFO herdr::server::headless: client resize client_id=2 cols=111 rows=52 cell_width_px=0 cell_height_px=0
2026-09-04T10:14:37.613333Z  INFO herdr::server::headless: client resize client_id=2 cols=224 rows=52 cell_width_px=0 cell_height_px=0
2026-09-04T10:17:41.941752Z  INFO herdr::logging: checking for updates event="update.check.start" subsystem="update" outcome="started"
2026-09-04T10:47:41.971636Z  INFO herdr::logging: checking for updates event="update.check.start" subsystem="update" outcome="started"
2026-09-04T11:17:42.019211Z  INFO herdr::logging: checking for updates event="update.check.start" subsystem="update" outcome="started"
2026-09-04T11:47:42.074928Z  INFO herdr::logging: checking for updates event="update.check.start" subsystem="update" outcome="started"
2026-09-04T12:17:42.124198Z  INFO herdr::logging: checking for updates event="update.check.start" subsystem="update" outcome="started"
2026-09-04T12:47:42.152111Z  INFO herdr::logging: checking for updates event="update.check.start" subsystem="update" outcome="started"
2026-09-04T12:50:24.434857Z  INFO herdr::app::actions: copied double-clicked token to clipboard
2026-09-04T13:17:42.139008Z  INFO herdr::logging: checking for updates event="update.check.start" subsystem="update" outcome="started"
2026-09-04T13:25:34.213742Z  INFO herdr::server::headless: client resize client_id=2 cols=238 rows=54 cell_width_px=0 cell_height_px=0
2026-09-04T13:25:35.130997Z  INFO herdr::server::headless: client resize client_id=2 cols=199 rows=54 cell_width_px=0 cell_height_px=0
2026-09-04T13:25:35.305937Z  INFO herdr::server::headless: client resize client_id=2 cols=199 rows=54 cell_width_px=0 cell_height_px=0
2026-09-04T13:25:35.948700Z  INFO herdr::server::headless: client resize client_id=2 cols=224 rows=52 cell_width_px=0 cell_height_px=0
2026-09-04T13:25:36.058976Z  INFO herdr::server::headless: client resize client_id=2 cols=224 rows=52 cell_width_px=0 cell_height_px=0
2026-09-04T13:25:38.227726Z  INFO herdr::server::headless: client resize client_id=2 cols=238 rows=54 cell_width_px=0 cell_height_px=0
2026-09-04T13:25:38.331777Z  INFO herdr::server::headless: client resize client_id=2 cols=199 rows=54 cell_width_px=0 cell_height_px=0
2026-09-04T13:25:39.781011Z  INFO herdr::server::headless: client resize client_id=2 cols=224 rows=52 cell_width_px=0 cell_height_px=0
2026-09-04T13:27:52.847602Z  INFO herdr::server::headless: client resize client_id=2 cols=238 rows=55 cell_width_px=0 cell_height_px=0
2026-09-04T13:27:53.796657Z  INFO herdr::server::headless: client resize client_id=2 cols=199 rows=54 cell_width_px=0 cell_height_px=0
2026-09-04T13:27:53.900828Z  INFO herdr::server::headless: client resize client_id=2 cols=199 rows=54 cell_width_px=0 cell_height_px=0
2026-09-04T13:27:54.661721Z  INFO herdr::server::headless: client resize client_id=2 cols=224 rows=52 cell_width_px=0 cell_height_px=0
2026-09-04T13:27:54.754085Z  INFO herdr::server::headless: client resize client_id=2 cols=224 rows=52 cell_width_px=0 cell_height_px=0
2026-09-04T13:27:56.958473Z  INFO herdr::server::headless: client resize client_id=2 cols=199 rows=54 cell_width_px=0 cell_height_px=0
2026-09-04T13:27:57.042632Z  INFO herdr::server::headless: client resize client_id=2 cols=199 rows=54 cell_width_px=0 cell_height_px=0
2026-09-04T13:27:58.470553Z  INFO herdr::server::headless: client resize client_id=2 cols=224 rows=52 cell_width_px=0 cell_height_px=0
2026-09-04T13:49:27.564447Z  INFO herdr::logging: checking for updates event="update.check.start" subsystem="update" outcome="started"
2026-09-04T14:19:27.608823Z  INFO herdr::logging: checking for updates event="update.check.start" subsystem="update" outcome="started"
2026-09-04T14:49:27.633109Z  INFO herdr::logging: checking for updates event="update.check.start" subsystem="update" outcome="started"
2026-09-04T15:19:27.590201Z  INFO herdr::logging: checking for updates event="update.check.start" subsystem="update" outcome="started"
2026-09-04T15:49:27.614247Z  INFO herdr::logging: checking for updates event="update.check.start" subsystem="update" outcome="started"
2026-09-04T16:43:59.689991Z  INFO herdr::logging: checking for updates event="update.check.start" subsystem="update" outcome="started"
2026-09-04T17:24:47.853784Z  INFO herdr::logging: checking for updates event="update.check.start" subsystem="update" outcome="started"
2026-09-04T17:54:47.894050Z  INFO herdr::logging: checking for updates event="update.check.start" subsystem="update" outcome="started"
2026-09-04T19:24:39.639356Z  INFO herdr::logging: checking for updates event="update.check.start" subsystem="update" outcome="started"
2026-09-04T19:54:39.631912Z  INFO herdr::logging: checking for updates event="update.check.start" subsystem="update" outcome="started"
2026-09-04T21:13:55.336484Z  INFO herdr::logging: checking for updates event="update.check.start" subsystem="update" outcome="started"
2026-09-04T21:43:55.334845Z  INFO herdr::logging: checking for updates event="update.check.start" subsystem="update" outcome="started"
2026-09-05T00:00:27.348424Z  INFO herdr::logging: checking for updates event="update.check.start" subsystem="update" outcome="started"
2026-09-05T00:57:28.070216Z  INFO herdr::server::headless: client resize client_id=2 cols=238 rows=55 cell_width_px=0 cell_height_px=0
2026-09-05T00:57:28.851162Z  INFO herdr::server::headless: client resize client_id=2 cols=199 rows=54 cell_width_px=0 cell_height_px=0
2026-09-05T00:57:29.722588Z  INFO herdr::server::headless: client resize client_id=2 cols=224 rows=52 cell_width_px=0 cell_height_px=0
2026-09-05T00:57:29.735687Z  INFO herdr::server::headless: client resize client_id=2 cols=224 rows=52 cell_width_px=0 cell_height_px=0
2026-09-05T00:57:31.963821Z  INFO herdr::server::headless: client resize client_id=2 cols=199 rows=54 cell_width_px=0 cell_height_px=0
2026-09-05T00:57:33.508201Z  INFO herdr::server::headless: client resize client_id=2 cols=224 rows=52 cell_width_px=0 cell_height_px=0
2026-09-05T00:59:30.331229Z  INFO herdr::logging: checking for updates event="update.check.start" subsystem="update" outcome="started"
2026-09-05T01:01:19.066374Z  INFO herdr::pane: agent changed pane=11 previous_agent=Some(Codex) agent=None pgid=Some(21062)
2026-09-05T01:01:21.364872Z  INFO herdr::logging: workspace focused event="workspace.focus" subsystem="workspace" outcome="ok" workspace_id="w4"
2026-09-05T01:01:21.364958Z  INFO herdr::logging: tab focused event="tab.focus" subsystem="tab" outcome="ok" workspace_id="w4" tab_id="w4:t1"
2026-09-05T01:01:22.668192Z  INFO herdr::logging: workspace focused event="workspace.focus" subsystem="workspace" outcome="ok" workspace_id="w5"
2026-09-05T01:01:22.668368Z  INFO herdr::logging: tab focused event="tab.focus" subsystem="tab" outcome="ok" workspace_id="w5" tab_id="w5:t1"
2026-09-05T01:01:24.139820Z  INFO herdr::logging: workspace focused event="workspace.focus" subsystem="workspace" outcome="ok" workspace_id="w7"
2026-09-05T01:01:24.140001Z  INFO herdr::logging: tab focused event="tab.focus" subsystem="tab" outcome="ok" workspace_id="w7" tab_id="w7:t1"
2026-09-05T01:01:24.627004Z  INFO herdr::logging: workspace focused event="workspace.focus" subsystem="workspace" outcome="ok" workspace_id="w8"
2026-09-05T01:01:24.627174Z  INFO herdr::logging: tab focused event="tab.focus" subsystem="tab" outcome="ok" workspace_id="w8" tab_id="w8:t1"
2026-09-05T01:01:25.423476Z  INFO herdr::logging: workspace focused event="workspace.focus" subsystem="workspace" outcome="ok" workspace_id="w6"
2026-09-05T01:01:25.423642Z  INFO herdr::logging: tab focused event="tab.focus" subsystem="tab" outcome="ok" workspace_id="w6" tab_id="w6:t1"
2026-09-05T01:01:25.783244Z  INFO herdr::logging: workspace focused event="workspace.focus" subsystem="workspace" outcome="ok" workspace_id="w7"
2026-09-05T01:01:25.783424Z  INFO herdr::logging: tab focused event="tab.focus" subsystem="tab" outcome="ok" workspace_id="w7" tab_id="w7:t1"
2026-09-05T01:01:27.426861Z  INFO herdr::logging: workspace focused event="workspace.focus" subsystem="workspace" outcome="ok" workspace_id="w8"
2026-09-05T01:01:27.427043Z  INFO herdr::logging: tab focused event="tab.focus" subsystem="tab" outcome="ok" workspace_id="w8" tab_id="w8:t1"
2026-09-05T01:01:32.437187Z  INFO herdr::logging: session saved event="persist.save" subsystem="persist" outcome="ok" path=/Users/wqin/.config/herdr/session.json workspaces=5
2026-09-05T01:01:34.639954Z  INFO herdr::pane: agent changed pane=11 previous_agent=None agent=Some(Codex) process=codex pgid=Some(55078)
2026-09-05T01:02:52.285187Z  INFO herdr::app::actions: copied selection to clipboard
2026-09-05T01:02:56.755452Z  INFO herdr::pane: agent changed pane=11 previous_agent=Some(Codex) agent=None pgid=Some(21062)
2026-09-05T01:03:05.806056Z  INFO herdr::pane: agent changed pane=11 previous_agent=None agent=Some(Codex) process=codex pgid=Some(57357)
2026-09-05T01:25:05.571838Z  INFO herdr::logging: tab focused event="tab.focus" subsystem="tab" outcome="ok" workspace_id="w8" tab_id="w8:t1"
2026-09-05T01:25:10.582867Z  INFO herdr::logging: session saved event="persist.save" subsystem="persist" outcome="ok" path=/Users/wqin/.config/herdr/session.json workspaces=5
2026-09-05T01:25:37.094605Z  INFO herdr::logging: tab focused event="tab.focus" subsystem="tab" outcome="ok" workspace_id="w8" tab_id="w8:t1"
2026-09-05T01:25:42.098873Z  INFO herdr::logging: session saved event="persist.save" subsystem="persist" outcome="ok" path=/Users/wqin/.config/herdr/session.json workspaces=5
2026-09-05T01:29:30.383527Z  INFO herdr::logging: checking for updates event="update.check.start" subsystem="update" outcome="started"
2026-09-05T01:59:30.394146Z  INFO herdr::logging: checking for updates event="update.check.start" subsystem="update" outcome="started"
2026-09-05T02:03:52.112422Z  INFO herdr::app::actions: copied selection to clipboard
2026-09-05T02:04:47.184322Z  INFO herdr::app::actions: copied selection to clipboard
2026-09-05T02:07:17.806592Z  INFO herdr::logging: tab focused event="tab.focus" subsystem="tab" outcome="ok" workspace_id="w8" tab_id="w8:t1"
2026-09-05T02:07:20.424865Z  INFO herdr::logging: tab focused event="tab.focus" subsystem="tab" outcome="ok" workspace_id="w8" tab_id="w8:t1"
2026-09-05T02:07:25.430120Z  INFO herdr::logging: session saved event="persist.save" subsystem="persist" outcome="ok" path=/Users/wqin/.config/herdr/session.json workspaces=5
2026-09-05T02:07:33.792345Z  INFO herdr::logging: tab focused event="tab.focus" subsystem="tab" outcome="ok" workspace_id="w8" tab_id="w8:t1"
2026-09-05T02:07:36.187710Z  INFO herdr::logging: tab focused event="tab.focus" subsystem="tab" outcome="ok" workspace_id="w8" tab_id="w8:t1"
2026-09-05T02:07:39.856170Z  INFO herdr::logging: tab focused event="tab.focus" subsystem="tab" outcome="ok" workspace_id="w8" tab_id="w8:t1"
2026-09-05T02:07:44.865832Z  INFO herdr::logging: session saved event="persist.save" subsystem="persist" outcome="ok" path=/Users/wqin/.config/herdr/session.json workspaces=5
2026-09-05T02:07:56.032838Z  INFO herdr::logging: tab focused event="tab.focus" subsystem="tab" outcome="ok" workspace_id="w8" tab_id="w8:t1"
2026-09-05T02:08:01.038560Z  INFO herdr::logging: session saved event="persist.save" subsystem="persist" outcome="ok" path=/Users/wqin/.config/herdr/session.json workspaces=5
2026-09-05T02:08:03.163158Z  INFO herdr::app::actions: copied selection to clipboard
2026-09-05T02:29:30.460149Z  INFO herdr::logging: checking for updates event="update.check.start" subsystem="update" outcome="started"
2026-09-05T02:56:20.708465Z  INFO herdr::logging: tab focused event="tab.focus" subsystem="tab" outcome="ok" workspace_id="w8" tab_id="w8:t1"
2026-09-05T02:56:25.720470Z  INFO herdr::logging: session saved event="persist.save" subsystem="persist" outcome="ok" path=/Users/wqin/.config/herdr/session.json workspaces=5
2026-09-05T02:58:30.542674Z  INFO herdr::logging: tab focused event="tab.focus" subsystem="tab" outcome="ok" workspace_id="w8" tab_id="w8:t1"
2026-09-05T02:58:35.550749Z  INFO herdr::logging: session saved event="persist.save" subsystem="persist" outcome="ok" path=/Users/wqin/.config/herdr/session.json workspaces=5
2026-09-05T02:58:37.226061Z  INFO herdr::pane: agent changed pane=11 previous_agent=Some(Codex) agent=None pgid=Some(21062)
2026-09-05T02:58:37.911130Z  INFO herdr::logging: workspace focused event="workspace.focus" subsystem="workspace" outcome="ok" workspace_id="w5"
2026-09-05T02:58:37.911195Z  INFO herdr::logging: tab focused event="tab.focus" subsystem="tab" outcome="ok" workspace_id="w5" tab_id="w5:t1"
2026-09-05T02:58:40.966387Z  INFO herdr::pane: agent changed pane=4 previous_agent=None agent=Some(Codex) process=codex pgid=Some(1887)
2026-09-05T02:58:42.915121Z  INFO herdr::logging: session saved event="persist.save" subsystem="persist" outcome="ok" path=/Users/wqin/.config/herdr/session.json workspaces=5
2026-09-05T02:59:30.495974Z  INFO herdr::logging: checking for updates event="update.check.start" subsystem="update" outcome="started"
2026-09-05T03:09:00.791008Z  INFO herdr::app::actions: copied selection to clipboard
2026-09-05T03:19:42.576902Z  INFO herdr::app::actions: copied selection to clipboard
2026-09-05T03:29:30.440392Z  INFO herdr::logging: checking for updates event="update.check.start" subsystem="update" outcome="started"
2026-09-05T03:39:54.643804Z  INFO herdr::app::actions: copied selection to clipboard
2026-09-05T03:45:08.513742Z  INFO herdr::app::actions: copied selection to clipboard
2026-09-05T03:56:05.218103Z  INFO herdr::app::actions: copied selection to clipboard
2026-09-05T03:59:30.392979Z  INFO herdr::logging: checking for updates event="update.check.start" subsystem="update" outcome="started"
2026-09-05T04:29:30.387355Z  INFO herdr::logging: checking for updates event="update.check.start" subsystem="update" outcome="started"
2026-09-05T04:59:30.433414Z  INFO herdr::logging: checking for updates event="update.check.start" subsystem="update" outcome="started"
2026-09-05T05:29:30.365702Z  INFO herdr::logging: checking for updates event="update.check.start" subsystem="update" outcome="started"
2026-09-05T05:29:41.920967Z  INFO herdr::server::headless: client resize client_id=2 cols=199 rows=54 cell_width_px=0 cell_height_px=0
2026-09-05T05:29:43.037916Z  INFO herdr::server::headless: client resize client_id=2 cols=224 rows=52 cell_width_px=0 cell_height_px=0
2026-09-05T05:59:30.391446Z  INFO herdr::logging: checking for updates event="update.check.start" subsystem="update" outcome="started"
2026-09-05T06:09:02.354879Z  INFO herdr::server::headless: client resize client_id=2 cols=238 rows=55 cell_width_px=0 cell_height_px=0
2026-09-05T06:09:03.262834Z  INFO herdr::server::headless: client resize client_id=2 cols=199 rows=54 cell_width_px=0 cell_height_px=0
2026-09-05T06:09:04.094604Z  INFO herdr::server::headless: client resize client_id=2 cols=224 rows=52 cell_width_px=0 cell_height_px=0
2026-09-05T06:09:04.121616Z  INFO herdr::server::headless: client resize client_id=2 cols=224 rows=52 cell_width_px=0 cell_height_px=0
2026-09-05T06:09:06.378337Z  INFO herdr::server::headless: client resize client_id=2 cols=238 rows=54 cell_width_px=0 cell_height_px=0
2026-09-05T06:09:06.450754Z  INFO herdr::server::headless: client resize client_id=2 cols=199 rows=54 cell_width_px=0 cell_height_px=0
2026-09-05T06:09:07.840937Z  INFO herdr::server::headless: client resize client_id=2 cols=224 rows=52 cell_width_px=0 cell_height_px=0
2026-09-05T06:30:20.874962Z  INFO herdr::logging: tab focused event="tab.focus" subsystem="tab" outcome="ok" workspace_id="w5" tab_id="w5:t1"
2026-09-05T06:30:25.886071Z  INFO herdr::logging: session saved event="persist.save" subsystem="persist" outcome="ok" path=/Users/wqin/.config/herdr/session.json workspaces=5
2026-09-05T06:30:47.766210Z  INFO herdr::app::actions: copied selection to clipboard
2026-09-05T06:30:49.422608Z  INFO herdr::app::actions: copied selection to clipboard
2026-09-05T06:34:43.052322Z  INFO herdr::logging: checking for updates event="update.check.start" subsystem="update" outcome="started"
2026-09-05T07:04:43.122399Z  INFO herdr::logging: checking for updates event="update.check.start" subsystem="update" outcome="started"
2026-09-05T07:06:08.398189Z  INFO herdr::server::headless: client resize client_id=2 cols=111 rows=52 cell_width_px=0 cell_height_px=0
2026-09-05T07:06:16.422957Z  INFO herdr::server::headless: client resize client_id=2 cols=224 rows=52 cell_width_px=0 cell_height_px=0
2026-09-05T07:12:21.605118Z  INFO herdr::server::headless: client resize client_id=2 cols=110 rows=51 cell_width_px=0 cell_height_px=0
2026-09-05T07:17:00.160117Z  INFO herdr::logging: tab focused event="tab.focus" subsystem="tab" outcome="ok" workspace_id="w5" tab_id="w5:t1"
2026-09-05T07:17:03.656632Z  INFO herdr::pane: agent changed pane=4 previous_agent=Some(Codex) agent=None pgid=Some(67266)
2026-09-05T07:17:05.169578Z  INFO herdr::logging: session saved event="persist.save" subsystem="persist" outcome="ok" path=/Users/wqin/.config/herdr/session.json workspaces=5
2026-09-05T07:17:08.657740Z  INFO herdr::server::headless: client detached client_id=2
2026-09-05T07:17:08.661803Z  INFO herdr::server::headless: client disconnected client_id=2
2026-09-05T07:17:19.000611Z  INFO herdr::server::headless: server shutdown initiated
2026-09-05T07:17:19.055760Z  INFO herdr::server::headless: completing server shutdown
2026-09-05T07:17:19.569224Z  INFO herdr::logging: session saved event="persist.save" subsystem="persist" outcome="ok" path=/Users/wqin/.config/herdr/session.json workspaces=5
2026-09-05T07:17:19.569371Z  INFO herdr::server::headless: headless server exiting
2026-09-05T07:17:20.095840Z  INFO herdr::logging: pane child exited event="pane.exit" subsystem="pane" outcome="completed" pane_id=10 status="ExitStatus { code: 1, signal: Some(\"Killed: 9\") }"
2026-09-05T07:17:20.116644Z  INFO herdr::pane: pane session terminated pane=10 pid=67272 signal=Kill
2026-09-05T07:17:20.620775Z  INFO herdr::logging: pane child exited event="pane.exit" subsystem="pane" outcome="completed" pane_id=9 status="ExitStatus { code: 1, signal: Some(\"Killed: 9\") }"
2026-09-05T07:17:20.642480Z  INFO herdr::pane: pane session terminated pane=9 pid=67271 signal=Kill
2026-09-05T07:17:21.168412Z  INFO herdr::logging: pane child exited event="pane.exit" subsystem="pane" outcome="completed" pane_id=12 status="ExitStatus { code: 1, signal: Some(\"Killed: 9\") }"
2026-09-05T07:17:21.191104Z  INFO herdr::pane: pane session terminated pane=12 pid=22069 signal=Kill
2026-09-05T07:17:21.733587Z  INFO herdr::logging: pane child exited event="pane.exit" subsystem="pane" outcome="completed" pane_id=11 status="ExitStatus { code: 1, signal: Some(\"Killed: 9\") }"
2026-09-05T07:17:21.756268Z  INFO herdr::pane: pane session terminated pane=11 pid=21062 signal=Kill
2026-09-05T08:21:42.175793Z  INFO herdr::platform::macos: raised server file descriptor soft limit previous=256 target=8192
2026-09-05T08:21:42.177240Z  INFO herdr::api::server: api server listening path=/Users/wqin/.config/herdr/herdr.sock
2026-09-05T08:21:42.181445Z  INFO herdr::logging: spawning pane terminal event="pane.spawn.start" subsystem="pane" outcome="started" pane_id=1 rows=24 cols=80 scrollback_limit_bytes=10000000
2026-09-05T08:21:42.186214Z  INFO herdr::logging: pane child spawned event="pane.spawned" subsystem="pane" outcome="ok" pane_id=1 pid=4227
2026-09-05T08:21:42.186754Z  INFO herdr::logging: spawning pane terminal event="pane.spawn.start" subsystem="pane" outcome="started" pane_id=2 rows=24 cols=80 scrollback_limit_bytes=10000000
2026-09-05T08:21:42.188091Z  INFO herdr::logging: pane child spawned event="pane.spawned" subsystem="pane" outcome="ok" pane_id=2 pid=4228
2026-09-05T08:21:42.188263Z  INFO herdr::logging: spawning pane terminal event="pane.spawn.start" subsystem="pane" outcome="started" pane_id=3 rows=24 cols=80 scrollback_limit_bytes=10000000
2026-09-05T08:21:42.189534Z  INFO herdr::logging: pane child spawned event="pane.spawned" subsystem="pane" outcome="ok" pane_id=3 pid=4229
2026-09-05T08:21:42.190022Z  INFO herdr::logging: spawning pane terminal event="pane.spawn.start" subsystem="pane" outcome="started" pane_id=4 rows=24 cols=80 scrollback_limit_bytes=10000000
2026-09-05T08:21:42.192019Z  INFO herdr::logging: pane child spawned event="pane.spawned" subsystem="pane" outcome="ok" pane_id=4 pid=4231
2026-09-05T08:21:42.192237Z  INFO herdr::logging: spawning pane terminal event="pane.spawn.start" subsystem="pane" outcome="started" pane_id=5 rows=24 cols=80 scrollback_limit_bytes=10000000
2026-09-05T08:21:42.193781Z  INFO herdr::logging: pane child spawned event="pane.spawned" subsystem="pane" outcome="ok" pane_id=5 pid=4233
2026-09-05T08:21:42.194005Z  INFO herdr::logging: spawning pane terminal event="pane.spawn.start" subsystem="pane" outcome="started" pane_id=6 rows=24 cols=80 scrollback_limit_bytes=10000000
2026-09-05T08:21:42.196221Z  INFO herdr::logging: pane child spawned event="pane.spawned" subsystem="pane" outcome="ok" pane_id=6 pid=4237
2026-09-05T08:21:42.196569Z  INFO herdr::logging: spawning pane terminal event="pane.spawn.start" subsystem="pane" outcome="started" pane_id=7 rows=24 cols=80 scrollback_limit_bytes=10000000
2026-09-05T08:21:42.198632Z  INFO herdr::logging: pane child spawned event="pane.spawned" subsystem="pane" outcome="ok" pane_id=7 pid=4244
2026-09-05T08:21:42.198820Z  INFO herdr::logging: spawning pane terminal event="pane.spawn.start" subsystem="pane" outcome="started" pane_id=8 rows=24 cols=80 scrollback_limit_bytes=10000000
2026-09-05T08:21:42.200190Z  INFO herdr::logging: pane child spawned event="pane.spawned" subsystem="pane" outcome="ok" pane_id=8 pid=4249
2026-09-05T08:21:42.200495Z  INFO herdr::logging: spawning pane terminal event="pane.spawn.start" subsystem="pane" outcome="started" pane_id=9 rows=24 cols=80 scrollback_limit_bytes=10000000
2026-09-05T08:21:42.203714Z  INFO herdr::logging: pane child spawned event="pane.spawned" subsystem="pane" outcome="ok" pane_id=9 pid=4255
2026-09-05T08:21:42.204243Z  INFO herdr::logging: spawning pane terminal event="pane.spawn.start" subsystem="pane" outcome="started" pane_id=10 rows=24 cols=80 scrollback_limit_bytes=10000000
2026-09-05T08:21:42.207709Z  INFO herdr::logging: pane child spawned event="pane.spawned" subsystem="pane" outcome="ok" pane_id=10 pid=4267
2026-09-05T08:21:42.208042Z  INFO herdr::logging: spawning pane terminal event="pane.spawn.start" subsystem="pane" outcome="started" pane_id=11 rows=24 cols=80 scrollback_limit_bytes=10000000
2026-09-05T08:21:42.210004Z  INFO herdr::logging: pane child spawned event="pane.spawned" subsystem="pane" outcome="ok" pane_id=11 pid=4279
2026-09-05T08:21:42.211350Z  INFO herdr::logging: session restore evaluated event="persist.restore" subsystem="persist" outcome="ok" workspaces=5
2026-09-05T08:21:42.211399Z  INFO herdr::app: using pane scrollback configuration pane_scrollback_limit_bytes=10000000
2026-09-05T08:21:42.243674Z  INFO herdr::logging: checking for updates event="update.check.start" subsystem="update" outcome="started"
2026-09-05T08:21:42.262132Z  INFO herdr::server::headless: restored session already has workspaces; ignoring startup cwd cwd=/Users/wqin
2026-09-05T08:21:42.262330Z  INFO herdr::server::headless: client protocol socket listening path=/Users/wqin/.config/herdr/herdr-client.sock
2026-09-05T08:21:42.262349Z  INFO herdr::server::headless: herdr server started api_socket=/Users/wqin/.config/herdr/herdr.sock client_socket=/Users/wqin/.config/herdr/herdr-client.sock
2026-09-05T08:21:42.265311Z  INFO herdr::logging: herdr starting event="app.startup" subsystem="server" outcome="started" pid=4226
2026-09-05T08:21:42.525633Z  INFO herdr::server::headless: client connected client_id=2 cols=223 rows=53 cell_width_px=0 cell_height_px=0 render_encoding=SemanticFrame
2026-09-05T08:21:44.497675Z  INFO herdr::logging: workspace focused event="workspace.focus" subsystem="workspace" outcome="ok" workspace_id="w7"
2026-09-05T08:21:44.497752Z  INFO herdr::logging: tab focused event="tab.focus" subsystem="tab" outcome="ok" workspace_id="w7" tab_id="w7:t1"
2026-09-05T08:21:46.284288Z  INFO herdr::logging: spawning pane terminal event="pane.spawn.start" subsystem="pane" outcome="started" pane_id=12 rows=52 cols=99 scrollback_limit_bytes=10000000
2026-09-05T08:21:46.289983Z  INFO herdr::logging: pane child spawned event="pane.spawned" subsystem="pane" outcome="ok" pane_id=12 pid=4883
2026-09-05T08:21:46.290615Z  INFO herdr::logging: workspace created event="workspace.create" subsystem="workspace" outcome="ok" workspace_id="w9" pane_id=12
2026-09-05T08:21:46.290655Z  INFO herdr::logging: workspace focused event="workspace.focus" subsystem="workspace" outcome="ok" workspace_id="w9"
2026-09-05T08:21:46.290711Z  INFO herdr::logging: tab focused event="tab.focus" subsystem="tab" outcome="ok" workspace_id="w9" tab_id="w9:t1"
2026-09-05T08:21:51.306294Z  INFO herdr::logging: session saved event="persist.save" subsystem="persist" outcome="ok" path=/Users/wqin/.config/herdr/session.json workspaces=6
2026-09-05T08:23:39.931774Z  INFO herdr::pane: agent changed pane=12 previous_agent=None agent=Some(Codex) process=codex pgid=Some(5090)
2026-09-05T08:29:29.440448Z  INFO herdr::logging: spawning pane terminal event="pane.spawn.start" subsystem="pane" outcome="started" pane_id=13 rows=52 cols=197 scrollback_limit_bytes=10000000
2026-09-05T08:29:29.445438Z  INFO herdr::logging: pane child spawned event="pane.spawned" subsystem="pane" outcome="ok" pane_id=13 pid=5355
2026-09-05T08:29:29.445818Z  INFO herdr::logging: tab focused event="tab.focus" subsystem="tab" outcome="ok" workspace_id="w9" tab_id="w9:t1"
2026-09-05T08:29:31.224696Z  INFO herdr::logging: workspace focused event="workspace.focus" subsystem="workspace" outcome="ok" workspace_id="w7"
2026-09-05T08:29:31.224871Z  INFO herdr::logging: tab focused event="tab.focus" subsystem="tab" outcome="ok" workspace_id="w7" tab_id="w7:t1"
2026-09-05T08:29:31.634884Z  INFO herdr::logging: workspace focused event="workspace.focus" subsystem="workspace" outcome="ok" workspace_id="w6"
2026-09-05T08:29:31.635060Z  INFO herdr::logging: tab focused event="tab.focus" subsystem="tab" outcome="ok" workspace_id="w6" tab_id="w6:t1"
2026-09-05T08:29:31.984802Z  INFO herdr::logging: workspace focused event="workspace.focus" subsystem="workspace" outcome="ok" workspace_id="w8"
2026-09-05T08:29:31.984995Z  INFO herdr::logging: tab focused event="tab.focus" subsystem="tab" outcome="ok" workspace_id="w8" tab_id="w8:t1"
2026-09-05T08:29:32.843423Z  INFO herdr::logging: workspace focused event="workspace.focus" subsystem="workspace" outcome="ok" workspace_id="w4"
2026-09-05T08:29:32.843597Z  INFO herdr::logging: tab focused event="tab.focus" subsystem="tab" outcome="ok" workspace_id="w4" tab_id="w4:t1"
2026-09-05T08:29:33.266441Z  INFO herdr::logging: workspace focused event="workspace.focus" subsystem="workspace" outcome="ok" workspace_id="w5"
2026-09-05T08:29:33.266569Z  INFO herdr::logging: tab focused event="tab.focus" subsystem="tab" outcome="ok" workspace_id="w5" tab_id="w5:t1"
2026-09-05T08:29:33.657536Z  INFO herdr::logging: workspace focused event="workspace.focus" subsystem="workspace" outcome="ok" workspace_id="w8"
2026-09-05T08:29:33.657710Z  INFO herdr::logging: tab focused event="tab.focus" subsystem="tab" outcome="ok" workspace_id="w8" tab_id="w8:t1"
2026-09-05T08:29:34.005714Z  INFO herdr::logging: workspace focused event="workspace.focus" subsystem="workspace" outcome="ok" workspace_id="w7"
2026-09-05T08:29:34.005874Z  INFO herdr::logging: tab focused event="tab.focus" subsystem="tab" outcome="ok" workspace_id="w7" tab_id="w7:t1"
2026-09-05T08:29:34.784500Z  INFO herdr::logging: workspace focused event="workspace.focus" subsystem="workspace" outcome="ok" workspace_id="w6"
2026-09-05T08:29:34.784680Z  INFO herdr::logging: tab focused event="tab.focus" subsystem="tab" outcome="ok" workspace_id="w6" tab_id="w6:t1"
2026-09-05T08:29:35.274691Z  INFO herdr::logging: workspace focused event="workspace.focus" subsystem="workspace" outcome="ok" workspace_id="w8"
2026-09-05T08:29:35.274863Z  INFO herdr::logging: tab focused event="tab.focus" subsystem="tab" outcome="ok" workspace_id="w8" tab_id="w8:t1"
2026-09-05T08:29:35.600207Z  INFO herdr::logging: workspace focused event="workspace.focus" subsystem="workspace" outcome="ok" workspace_id="w5"
2026-09-05T08:29:35.600371Z  INFO herdr::logging: tab focused event="tab.focus" subsystem="tab" outcome="ok" workspace_id="w5" tab_id="w5:t1"
2026-09-05T08:29:40.606119Z  INFO herdr::logging: session saved event="persist.save" subsystem="persist" outcome="ok" path=/Users/wqin/.config/herdr/session.json workspaces=6
2026-09-05T08:30:18.552401Z  INFO herdr::logging: workspace focused event="workspace.focus" subsystem="workspace" outcome="ok" workspace_id="w9"
2026-09-05T08:30:18.552533Z  INFO herdr::logging: tab focused event="tab.focus" subsystem="tab" outcome="ok" workspace_id="w9" tab_id="w9:t1"
2026-09-05T08:30:23.561787Z  INFO herdr::logging: session saved event="persist.save" subsystem="persist" outcome="ok" path=/Users/wqin/.config/herdr/session.json workspaces=6
2026-09-05T08:31:49.009235Z  INFO herdr::server::headless: client resize client_id=2 cols=110 rows=53 cell_width_px=0 cell_height_px=0
2026-09-05T08:31:49.109968Z  INFO herdr::server::headless: client resize client_id=2 cols=223 rows=53 cell_width_px=0 cell_height_px=0
2026-09-05T08:31:57.108076Z  INFO herdr::server::headless: client resize client_id=2 cols=110 rows=53 cell_width_px=0 cell_height_px=0
2026-09-05T08:32:13.218971Z  INFO herdr::logging: tab focused event="tab.focus" subsystem="tab" outcome="ok" workspace_id="w9" tab_id="w9:t1"
2026-09-05T08:32:18.230672Z  INFO herdr::logging: session saved event="persist.save" subsystem="persist" outcome="ok" path=/Users/wqin/.config/herdr/session.json workspaces=6
2026-09-05T08:32:23.627006Z  INFO herdr::server::headless: client resize client_id=2 cols=235 rows=110 cell_width_px=0 cell_height_px=0
2026-09-05T08:32:23.731967Z  INFO herdr::server::headless: client resize client_id=2 cols=117 rows=55 cell_width_px=0 cell_height_px=0
2026-09-05T08:32:24.148220Z  INFO herdr::server::headless: client resize client_id=2 cols=110 rows=53 cell_width_px=0 cell_height_px=0
2026-09-05T08:32:47.550257Z  INFO herdr::logging: tab focused event="tab.focus" subsystem="tab" outcome="ok" workspace_id="w9" tab_id="w9:t1"
2026-09-05T08:32:50.508844Z  INFO herdr::server::headless: client resize client_id=2 cols=223 rows=53 cell_width_px=0 cell_height_px=0
2026-09-05T08:32:52.560321Z  INFO herdr::logging: session saved event="persist.save" subsystem="persist" outcome="ok" path=/Users/wqin/.config/herdr/session.json workspaces=6
2026-09-05T08:35:24.051332Z  INFO herdr::logging: tab focused event="tab.focus" subsystem="tab" outcome="ok" workspace_id="w9" tab_id="w9:t1"
2026-09-05T08:35:29.072092Z  INFO herdr::logging: session saved event="persist.save" subsystem="persist" outcome="ok" path=/Users/wqin/.config/herdr/session.json workspaces=6
2026-09-05T08:41:14.249031Z  INFO herdr::server::headless: client resize client_id=2 cols=110 rows=53 cell_width_px=0 cell_height_px=0
2026-09-05T08:41:17.379098Z  INFO herdr::server::headless: client resize client_id=2 cols=223 rows=53 cell_width_px=0 cell_height_px=0
2026-09-05T08:42:03.724860Z  INFO herdr::logging: tab focused event="tab.focus" subsystem="tab" outcome="ok" workspace_id="w9" tab_id="w9:t1"
2026-09-05T08:42:08.729546Z  INFO herdr::logging: session saved event="persist.save" subsystem="persist" outcome="ok" path=/Users/wqin/.config/herdr/session.json workspaces=6
2026-09-05T08:42:13.822595Z  INFO herdr::logging: tab focused event="tab.focus" subsystem="tab" outcome="ok" workspace_id="w9" tab_id="w9:t1"
2026-09-05T08:42:18.833854Z  INFO herdr::logging: session saved event="persist.save" subsystem="persist" outcome="ok" path=/Users/wqin/.config/herdr/session.json workspaces=6
2026-09-05T08:48:51.459568Z  INFO herdr::logging: tab focused event="tab.focus" subsystem="tab" outcome="ok" workspace_id="w9" tab_id="w9:t1"
2026-09-05T08:48:56.472136Z  INFO herdr::logging: session saved event="persist.save" subsystem="persist" outcome="ok" path=/Users/wqin/.config/herdr/session.json workspaces=6
2026-09-05T08:50:03.313733Z  INFO herdr::logging: tab focused event="tab.focus" subsystem="tab" outcome="ok" workspace_id="w9" tab_id="w9:t1"
2026-09-05T08:50:08.325260Z  INFO herdr::logging: session saved event="persist.save" subsystem="persist" outcome="ok" path=/Users/wqin/.config/herdr/session.json workspaces=6
2026-09-05T08:51:42.230533Z  INFO herdr::logging: checking for updates event="update.check.start" subsystem="update" outcome="started"
2026-09-05T08:53:00.620299Z  INFO herdr::logging: tab focused event="tab.focus" subsystem="tab" outcome="ok" workspace_id="w9" tab_id="w9:t1"
2026-09-05T08:53:05.632102Z  INFO herdr::logging: session saved event="persist.save" subsystem="persist" outcome="ok" path=/Users/wqin/.config/herdr/session.json workspaces=6
2026-09-05T08:53:31.578538Z  INFO herdr::logging: tab focused event="tab.focus" subsystem="tab" outcome="ok" workspace_id="w9" tab_id="w9:t1"
2026-09-05T08:53:32.355411Z  INFO herdr::logging: tab focused event="tab.focus" subsystem="tab" outcome="ok" workspace_id="w9" tab_id="w9:t1"
2026-09-05T08:53:37.367080Z  INFO herdr::logging: session saved event="persist.save" subsystem="persist" outcome="ok" path=/Users/wqin/.config/herdr/session.json workspaces=6
2026-09-05T08:54:52.492316Z  INFO herdr::logging: tab focused event="tab.focus" subsystem="tab" outcome="ok" workspace_id="w9" tab_id="w9:t1"
2026-09-05T08:54:57.504359Z  INFO herdr::logging: session saved event="persist.save" subsystem="persist" outcome="ok" path=/Users/wqin/.config/herdr/session.json workspaces=6
2026-09-05T09:03:22.048699Z  INFO herdr::logging: tab focused event="tab.focus" subsystem="tab" outcome="ok" workspace_id="w9" tab_id="w9:t1"
2026-09-05T09:03:27.054341Z  INFO herdr::logging: session saved event="persist.save" subsystem="persist" outcome="ok" path=/Users/wqin/.config/herdr/session.json workspaces=6
2026-09-05T09:04:45.836558Z  INFO herdr::logging: tab focused event="tab.focus" subsystem="tab" outcome="ok" workspace_id="w9" tab_id="w9:t1"
2026-09-05T09:04:50.847265Z  INFO herdr::logging: session saved event="persist.save" subsystem="persist" outcome="ok" path=/Users/wqin/.config/herdr/session.json workspaces=6
2026-09-05T09:05:26.922169Z  INFO herdr::logging: tab focused event="tab.focus" subsystem="tab" outcome="ok" workspace_id="w9" tab_id="w9:t1"
2026-09-05T09:05:31.933310Z  INFO herdr::logging: session saved event="persist.save" subsystem="persist" outcome="ok" path=/Users/wqin/.config/herdr/session.json workspaces=6
2026-09-05T09:05:34.448739Z  INFO herdr::logging: tab focused event="tab.focus" subsystem="tab" outcome="ok" workspace_id="w9" tab_id="w9:t1"
2026-09-05T09:05:39.462529Z  INFO herdr::logging: session saved event="persist.save" subsystem="persist" outcome="ok" path=/Users/wqin/.config/herdr/session.json workspaces=6
2026-09-05T09:12:29.208733Z  INFO herdr::app::actions: copied selection to clipboard
2026-09-05T09:21:42.195924Z  INFO herdr::logging: checking for updates event="update.check.start" subsystem="update" outcome="started"
2026-09-05T09:22:09.643723Z  INFO herdr::server::headless: client resize client_id=2 cols=110 rows=53 cell_width_px=0 cell_height_px=0
2026-09-05T09:22:27.064737Z  INFO herdr::server::headless: client resize client_id=2 cols=223 rows=53 cell_width_px=0 cell_height_px=0
2026-09-05T09:22:31.224539Z  INFO herdr::server::headless: client resize client_id=2 cols=110 rows=53 cell_width_px=0 cell_height_px=0
2026-09-05T09:22:48.219518Z  INFO herdr::server::headless: client resize client_id=2 cols=223 rows=53 cell_width_px=0 cell_height_px=0
2026-09-05T09:29:36.439614Z  INFO herdr::server::headless: client resize client_id=2 cols=110 rows=53 cell_width_px=0 cell_height_px=0
2026-09-05T09:29:44.630182Z  INFO herdr::server::headless: client resize client_id=2 cols=223 rows=53 cell_width_px=0 cell_height_px=0
2026-09-05T09:31:11.979994Z  INFO herdr::server::headless: client resize client_id=2 cols=110 rows=53 cell_width_px=0 cell_height_px=0
2026-09-05T09:31:36.498216Z  INFO herdr::server::headless: client resize client_id=2 cols=223 rows=53 cell_width_px=0 cell_height_px=0
2026-09-05T09:32:54.337618Z  INFO herdr::server::headless: client resize client_id=2 cols=110 rows=53 cell_width_px=0 cell_height_px=0
2026-09-05T09:34:50.113997Z  INFO herdr::server::headless: client resize client_id=2 cols=128 rows=53 cell_width_px=0 cell_height_px=0
2026-09-05T09:36:44.097836Z  INFO herdr::logging: tab focused event="tab.focus" subsystem="tab" outcome="ok" workspace_id="w9" tab_id="w9:t1"
2026-09-05T09:36:49.110035Z  INFO herdr::logging: session saved event="persist.save" subsystem="persist" outcome="ok" path=/Users/wqin/.config/herdr/session.json workspaces=6
2026-09-05T09:38:14.460088Z  INFO herdr::logging: tab focused event="tab.focus" subsystem="tab" outcome="ok" workspace_id="w9" tab_id="w9:t1"
2026-09-05T09:38:19.471522Z  INFO herdr::logging: session saved event="persist.save" subsystem="persist" outcome="ok" path=/Users/wqin/.config/herdr/session.json workspaces=6
2026-09-05T09:38:36.101843Z  INFO herdr::server::headless: client resize client_id=2 cols=223 rows=53 cell_width_px=0 cell_height_px=0
2026-09-05T09:41:17.353590Z  INFO herdr::app::actions: copied selection to clipboard
2026-09-05T09:41:23.989887Z  INFO herdr::server::headless: client resize client_id=2 cols=128 rows=53 cell_width_px=0 cell_height_px=0
2026-09-05T09:41:34.646162Z  INFO herdr::server::headless: client resize client_id=2 cols=223 rows=53 cell_width_px=0 cell_height_px=0
2026-09-05T09:41:38.673677Z  INFO herdr::app::actions: copied selection to clipboard
2026-09-05T09:43:22.457217Z  INFO herdr::server::headless: client resize client_id=2 cols=128 rows=53 cell_width_px=0 cell_height_px=0
2026-09-05T09:43:54.782044Z  INFO herdr::server::headless: client resize client_id=2 cols=144 rows=53 cell_width_px=0 cell_height_px=0
2026-09-05T09:51:42.174404Z  INFO herdr::logging: checking for updates event="update.check.start" subsystem="update" outcome="started"
2026-09-05T10:19:09.314355Z  INFO herdr::logging: tab focused event="tab.focus" subsystem="tab" outcome="ok" workspace_id="w9" tab_id="w9:t1"
2026-09-05T10:19:14.328008Z  INFO herdr::logging: session saved event="persist.save" subsystem="persist" outcome="ok" path=/Users/wqin/.config/herdr/session.json workspaces=6
2026-09-05T10:19:26.740088Z  INFO herdr::logging: tab focused event="tab.focus" subsystem="tab" outcome="ok" workspace_id="w9" tab_id="w9:t1"
2026-09-05T10:19:31.752998Z  INFO herdr::logging: session saved event="persist.save" subsystem="persist" outcome="ok" path=/Users/wqin/.config/herdr/session.json workspaces=6
